{
  "type": "FeatureCollection",
  "generator": "overpass-turbo",
  "copyright": "The data included in this document is from www.openstreetmap.org. The data is made available under ODbL.",
  "timestamp": "2026-05-09T10:43:00Z",
  "features": [
    {
      "type": "Feature",
      "properties": {
        "@id": "relation/1167735",
        "building": "yes",
        "castle_type": "defensive",
        "historic": "castle",
        "historic:civilization": "medieval",
        "name": "Château d'Yverdon",
        "type": "multipolygon",
        "website": "https://chateau.yverdon.ch/",
        "wikidata": "Q683081",
        "wikipedia": "de:Schloss Yverdon",
        "@geometry": "center"
      },
      "geometry": {
        "type": "Point",
        "coordinates": [
          6.6414958,
          46.7782205
        ]
      },
      "id": "relation/1167735"
    },
    {
      "type": "Feature",
      "properties": {
        "@id": "relation/1169711",
        "access": "permit",
        "building": "yes",
        "castle_type": "stately",
        "historic": "castle",
        "historic:civilization": "medieval",
        "name": "Schloss Kyburg",
        "opening_hours": "Mar 31-Oct 31: Tu-Su 10:00-17:30",
        "tourism": "attraction",
        "type": "multipolygon",
        "website": "https://www.schlosskyburg.ch/",
        "wikidata": "Q573643",
        "wikipedia": "de:Schloss Kyburg",
        "@geometry": "center"
      },
      "geometry": {
        "type": "Point",
        "coordinates": [
          8.7433763,
          47.4583345
        ]
      },
      "id": "relation/1169711"
    },
    {
      "type": "Feature",
      "properties": {
        "@id": "relation/1297959",
        "historic": "castle",
        "name": "Château de Morges",
        "phone": "+41 21 316 09 90",
        "type": "building",
        "website": "https://www.chateau-morges.ch/le-chateau/",
        "wikidata": "Q1108722",
        "wikipedia": "en:Morges Castle",
        "@geometry": "center"
      },
      "geometry": {
        "type": "Point",
        "coordinates": [
          6.4967047,
          46.5066945
        ]
      },
      "id": "relation/1297959"
    },
    {
      "type": "Feature",
      "properties": {
        "@id": "relation/1667000",
        "alt_name": "Enceinte du Belluard, FR",
        "building": "yes",
        "castle_type": "fortress",
        "historic": "castle",
        "name": "Le Grand Boulevard – Belluard",
        "source": "orthophoto 2005 Fribourg 50 cm",
        "start_date": "1490",
        "type": "multipolygon",
        "website": "https://www.fribourgregion.ch/fr/fribourg/architecture-et-monuments/le-grand-boulevard-belluard/",
        "@geometry": "center"
      },
      "geometry": {
        "type": "Point",
        "coordinates": [
          7.1560431,
          46.8086054
        ]
      },
      "id": "relation/1667000"
    },
    {
      "type": "Feature",
      "properties": {
        "@id": "relation/1849763",
        "building": "yes",
        "castle_type": "defensive",
        "historic": "castle",
        "historic:civilization": "medieval",
        "name": "Burg/Bourg",
        "name:de": "Burg",
        "name:fr": "Bourg",
        "type": "multipolygon",
        "wikidata": "Q67772728",
        "@geometry": "center"
      },
      "geometry": {
        "type": "Point",
        "coordinates": [
          7.2452429,
          47.1411993
        ]
      },
      "id": "relation/1849763"
    },
    {
      "type": "Feature",
      "properties": {
        "@id": "relation/2788355",
        "addr:housenumber": "125",
        "addr:street": "Hegifeldstrasse",
        "building": "yes",
        "building:roof": "tile",
        "castle_type": "defensive",
        "historic": "castle",
        "name": "Schloss Hegi",
        "type": "multipolygon",
        "website": "https://www.schlosshegi.ch/",
        "wikidata": "Q2241497",
        "wikipedia": "de:Schloss Hegi",
        "@geometry": "center"
      },
      "geometry": {
        "type": "Point",
        "coordinates": [
          8.7714844,
          47.5082532
        ]
      },
      "id": "relation/2788355"
    },
    {
      "type": "Feature",
      "properties": {
        "@id": "relation/2844192",
        "addr:city": "Bex",
        "addr:country": "CH",
        "addr:housenumber": "3",
        "addr:postcode": "1880",
        "addr:street": "Rue du Midi",
        "building": "yes",
        "building:levels": "2",
        "castle_type": "stately",
        "height": "12",
        "height:source": "Modélisation 3D de Bex par Uzufly mandaté par la Commune de Bex – juillet 2023",
        "historic": "castle",
        "name": "Château Feuillet",
        "roof:height": "3.5",
        "roof:levels": "1",
        "roof:material": "tiles",
        "roof:orientation": "along",
        "roof:shape": "hipped",
        "type": "multipolygon",
        "wikidata": "Q29890535",
        "@geometry": "center"
      },
      "geometry": {
        "type": "Point",
        "coordinates": [
          7.0132962,
          46.2502545
        ]
      },
      "id": "relation/2844192"
    },
    {
      "type": "Feature",
      "properties": {
        "@id": "relation/3104323",
        "addr:city": "Champvent",
        "addr:housenumber": "1",
        "addr:postcode": "1443",
        "addr:street": "Grande Charrière",
        "building": "yes",
        "historic": "castle",
        "name": "Château de Champvent",
        "type": "multipolygon",
        "wikidata": "Q2968859",
        "@geometry": "center"
      },
      "geometry": {
        "type": "Point",
        "coordinates": [
          6.5713755,
          46.7789219
        ]
      },
      "id": "relation/3104323"
    },
    {
      "type": "Feature",
      "properties": {
        "@id": "relation/3162697",
        "access": "permissive",
        "addr:city": "Haldenstein",
        "addr:housenumber": "4",
        "addr:postcode": "7023",
        "addr:street": "Schlossweg",
        "building": "yes",
        "castle_type": "stately",
        "historic": "castle",
        "historic:civilization": "medieval",
        "name": "Schloss Haldenstein",
        "note": "Die Räume können von der Stiftung für die Anlässe gemietet werden",
        "type": "multipolygon",
        "website": "https://schlossgarten.ch/",
        "wikidata": "Q1614485",
        "wikipedia": "de:Schloss Haldenstein",
        "@geometry": "center"
      },
      "geometry": {
        "type": "Point",
        "coordinates": [
          9.5270283,
          46.8784069
        ]
      },
      "id": "relation/3162697"
    },
    {
      "type": "Feature",
      "properties": {
        "@id": "relation/3181796",
        "access": "private",
        "addr:city": "Guntalingen",
        "addr:housenumber": "1",
        "addr:place": "Schloss Girsberg",
        "addr:postcode": "8468",
        "building": "yes",
        "building:levels": "3",
        "castle_type": "stately",
        "historic": "castle",
        "name": "Schloss Girsberg",
        "roof:levels": "1",
        "roof:shape": "half-hipped",
        "type": "multipolygon",
        "wikidata": "Q16294536",
        "wikipedia": "de:Schloss Girsberg (Stammheim)",
        "@geometry": "center"
      },
      "geometry": {
        "type": "Point",
        "coordinates": [
          8.7690418,
          47.6433519
        ]
      },
      "id": "relation/3181796"
    },
    {
      "type": "Feature",
      "properties": {
        "@id": "relation/3353201",
        "addr:city": "Ollon",
        "addr:country": "CH",
        "addr:postcode": "1867",
        "alt_name": "Maison Forte de la Roche",
        "building": "yes",
        "historic": "castle",
        "name": "Château de la Roche",
        "source": "Bing 2013",
        "type": "multipolygon",
        "wikidata": "Q29891329",
        "wikipedia": "fr:Château_de_la_Roche_(Ollon)",
        "@geometry": "center"
      },
      "geometry": {
        "type": "Point",
        "coordinates": [
          6.9967524,
          46.2964151
        ]
      },
      "id": "relation/3353201"
    },
    {
      "type": "Feature",
      "properties": {
        "@id": "relation/3600580",
        "alt_name": "Château du Fay de Lavallaz",
        "building": "yes",
        "castle_type": "manor",
        "historic": "castle",
        "image": "http://www.swisscastles.ch/valais/chateau/collombey.html",
        "name": "Manoir de Châtillon-Larringes",
        "type": "multipolygon",
        "wikidata": "Q115657285",
        "wikimedia_commons": "File:ManoirdeLavallaz.JPG",
        "@geometry": "center"
      },
      "geometry": {
        "type": "Point",
        "coordinates": [
          6.9463188,
          46.2671576
        ]
      },
      "id": "relation/3600580"
    },
    {
      "type": "Feature",
      "properties": {
        "@id": "relation/3876182",
        "access": "yes",
        "building": "yes",
        "castle_type": "castrum",
        "historic": "castle",
        "historic:civilization": "ancient_roman",
        "name": "Römerkastell Irgenhausen",
        "ruins": "yes",
        "type": "multipolygon",
        "wheelchair": "no",
        "wikidata": "Q241013",
        "wikipedia": "de:Kleinkastell Irgenhausen",
        "@geometry": "center"
      },
      "geometry": {
        "type": "Point",
        "coordinates": [
          8.7925348,
          47.358238
        ]
      },
      "id": "relation/3876182"
    },
    {
      "type": "Feature",
      "properties": {
        "@id": "relation/3904879",
        "access": "customers",
        "addr:city": "Tarasp",
        "addr:country": "CH",
        "addr:housename": "Burg Tarasp",
        "addr:housenumber": "140",
        "addr:postcode": "7553",
        "addr:street": "Sparsels",
        "building": "yes",
        "castle_type": "defensive",
        "email": "info@schloss-tarasp.ch",
        "historic": "castle",
        "historic:civilization": "medieval",
        "name": "Chastè da Tarasp",
        "name:de": "Schloss Tarasp",
        "name:en": "Tarasp Castle",
        "name:rm": "Chastè da Tarasp",
        "phone": "+41 81 557 17 66",
        "type": "multipolygon",
        "website": "https://notvital.ch/en/fundaziun/schloss-tarasp",
        "wikidata": "Q668250",
        "wikimedia_commons": "Category:Schloss Tarasp",
        "wikipedia": "de:Schloss Tarasp",
        "@geometry": "center"
      },
      "geometry": {
        "type": "Point",
        "coordinates": [
          10.2616079,
          46.7789406
        ]
      },
      "id": "relation/3904879"
    },
    {
      "type": "Feature",
      "properties": {
        "@id": "relation/4436569",
        "access": "private",
        "addr:city": "Elgg",
        "addr:country": "CH",
        "addr:housenumber": "3",
        "addr:postcode": "8353",
        "addr:street": "Schloss",
        "building": "yes",
        "building:colour": "whitesmoke",
        "building:levels": "3",
        "building:material": "plaster",
        "castle_type": "stately",
        "height": "11",
        "historic": "castle",
        "name": "Schloss Elgg",
        "operator": "Otto Werdmüller'sche Familienstiftung",
        "roof:colour": "rosybrown",
        "roof:height": "3",
        "roof:material": "roof_tiles",
        "roof:shape": "hipped",
        "start_date": "1166",
        "type": "multipolygon",
        "wikidata": "Q2240812",
        "wikipedia": "de:Schloss Elgg",
        "@geometry": "center"
      },
      "geometry": {
        "type": "Point",
        "coordinates": [
          8.8658632,
          47.483407
        ]
      },
      "id": "relation/4436569"
    },
    {
      "type": "Feature",
      "properties": {
        "@id": "relation/4759136",
        "castle_type": "defensive",
        "fee": "yes",
        "historic": "castle",
        "historic:civilization": "medieval",
        "name": "Château de Gruyères",
        "name:de": "Schloss Greyerz",
        "name:fr": "Château de Gruyères",
        "type": "multipolygon",
        "wikidata": "Q691966",
        "wikipedia": "de:Schloss Greyerz",
        "@geometry": "center"
      },
      "geometry": {
        "type": "Point",
        "coordinates": [
          7.0840812,
          46.5848012
        ]
      },
      "id": "relation/4759136"
    },
    {
      "type": "Feature",
      "properties": {
        "@id": "way/4812268",
        "access": "yes",
        "barrier": "wall",
        "building": "castle",
        "building:colour": "lightgray",
        "castle_type": "fortress",
        "check_date:opening_hours": "2025-05-01",
        "fee": "no",
        "height": "18",
        "historic": "castle",
        "historic:civilization": "medieval",
        "name": "Munot",
        "name:zh": "米諾要塞",
        "note": "Old Fortress is entroning over the town Schaffhausen",
        "opening_hours": "May-Sep 08:00-20:00; Oct-Apr 09:00-17:00",
        "roof:shape": "flat",
        "source": "bing",
        "toilets:wheelchair": "no",
        "tourism": "attraction",
        "website": "https://www.munot.ch/",
        "wheelchair": "limited",
        "wikidata": "Q680695",
        "wikipedia": "de:Munot",
        "@geometry": "center"
      },
      "geometry": {
        "type": "Point",
        "coordinates": [
          8.6398871,
          47.6968947
        ]
      },
      "id": "way/4812268"
    },
    {
      "type": "Feature",
      "properties": {
        "@id": "relation/6416843",
        "building": "yes",
        "castle_type": "defensive",
        "email": "info@glerolles.ch",
        "fax": "+41 21 946 18 08",
        "historic": "castle",
        "historic:civilization": "medieval",
        "name": "Château de Glérolles",
        "opening_hours": "Tu-Fr 10:00-12:00, 13:30-18:30; Sa 10:00-18:00",
        "operator": "Cave du Château de Glérolles SA",
        "phone": "+41 21 946 25 30",
        "type": "multipolygon",
        "website": "https://www.glerolles.ch/",
        "wikidata": "Q14566740",
        "wikipedia": "fr:Château de Glérolles",
        "@geometry": "center"
      },
      "geometry": {
        "type": "Point",
        "coordinates": [
          6.7869366,
          46.4741853
        ]
      },
      "id": "relation/6416843"
    },
    {
      "type": "Feature",
      "properties": {
        "@id": "relation/6501627",
        "building": "yes",
        "building:condition": "preserved",
        "castle_type": "defensive",
        "email": "info@chillon.ch",
        "historic": "castle",
        "layer": "1",
        "name": "Château de Chillon",
        "name:de": "Schloss Chillon",
        "name:en": "Chillon Castle",
        "name:es": "Castillo de Chillon",
        "name:fr": "Château de Chillon",
        "name:it": "Castello di Chillon",
        "name:language": "fr",
        "name:ru": "Шильонский замок",
        "name:zh": "西庸城堡",
        "opening_hours": "Apr-Sep 09:00-19:00 \"last entry at 18:00\"; Mar 09:30-18:00 \"last entry at 17:00\"; Oct 09:30-18:00 \"last entry at 17:00\"; Nov-Feb 10:00-17:00 \"last entry at 16:00\"; Dec 25, Jan 01 off",
        "phone": "+41 21 966 89 10",
        "type": "multipolygon",
        "website": "https://www.chillon.ch/",
        "wheelchair": "no",
        "wikidata": "Q372647",
        "wikimedia_commons": "Category:Château de Chillon",
        "wikipedia": "en:Chillon Castle",
        "wikipedia:cs": "cs:Chillon",
        "@geometry": "center"
      },
      "geometry": {
        "type": "Point",
        "coordinates": [
          6.9275991,
          46.4142439
        ]
      },
      "id": "relation/6501627"
    },
    {
      "type": "Feature",
      "properties": {
        "@id": "relation/6682526",
        "addr:city": "Brig-Glis",
        "addr:housenumber": "28",
        "addr:postcode": "3900",
        "addr:street": "Alte Simplonstrasse",
        "building": "government",
        "castle_type": "stately",
        "historic": "castle",
        "name": "Stockalperschloss",
        "type": "multipolygon",
        "website": "https://www.brig-simplon.ch/schloss/index.php",
        "wheelchair": "no",
        "wikidata": "Q390656",
        "wikipedia": "de:Stockalperschloss",
        "@geometry": "center"
      },
      "geometry": {
        "type": "Point",
        "coordinates": [
          7.9908375,
          46.3151674
        ]
      },
      "id": "relation/6682526"
    },
    {
      "type": "Feature",
      "properties": {
        "@id": "relation/6748410",
        "alt_name": "Burg Yburg",
        "castle_type": "defensive",
        "check_date:opening_hours": "2021-09-25",
        "ele": "734",
        "historic": "castle",
        "historic:civilization": "medieval",
        "name": "Burg Iberg",
        "opening_hours": "Apr-Oct: 10:00-19:00",
        "type": "multipolygon",
        "wikidata": "Q691869",
        "wikipedia": "de:Burg Iberg",
        "@geometry": "center"
      },
      "geometry": {
        "type": "Point",
        "coordinates": [
          9.0800225,
          47.2974532
        ]
      },
      "id": "relation/6748410"
    },
    {
      "type": "Feature",
      "properties": {
        "@id": "relation/6895149",
        "building": "yes",
        "email": "info@chateaudenyon.ch",
        "height": "15",
        "historic": "castle",
        "name": "Château de Nyon",
        "opening_hours": "Nov-Mar: Tu-Su 14:00-17:00; Apr-Oct Tu-Su 10:00-17:00",
        "phone": "+41 22 316 42 70",
        "toilets:wheelchair": "yes",
        "tourism": "attraction",
        "type": "multipolygon",
        "website": "https://www.chateaudenyon.ch/",
        "wheelchair": "limited",
        "wikidata": "Q1094121",
        "wikipedia": "fr:Château de Nyon",
        "@geometry": "center"
      },
      "geometry": {
        "type": "Point",
        "coordinates": [
          6.2406872,
          46.3820563
        ]
      },
      "id": "relation/6895149"
    },
    {
      "type": "Feature",
      "properties": {
        "@id": "relation/7320794",
        "building": "yes",
        "castle_type": "stately",
        "historic": "castle",
        "name": "Schloss Hagenwil",
        "type": "multipolygon",
        "website": "https://schloss-hagenwil.ch/",
        "wikidata": "Q5638609",
        "wikipedia": "de:Schloss_Hagenwil",
        "@geometry": "center"
      },
      "geometry": {
        "type": "Point",
        "coordinates": [
          9.3052303,
          47.5291362
        ]
      },
      "id": "relation/7320794"
    },
    {
      "type": "Feature",
      "properties": {
        "@id": "relation/8124741",
        "access": "private",
        "addr:city": "Landquart",
        "addr:housenumber": "28",
        "addr:postcode": "7302",
        "addr:street": "Gandastrasse",
        "building": "yes",
        "castle_type": "defensive",
        "description": "1337 Herzog Albrecht v. Österreich, 1462 an Ulrich v. Brandis veräussert, danach wechselnder Besitz. Nach 1600 Verwahrlosung, Trockenlegen der Gräben, um 1635 Erneuerung unter Marschall Ulysses v. Salis. 1905 Umbau. (Quelle: Burgenverein.ch)",
        "historic": "castle",
        "historic:civilization": "medieval",
        "name": "Schloss Marschlins",
        "type": "multipolygon",
        "wheelchair": "no",
        "wikidata": "Q670256",
        "wikipedia": "de:Schloss Marschlins",
        "@geometry": "center"
      },
      "geometry": {
        "type": "Point",
        "coordinates": [
          9.5845328,
          46.9545254
        ]
      },
      "id": "relation/8124741"
    },
    {
      "type": "Feature",
      "properties": {
        "@id": "relation/8463676",
        "access": "permit",
        "addr:city": "Habsburg",
        "addr:country": "CH",
        "addr:housenumber": "30",
        "addr:postcode": "5245",
        "addr:street": "Schlossgasse",
        "alt_name": "Schloss Habsburg",
        "building": "yes",
        "castle_type": "defensive",
        "fee": "no",
        "historic": "castle",
        "name": "Habsburg",
        "name:de": "Habsburg",
        "opening_hours": "2023 Apr 01-Oct 29: Tu-Su 10:00-17:00; Mo off || \"Im Winter zu den Öffnungszeiten des Schlossrestaurants Habsburg geöffnet\"",
        "phone": "+41 848 871 200",
        "type": "multipolygon",
        "website": "https://www.museumaargau.ch/schloss-habsburg",
        "wheelchair": "limited",
        "wikidata": "Q317096",
        "wikipedia": "de:Habsburg (Burg)",
        "@geometry": "center"
      },
      "geometry": {
        "type": "Point",
        "coordinates": [
          8.1806714,
          47.4625581
        ]
      },
      "id": "relation/8463676"
    },
    {
      "type": "Feature",
      "properties": {
        "@id": "relation/9433231",
        "addr:full": "Schlossgasse 6, 3752 Wimmis",
        "building": "yes",
        "castle_type": "defensive",
        "heritage": "2",
        "heritage:operator": "babs",
        "historic": "castle",
        "historic:civilization": "medieval",
        "image": "https://upload.wikimedia.org/wikipedia/commons/thumb/2/2e/Wimmis_Schloss_Kirche-3.jpg/800px-Wimmis_Schloss_Kirche-3.jpg",
        "name": "Schloss Wimmis",
        "note": "KGS-Nr: Nummer des Kulturgutes, zu finden in den KGS-Listen des Bundes und der Kantone. BABS: Bundesamt für Bevölkerungsschutz",
        "ref:kgs": "9925",
        "type": "multipolygon",
        "wikidata": "Q1442357",
        "wikimedia_commons": "Category:Schloss Wimmis",
        "wikipedia": "de:Schloss Wimmis",
        "@geometry": "center"
      },
      "geometry": {
        "type": "Point",
        "coordinates": [
          7.6343939,
          46.6724831
        ]
      },
      "id": "relation/9433231"
    },
    {
      "type": "Feature",
      "properties": {
        "@id": "relation/9441310",
        "access": "private",
        "castle_type": "stately",
        "description:de": "schloss Bipp ist ein Ensemble von Burgruine, Herrenhaus, Gutshof und Stöckli.",
        "heritage": "3",
        "heritage:operator": "babs",
        "historic": "castle",
        "image": "https://upload.wikimedia.org/wikipedia/commons/thumb/2/2d/Schloss_Bipp_193a.jpg/749px-Schloss_Bipp_193a.jpg",
        "name": "Schloss Bipp",
        "note": "KGS-Nr: Nummer des Kulturgutes, zu finden in den KGS-Listen des Bundes und der Kantone. BABS: Bundesamt für Bevölkerungsschutz",
        "ref:kgs": "1132",
        "type": "multipolygon",
        "wikidata": "Q2240300",
        "wikimedia_commons": "Category:Schloss Bipp",
        "wikipedia": "de:Schloss Bipp",
        "@geometry": "center"
      },
      "geometry": {
        "type": "Point",
        "coordinates": [
          7.6516746,
          47.2634565
        ]
      },
      "id": "relation/9441310"
    },
    {
      "type": "Feature",
      "properties": {
        "@id": "relation/9603251",
        "castle_type": "stately",
        "historic": "castle",
        "name": "Schloss Waldegg",
        "type": "site",
        "website": "https://schloss-waldegg.so.ch/",
        "wikidata": "Q2243929",
        "wikipedia": "de:Schloss Waldegg",
        "@geometry": "center"
      },
      "geometry": {
        "type": "Point",
        "coordinates": [
          7.5480367,
          47.2232419
        ]
      },
      "id": "relation/9603251"
    },
    {
      "type": "Feature",
      "properties": {
        "@id": "relation/9623711",
        "access": "yes",
        "building": "yes",
        "castle_type": "defensive",
        "height": "17",
        "historic": "castle",
        "historic:civilization": "medieval",
        "name": "Ruine Weissenau",
        "ruins": "yes",
        "tourism": "attraction",
        "type": "multipolygon",
        "wikidata": "Q2175480",
        "wikipedia": "de:Ruine Weissenau",
        "@geometry": "center"
      },
      "geometry": {
        "type": "Point",
        "coordinates": [
          7.8323118,
          46.6701418
        ]
      },
      "id": "relation/9623711"
    },
    {
      "type": "Feature",
      "properties": {
        "@id": "relation/9966078",
        "castle_type": "defensive",
        "historic": "castle",
        "name": "Château de Romont",
        "type": "site",
        "website": "https://www.fribourgregion.ch/de/P12660/schloss-von-romont",
        "wikidata": "Q7363293",
        "wikipedia": "fr:Château de Romont",
        "@geometry": "center"
      },
      "geometry": {
        "type": "Point",
        "coordinates": [
          6.9176449,
          46.6966364
        ]
      },
      "id": "relation/9966078"
    },
    {
      "type": "Feature",
      "properties": {
        "@id": "relation/10587560",
        "building": "yes",
        "castle_type": "stately",
        "historic": "castle",
        "name": "Château de Monnaz",
        "type": "building",
        "wikidata": "Q104230895",
        "@geometry": "center"
      },
      "geometry": {
        "type": "Point",
        "coordinates": [
          6.4787377,
          46.5307883
        ]
      },
      "id": "relation/10587560"
    },
    {
      "type": "Feature",
      "properties": {
        "@id": "relation/10696460",
        "building": "yes",
        "castle_type": "defensive",
        "historic": "castle",
        "name": "Château des Clées",
        "site": "housing",
        "type": "site",
        "wikidata": "Q2971473",
        "wikipedia": "fr:Château des Clées",
        "@geometry": "center"
      },
      "geometry": {
        "type": "Point",
        "coordinates": [
          6.4626404,
          46.7307297
        ]
      },
      "id": "relation/10696460"
    },
    {
      "type": "Feature",
      "properties": {
        "@id": "relation/10697645",
        "castle_type": "defensive",
        "height": "17",
        "historic": "castle",
        "man_made": "tower",
        "name": "Château de Saint-Martin-du-Chêne",
        "ruins": "castle",
        "tower:construction": "stone",
        "tower:type": "defensive",
        "type": "site",
        "wikidata": "Q2970551",
        "wikipedia": "fr:Château de Saint-Martin-du-Chêne",
        "@geometry": "center"
      },
      "geometry": {
        "type": "Point",
        "coordinates": [
          6.7592901,
          46.7754433
        ]
      },
      "id": "relation/10697645"
    },
    {
      "type": "Feature",
      "properties": {
        "@id": "relation/10697740",
        "addr:city": "Gondo",
        "addr:housename": "Stockalperturm",
        "addr:housenumber": "21",
        "addr:postcode": "3907",
        "addr:street": "Simplonstrasse",
        "building": "hotel",
        "building:levels": "5",
        "castle_type": "defensive",
        "historic": "castle",
        "material": "stone",
        "name": "Stockalperturm",
        "type": "site",
        "wikidata": "Q443634",
        "@geometry": "center"
      },
      "geometry": {
        "type": "Point",
        "coordinates": [
          8.1403324,
          46.1958654
        ]
      },
      "id": "relation/10697740"
    },
    {
      "type": "Feature",
      "properties": {
        "@id": "relation/10699640",
        "castle_type": "stately",
        "historic": "castle",
        "name": "Château de Cossonay",
        "name:de": "Schloss Cossonay",
        "type": "site",
        "wikidata": "Q2969043",
        "@geometry": "center"
      },
      "geometry": {
        "type": "Point",
        "coordinates": [
          6.5097864,
          46.6138513
        ]
      },
      "id": "relation/10699640"
    },
    {
      "type": "Feature",
      "properties": {
        "@id": "relation/10699691",
        "castle_type": "stately",
        "historic": "castle",
        "name": "Château d'Echallens",
        "site": "castle",
        "type": "site",
        "wikidata": "Q2968367",
        "wikipedia": "fr:Château d'Échallens",
        "@geometry": "center"
      },
      "geometry": {
        "type": "Point",
        "coordinates": [
          6.6303843,
          46.6414374
        ]
      },
      "id": "relation/10699691"
    },
    {
      "type": "Feature",
      "properties": {
        "@id": "relation/10993613",
        "castle_type": "defensive",
        "historic": "castle",
        "name": "Château de Blonay",
        "type": "multipolygon",
        "wikidata": "Q684917",
        "wikipedia": "fr:Château de Blonay",
        "@geometry": "center"
      },
      "geometry": {
        "type": "Point",
        "coordinates": [
          6.8900853,
          46.4695552
        ]
      },
      "id": "relation/10993613"
    },
    {
      "type": "Feature",
      "properties": {
        "@id": "relation/11379404",
        "addr:city": "Grandson",
        "addr:country": "CH",
        "addr:housenumber": "14",
        "addr:postcode": "1422",
        "addr:street": "Place du Château",
        "building": "yes",
        "castle_type": "defensive",
        "historic": "castle",
        "historic:civilization": "medieval",
        "name": "Château de Grandson",
        "opening_hours": "Mo-Su 08:00-17:00",
        "phone": "+41 24 445 29 26",
        "type": "multipolygon",
        "website": "https://chateau-grandson.ch/",
        "wikidata": "Q691947",
        "wikimedia_commons": "Category:Château de Grandson",
        "wikipedia": "fr:Château de Grandson",
        "@geometry": "center"
      },
      "geometry": {
        "type": "Point",
        "coordinates": [
          6.6469847,
          46.8096187
        ]
      },
      "id": "relation/11379404"
    },
    {
      "type": "Feature",
      "properties": {
        "@id": "relation/12883372",
        "access": "yes",
        "alt_name": "Schloss Birseck",
        "castle_type": "defensive",
        "historic": "castle",
        "historic:civilization": "medieval",
        "image": "https://upload.wikimedia.org/wikipedia/commons/thumb/3/35/Schloss_Birseck_in_Arlesheim.jpg/960px-Schloss_Birseck_in_Arlesheim.jpg",
        "name": "Burg Birseck",
        "opening_hours": "Eastern-Oct 31: We,Su 14:00-17:00",
        "tourism": "attraction",
        "type": "multipolygon",
        "wikidata": "Q477138",
        "wikimedia_commons": "Category:Burg Birseck",
        "wikipedia:de": "Burg Birseck",
        "@geometry": "center"
      },
      "geometry": {
        "type": "Point",
        "coordinates": [
          7.6286366,
          47.4918557
        ]
      },
      "id": "relation/12883372"
    },
    {
      "type": "Feature",
      "properties": {
        "@id": "relation/13019125",
        "access": "private",
        "addr:city": "Cham",
        "addr:housenumber": "1",
        "addr:place": "Sankt Andreas",
        "addr:postcode": "6330",
        "building": "yes",
        "castle_type": "manor",
        "historic": "castle",
        "historic:civilization": "medieval",
        "name": "Schloss Sankt Andreas",
        "type": "multipolygon",
        "wikidata": "Q383059",
        "wikipedia": "de:Schloss St. Andreas",
        "@geometry": "center"
      },
      "geometry": {
        "type": "Point",
        "coordinates": [
          8.46623,
          47.1787179
        ]
      },
      "id": "relation/13019125"
    },
    {
      "type": "Feature",
      "properties": {
        "@id": "relation/13629977",
        "access": "private",
        "building": "yes",
        "castle_type": "defensive",
        "ele": "750",
        "historic": "castle",
        "historic:civilization": "medieval",
        "name": "Schloss Ortenstein",
        "ruins": "no",
        "start_date": "1300",
        "tourism": "attraction",
        "type": "multipolygon",
        "website": "http://www.schloss-ortenstein.ch",
        "wikidata": "Q2242855",
        "wikipedia": "de:Schloss Ortenstein",
        "@geometry": "center"
      },
      "geometry": {
        "type": "Point",
        "coordinates": [
          9.4352265,
          46.759764
        ]
      },
      "id": "relation/13629977"
    },
    {
      "type": "Feature",
      "properties": {
        "@id": "relation/14975489",
        "building": "outline",
        "castle_type": "defensive",
        "email": "info@ChateauAigle.ch",
        "fax": "+41 24 466 21 31",
        "historic": "castle",
        "historic:civilization": "medieval",
        "name": "Château d'Aigle",
        "phone": "+41 24 466 21 30",
        "type": "multipolygon",
        "website": "https://chateauaigle.ch/",
        "wikidata": "Q680215",
        "wikipedia": "fr:Château d'Aigle",
        "@geometry": "center"
      },
      "geometry": {
        "type": "Point",
        "coordinates": [
          6.9761973,
          46.3150042
        ]
      },
      "id": "relation/14975489"
    },
    {
      "type": "Feature",
      "properties": {
        "@id": "relation/15079972",
        "castle_type": "manor",
        "historic": "castle",
        "type": "multipolygon",
        "@geometry": "center"
      },
      "geometry": {
        "type": "Point",
        "coordinates": [
          7.0146894,
          46.8654617
        ]
      },
      "id": "relation/15079972"
    },
    {
      "type": "Feature",
      "properties": {
        "@id": "relation/16162048",
        "access": "yes",
        "building": "yes",
        "castle_type": "defensive",
        "historic": "castle",
        "name": "Château de Romont",
        "start_date": "1240",
        "type": "multipolygon",
        "@geometry": "center"
      },
      "geometry": {
        "type": "Point",
        "coordinates": [
          6.9185843,
          46.6947618
        ]
      },
      "id": "relation/16162048"
    },
    {
      "type": "Feature",
      "properties": {
        "@id": "relation/17175264",
        "3dmr": "8",
        "access": "permissive",
        "addr:city": "Rapperswil",
        "addr:postcode": "8640",
        "addr:street": "Lindenhügel",
        "building": "yes",
        "building:material": "stone",
        "castle_type": "stately",
        "email": "info@schlossrapperswil.com",
        "historic": "castle",
        "historic:civilization": "medieval",
        "name": "Schloss Rapperswil",
        "ref:kgs": "8234",
        "ruins": "no",
        "type": "multipolygon",
        "website": "http://www.schlossrapperswil.com/",
        "wheelchair": "yes",
        "wikidata": "Q1354897",
        "wikimedia_commons": "Category:Schloss_Rapperswil",
        "wikipedia": "de:Schloss Rapperswil",
        "@geometry": "center"
      },
      "geometry": {
        "type": "Point",
        "coordinates": [
          8.8156345,
          47.2273245
        ]
      },
      "id": "relation/17175264"
    },
    {
      "type": "Feature",
      "properties": {
        "@id": "relation/17929596",
        "alt_name": "Angenstein",
        "building": "yes",
        "castle_type": "defensive",
        "historic": "castle",
        "historic:civilization": "middle-ages",
        "image": "https://upload.wikimedia.org/wikipedia/commons/thumb/9/9f/Duggingen-Schloss-Angenstein.jpg/800px-Duggingen-Schloss-Angenstein.jpg",
        "name": "Schloss Angenstein",
        "type": "multipolygon",
        "wikidata": "Q537748",
        "wikimedia_commons": "Category:Angenstein",
        "wikipedia": "de:Angenstein",
        "@geometry": "center"
      },
      "geometry": {
        "type": "Point",
        "coordinates": [
          7.6047866,
          47.4633108
        ]
      },
      "id": "relation/17929596"
    },
    {
      "type": "Feature",
      "properties": {
        "@id": "relation/18632171",
        "area": "yes",
        "basilica": "minor",
        "castle_type": "defensive",
        "historic": "castle",
        "name": "Valère",
        "type": "multipolygon",
        "wikidata": "Q688261",
        "wikipedia": "fr:Basilique de Valère",
        "@geometry": "center"
      },
      "geometry": {
        "type": "Point",
        "coordinates": [
          7.3642824,
          46.2337563
        ]
      },
      "id": "relation/18632171"
    },
    {
      "type": "Feature",
      "properties": {
        "@id": "relation/19125201",
        "castle_type": "defensive",
        "historic": "castle",
        "historic:civilization": "medieval",
        "name": "Ruine Neu-Falkenstein",
        "ruins": "yes",
        "source": "Orthofoto WMS SO!GIS",
        "type": "multipolygon",
        "website": "https://schlossverein-falkenstein.ch/",
        "wikidata": "Q1157640",
        "wikipedia": "de:Ruine Neu-Falkenstein (Balsthal)",
        "@geometry": "center"
      },
      "geometry": {
        "type": "Point",
        "coordinates": [
          7.7104629,
          47.3226751
        ]
      },
      "id": "relation/19125201"
    },
    {
      "type": "Feature",
      "properties": {
        "@id": "relation/19176388",
        "castle_type": "manor",
        "historic": "castle",
        "name": "Hofgut",
        "type": "building",
        "wikidata": "Q1565166",
        "wikipedia": "de:Hofgut (Gümligen)",
        "@geometry": "center"
      },
      "geometry": {
        "type": "Point",
        "coordinates": [
          7.5122789,
          46.933745
        ]
      },
      "id": "relation/19176388"
    },
    {
      "type": "Feature",
      "properties": {
        "@id": "relation/20367395",
        "building": "yes",
        "building:levels": "3",
        "castle_type": "defensive",
        "historic": "castle",
        "name": "Château d'Aubonne",
        "roof:shape": "hipped",
        "type": "multipolygon",
        "wikidata": "Q2968160",
        "@geometry": "center"
      },
      "geometry": {
        "type": "Point",
        "coordinates": [
          6.3909476,
          46.4966152
        ]
      },
      "id": "relation/20367395"
    },
    {
      "type": "Feature",
      "properties": {
        "@id": "relation/20395114",
        "access": "yes",
        "building": "yes",
        "castle_type": "defensive",
        "historic": "castle",
        "historic:civilization": "medieval",
        "name": "Ruine Pont-en-Ogoz",
        "name:de": "Schloss Pont",
        "ruins": "yes",
        "type": "multipolygon",
        "website": "https://ogoz.ch/",
        "wikidata": "Q14565339",
        "wikipedia": "de:Schloss Pont",
        "@geometry": "center"
      },
      "geometry": {
        "type": "Point",
        "coordinates": [
          7.1000617,
          46.6983755
        ]
      },
      "id": "relation/20395114"
    },
    {
      "type": "Feature",
      "properties": {
        "@id": "way/22941538",
        "access": "customers",
        "addr:city": "Stein am Rhein",
        "addr:country": "CH",
        "addr:housenumber": "1",
        "addr:postcode": "8260",
        "addr:street": "Hohenklingenstrasse",
        "building": "yes",
        "building:part": "yes",
        "castle_type": "defensive",
        "height": "1",
        "historic": "castle",
        "historic:civilization": "medieval",
        "loc_name": "Chlinge",
        "name": "Burg Hohenklingen",
        "roof:shape": "hipped",
        "website": "https://burghohenklingen.com/",
        "wikidata": "Q691356",
        "wikipedia": "de:Burg Hohenklingen",
        "@geometry": "center"
      },
      "geometry": {
        "type": "Point",
        "coordinates": [
          8.8580685,
          47.6668402
        ]
      },
      "id": "way/22941538"
    },
    {
      "type": "Feature",
      "properties": {
        "@id": "way/23887585",
        "building": "yes",
        "castle_type": "stately",
        "historic": "castle",
        "layer": "1",
        "name": "Schloss Bottmingen",
        "wikidata": "Q687250",
        "wikimedia_commons": "Category:Schloss Bottmingen",
        "wikipedia:de": "Schloss Bottmingen",
        "@geometry": "center"
      },
      "geometry": {
        "type": "Point",
        "coordinates": [
          7.5703012,
          47.5237438
        ]
      },
      "id": "way/23887585"
    },
    {
      "type": "Feature",
      "properties": {
        "@id": "way/24156980",
        "castle_type": "defensive",
        "email": "info@schloss-lenzburg.ch",
        "historic": "castle",
        "name": "Schloss Lenzburg",
        "opening_hours": "Apr-Oct: Tu-Su 10:00-17:00, PH 10:00-17:00",
        "website": "https://www.schloss-lenzburg.ch/",
        "wikidata": "Q668647",
        "wikipedia": "de:Schloss Lenzburg",
        "@geometry": "center"
      },
      "geometry": {
        "type": "Point",
        "coordinates": [
          8.1850882,
          47.3872794
        ]
      },
      "id": "way/24156980"
    },
    {
      "type": "Feature",
      "properties": {
        "@id": "way/25706756",
        "access": "private",
        "addr:full": "Thunstrasse 11, 3112 Allmendingen bei Bern",
        "building": "yes",
        "castle_type": "manor",
        "ele": "593",
        "heritage": "3",
        "heritage:operator": "babs",
        "historic": "castle",
        "layer": "1",
        "name": "Schloss Allmendingen",
        "note": "KGS-Nr: Nummer des Kulturgutes, zu finden in den KGS-Listen des Bundes und der Kantone. BABS: Bundesamt für Bevölkerungsschutz",
        "ref:kgs": "593",
        "wikidata": "Q1534694",
        "wikimedia_commons": "Category:Allmendingen Castle",
        "wikipedia": "de:Schloss Allmendingen (Schweiz)",
        "@geometry": "center"
      },
      "geometry": {
        "type": "Point",
        "coordinates": [
          7.522326,
          46.9166801
        ]
      },
      "id": "way/25706756"
    },
    {
      "type": "Feature",
      "properties": {
        "@id": "way/26192938",
        "access": "private",
        "addr:city": "Stetten SH",
        "addr:housenumber": "56",
        "addr:postcode": "8234",
        "addr:street": "Schloss Herblingen",
        "building": "castle",
        "castle_type": "stately",
        "historic": "castle",
        "name": "Schloss Herblingen",
        "wikidata": "Q175411",
        "wikipedia": "de:Schloss Herblingen",
        "@geometry": "center"
      },
      "geometry": {
        "type": "Point",
        "coordinates": [
          8.6618327,
          47.7338554
        ]
      },
      "id": "way/26192938"
    },
    {
      "type": "Feature",
      "properties": {
        "@id": "way/26560711",
        "access": "customers",
        "building": "yes",
        "castle_type": "manor",
        "historic": "castle",
        "historic:civilization": "modern",
        "name": "Schloss Caschliun",
        "wikidata": "Q2240509",
        "wikipedia": "de:Schloss Caschliun",
        "@geometry": "center"
      },
      "geometry": {
        "type": "Point",
        "coordinates": [
          8.8638971,
          46.7067973
        ]
      },
      "id": "way/26560711"
    },
    {
      "type": "Feature",
      "properties": {
        "@id": "way/27088396",
        "access": "private",
        "addr:city": "Weinfelden",
        "addr:housenumber": "1",
        "addr:place": "Schloss",
        "addr:postcode": "8570",
        "building": "yes",
        "building:levels": "5",
        "castle_type": "stately",
        "historic": "castle",
        "layer": "2",
        "name": "Schloss Weinfelden",
        "roof:shape": "half-hipped",
        "@geometry": "center"
      },
      "geometry": {
        "type": "Point",
        "coordinates": [
          9.1087002,
          47.5764468
        ]
      },
      "id": "way/27088396"
    },
    {
      "type": "Feature",
      "properties": {
        "@id": "way/27490112",
        "addr:city": "Kiesen",
        "addr:country": "CH",
        "addr:housenumber": "2",
        "addr:postcode": "3629",
        "addr:street": "Staldenstrasse",
        "building": "yes",
        "castle_type": "stately",
        "ele": "560",
        "historic": "castle",
        "layer": "2",
        "name": "Schloss Kiesen",
        "roof:shape": "half-hipped",
        "wikidata": "Q2241848",
        "wikipedia": "de:Schloss Kiesen",
        "@geometry": "center"
      },
      "geometry": {
        "type": "Point",
        "coordinates": [
          7.5875467,
          46.8201877
        ]
      },
      "id": "way/27490112"
    },
    {
      "type": "Feature",
      "properties": {
        "@id": "way/27586454",
        "addr:city": "Bioley Magnoux",
        "addr:country": "CH",
        "addr:housenumber": "7",
        "addr:postcode": "1407",
        "addr:street": "Route d'Oppens",
        "building": "yes",
        "castle_type": "chateau",
        "historic": "castle",
        "image": "https://upload.wikimedia.org/wikipedia/commons/thumb/c/cf/KGS-Nr._5954.JPG/960px-KGS-Nr._5954.JPG",
        "name": "Château de Bioley-Magnoux",
        "wikidata": "Q29890557",
        "wikimedia_commons": "Category:Château de Bioley-Magnoux",
        "@geometry": "center"
      },
      "geometry": {
        "type": "Point",
        "coordinates": [
          6.7086071,
          46.724401
        ]
      },
      "id": "way/27586454"
    },
    {
      "type": "Feature",
      "properties": {
        "@id": "way/29034752",
        "access": "private",
        "building": "yes",
        "building:levels": "8",
        "castle_type": "tower",
        "description": "Bekanntestes Wahrzeichen der Stadt Brugg. Das älteste Bauwerk auf Brugger Boden, hat seit spätestens der Stadtgründung den Aareübergang beschützt. Unter der Brücke erreicht die Aare die schmalsten Stelle ihres Verlaufs.",
        "historic": "castle",
        "historic:civilization": "medieval",
        "inscription": "Urkundlich erscheint der \"turn ze Brugge\" 1238.",
        "name": "Schwarzer Turm",
        "tower:type": "fortification",
        "wikidata": "Q1418959",
        "wikipedia": "de:Schwarzer Turm (Brugg)",
        "@geometry": "center"
      },
      "geometry": {
        "type": "Point",
        "coordinates": [
          8.2066565,
          47.4860401
        ]
      },
      "id": "way/29034752"
    },
    {
      "type": "Feature",
      "properties": {
        "@id": "way/31313997",
        "access": "customers",
        "addr:housenumber": "1",
        "addr:street": "Hinter Au",
        "building": "yes",
        "castle_type": "manor",
        "historic": "castle",
        "layer": "1",
        "name": "Schloss Au",
        "website": "https://schloss-au.ch/",
        "wheelchair": "no",
        "wikidata": "Q2240109",
        "wikimedia_commons": "Category:Schloss Au",
        "wikipedia": "de:Schloss Au (Wädenswil)",
        "@geometry": "center"
      },
      "geometry": {
        "type": "Point",
        "coordinates": [
          8.6395107,
          47.2502257
        ]
      },
      "id": "way/31313997"
    },
    {
      "type": "Feature",
      "properties": {
        "@id": "way/31565585",
        "building": "public",
        "castle_type": "stately",
        "historic": "castle",
        "historic:civilization": "medieval",
        "name": "Château de Neuchâtel",
        "tourism": "attraction",
        "wheelchair": "limited",
        "wikidata": "Q2970117",
        "wikipedia": "fr:Château de Neuchâtel",
        "@geometry": "center"
      },
      "geometry": {
        "type": "Point",
        "coordinates": [
          6.9268729,
          46.9922485
        ]
      },
      "id": "way/31565585"
    },
    {
      "type": "Feature",
      "properties": {
        "@id": "way/31730851",
        "building": "yes",
        "description": "Ambassade du vignoble neuchâtelois Œnothèque cantonale Musée de la Vigne et du Vin",
        "historic": "castle",
        "name": "Château de Boudry",
        "opening_hours": "We-Su 14:00-17:00",
        "phone": "+41 32 842 10 98",
        "website": "https://chateaudeboudry.ch/",
        "wikidata": "Q29785878",
        "@geometry": "center"
      },
      "geometry": {
        "type": "Point",
        "coordinates": [
          6.8342858,
          46.9494706
        ]
      },
      "id": "way/31730851"
    },
    {
      "type": "Feature",
      "properties": {
        "@id": "way/31798141",
        "addr:housenumber": "1",
        "addr:street": "Schlossweg",
        "building": "yes",
        "building:levels": "2",
        "castle_type": "stately",
        "historic": "castle",
        "name": "Schloss Uster",
        "roof:levels": "1",
        "wikidata": "Q685261",
        "wikimedia_commons": "Category:Schloss Uster",
        "wikipedia": "de:Schloss Uster",
        "@geometry": "center"
      },
      "geometry": {
        "type": "Point",
        "coordinates": [
          8.7178964,
          47.3454982
        ]
      },
      "id": "way/31798141"
    },
    {
      "type": "Feature",
      "properties": {
        "@id": "way/33054997",
        "archaeological_site": "fortification",
        "castle_type": "defensive",
        "historic": "castle",
        "historic:civilization": "medieval",
        "landuse": "meadow",
        "name": "Burg Bischofstein",
        "opening_hours": "24/7",
        "ruins": "yes",
        "wikidata": "Q1011037",
        "wikipedia": "de:Burg Bischofstein (Schweiz)",
        "@geometry": "center"
      },
      "geometry": {
        "type": "Point",
        "coordinates": [
          7.8270978,
          47.4746449
        ]
      },
      "id": "way/33054997"
    },
    {
      "type": "Feature",
      "properties": {
        "@id": "way/33081687",
        "castle_type": "defensive",
        "historic": "castle",
        "name": "Burgruine Friedberg",
        "ruins": "yes",
        "wikidata": "Q1011853",
        "wikimedia_commons": "Category:Burg Friedberg (Meilen)",
        "wikipedia": "de:Burg Friedberg (Meilen)",
        "@geometry": "center"
      },
      "geometry": {
        "type": "Point",
        "coordinates": [
          8.6421148,
          47.2787049
        ]
      },
      "id": "way/33081687"
    },
    {
      "type": "Feature",
      "properties": {
        "@id": "way/33836506",
        "building": "yes",
        "castle_type": "defensive",
        "historic": "castle",
        "historic:civilization": "medieval",
        "image": "https://upload.wikimedia.org/wikipedia/commons/thumb/8/8d/2012-4693_Schloss_Wildegg.jpg/800px-2012-4693_Schloss_Wildegg.jpg",
        "name": "Schloss Wildegg",
        "source": "WMS",
        "website": "https://www.museumaargau.ch/schloss-wildegg",
        "wikidata": "Q1542265",
        "wikimedia_commons": "Category:Schloss Wildegg",
        "wikipedia": "de:Schloss Wildegg",
        "@geometry": "center"
      },
      "geometry": {
        "type": "Point",
        "coordinates": [
          8.1704106,
          47.4207534
        ]
      },
      "id": "way/33836506"
    },
    {
      "type": "Feature",
      "properties": {
        "@id": "way/34109971",
        "addr:city": "Oberhofen am Thunersee",
        "addr:country": "CH",
        "addr:housenumber": "7",
        "addr:place": "Schloss",
        "addr:postcode": "3653",
        "building": "yes",
        "castle_type": "stately",
        "historic": "castle",
        "name": "Schloss Oberhofen",
        "website": "https://www.schlossoberhofen.ch/",
        "wikidata": "Q679478",
        "wikipedia": "de:Schloss Oberhofen",
        "@geometry": "center"
      },
      "geometry": {
        "type": "Point",
        "coordinates": [
          7.6684565,
          46.7296884
        ]
      },
      "id": "way/34109971"
    },
    {
      "type": "Feature",
      "properties": {
        "@id": "way/34613578",
        "addr:housenumber": "8",
        "addr:street": "Burgstrasse",
        "building": "yes",
        "castle_type": "defensive",
        "castle_type:de": "burg",
        "historic": "castle",
        "name": "Burg Maur",
        "wikidata": "Q14553724",
        "wikimedia_commons": "Category:Burg Maur",
        "wikipedia": "de:Burg Maur",
        "@geometry": "center"
      },
      "geometry": {
        "type": "Point",
        "coordinates": [
          8.66857,
          47.3385162
        ]
      },
      "id": "way/34613578"
    },
    {
      "type": "Feature",
      "properties": {
        "@id": "way/34663257",
        "access": "yes",
        "archaeological_site": "footification",
        "castle_type": "defensive",
        "description": "Burg erbaut wohl im 11. Jh. verm. durch Herren v. Rotenburg, keine urk. Erwähnung, um 1220 Auflassung, im 17. Jh. Hochwacht, 1798 abgebrannt. 1872 Bau einer Gaststätte im Burghof, Rückbau im 20. Jh. 1964-66 rest. (Quelle: Burgenverein.ch)",
        "historic": "castle",
        "historic:civilization": "medieval",
        "name": "Burg Rotzberg",
        "ruins": "yes",
        "wikidata": "Q20012427",
        "wikipedia": "de:Burgruine Rotzberg",
        "@geometry": "center"
      },
      "geometry": {
        "type": "Point",
        "coordinates": [
          8.3363909,
          46.9642479
        ]
      },
      "id": "way/34663257"
    },
    {
      "type": "Feature",
      "properties": {
        "@id": "way/35107549",
        "addr:city": "Hilterfingen",
        "addr:country": "CH",
        "addr:housenumber": "52",
        "addr:postcode": "3652",
        "addr:street": "Staatsstrasse",
        "building": "yes",
        "castle_type": "stately",
        "ele": "574",
        "historic": "castle",
        "historic:civilization": "medieval",
        "name": "Schloss Hünegg",
        "website": "https://www.schlosshuenegg.ch/",
        "wikidata": "Q2241708",
        "wikipedia": "de:Schloss Hünegg",
        "@geometry": "center"
      },
      "geometry": {
        "type": "Point",
        "coordinates": [
          7.6549079,
          46.7377642
        ]
      },
      "id": "way/35107549"
    },
    {
      "type": "Feature",
      "properties": {
        "@id": "way/35482046",
        "addr:city": "Lausanne",
        "addr:country": "CH",
        "addr:postcode": "1015",
        "alt_name": "CD",
        "building": "university",
        "building:levels": "3",
        "castle_type": "stately",
        "historic": "castle",
        "name": "Château de Dorigny",
        "source": "EPFL plan",
        "wikidata": "Q104216743",
        "@geometry": "center"
      },
      "geometry": {
        "type": "Point",
        "coordinates": [
          6.5821769,
          46.5233425
        ]
      },
      "id": "way/35482046"
    },
    {
      "type": "Feature",
      "properties": {
        "@id": "way/35867668",
        "addr:city": "Merligen",
        "addr:country": "CH",
        "addr:housenumber": "3",
        "addr:postcode": "3658",
        "addr:street": "Schlossweg",
        "building": "yes",
        "castle_type": "manor",
        "historic": "castle",
        "historic:civilization": "medieval",
        "name": "Gut Ralligen",
        "wikidata": "Q1557012",
        "wikimedia_commons": "Category:Gut Ralligen",
        "wikipedia:de": "Gut Ralligen",
        "@geometry": "center"
      },
      "geometry": {
        "type": "Point",
        "coordinates": [
          7.7260967,
          46.7071094
        ]
      },
      "id": "way/35867668"
    },
    {
      "type": "Feature",
      "properties": {
        "@id": "way/35915778",
        "addr:city": "Gals",
        "addr:country": "CH",
        "addr:housenumber": "14",
        "addr:postcode": "3238",
        "addr:street": "Zihlbrücke",
        "alt_name": "Schloss Zihlbrücke",
        "building": "yes",
        "castle_type": "stately",
        "ele": "433",
        "historic": "castle",
        "name": "Schloss Thielle",
        "name:de": "Schloss Thielle",
        "name:en": "Thielle Castle",
        "name:fr": "Château de Thielle",
        "wikidata": "Q29652091",
        "wikimedia_commons": "Category:Thielle Castle",
        "wikipedia:de": "Schloss Thielle",
        "@geometry": "center"
      },
      "geometry": {
        "type": "Point",
        "coordinates": [
          7.0344285,
          47.0221578
        ]
      },
      "id": "way/35915778"
    },
    {
      "type": "Feature",
      "properties": {
        "@id": "way/36831362",
        "building": "yes",
        "castle_type": "manor",
        "historic": "castle",
        "name": "Schloss Schadau",
        "wheelchair": "no",
        "wikidata": "Q692119",
        "wikipedia": "de:Schloss Schadau",
        "@geometry": "center"
      },
      "geometry": {
        "type": "Point",
        "coordinates": [
          7.6373364,
          46.7461309
        ]
      },
      "id": "way/36831362"
    },
    {
      "type": "Feature",
      "properties": {
        "@id": "way/37096768",
        "addr:housenumber": "30",
        "addr:street": "Mörsburgstrasse",
        "building": "yes",
        "castle_type": "defensive",
        "historic": "castle",
        "historic:civilization": "medieval",
        "name": "Schloss Mörsburg",
        "website": "https://moersburg-winterthur.ch/site/haus-schloss/schloss/",
        "wikidata": "Q2242517",
        "wikipedia": "de:Schloss Mörsburg",
        "@geometry": "center"
      },
      "geometry": {
        "type": "Point",
        "coordinates": [
          8.7687333,
          47.5399308
        ]
      },
      "id": "way/37096768"
    },
    {
      "type": "Feature",
      "properties": {
        "@id": "way/37107730",
        "addr:housenumber": "65",
        "building": "castle",
        "castle_type": "stately",
        "heritage": "2",
        "heritage:operator": "babs",
        "historic": "castle",
        "name": "Château des Monts",
        "ref:kgs": "04035",
        "wikidata": "Q29523056",
        "wikimedia_commons": "Category:Château des Monts",
        "@geometry": "center"
      },
      "geometry": {
        "type": "Point",
        "coordinates": [
          6.7499061,
          47.063621
        ]
      },
      "id": "way/37107730"
    },
    {
      "type": "Feature",
      "properties": {
        "@id": "way/38359602",
        "access": "private",
        "alt_name": "Burg Buonas, Schloss Hertenstein, Altes Schloss Buonas",
        "building": "yes",
        "castle_type": "stately",
        "historic": "castle",
        "historic:civilization": "medieval",
        "name": "Schloss Buonas",
        "wikidata": "Q1262431",
        "wikipedia": "de:Schloss Buonas",
        "@geometry": "center"
      },
      "geometry": {
        "type": "Point",
        "coordinates": [
          8.4704387,
          47.1405299
        ]
      },
      "id": "way/38359602"
    },
    {
      "type": "Feature",
      "properties": {
        "@id": "way/39322090",
        "addr:city": "L'Isle",
        "addr:country": "CH",
        "addr:housenumber": "7",
        "addr:postcode": "1148",
        "addr:street": "Rue du Château",
        "building": "yes",
        "castle_type": "stately",
        "historic": "castle",
        "layer": "3",
        "name": "Château de l'Isle",
        "wikidata": "Q2386769",
        "@geometry": "center"
      },
      "geometry": {
        "type": "Point",
        "coordinates": [
          6.4115447,
          46.6192317
        ]
      },
      "id": "way/39322090"
    },
    {
      "type": "Feature",
      "properties": {
        "@id": "way/39370583",
        "building": "yes",
        "historic": "castle",
        "name": "Tour de Pierre",
        "source": "Orthophotos2006sitn50cm",
        "wikidata": "Q29785886",
        "@geometry": "center"
      },
      "geometry": {
        "type": "Point",
        "coordinates": [
          6.8392388,
          46.9537347
        ]
      },
      "id": "way/39370583"
    },
    {
      "type": "Feature",
      "properties": {
        "@id": "way/39372106",
        "addr:city": "Colombier",
        "addr:housenumber": "1",
        "addr:postcode": "2013",
        "addr:street": "Rue du Château",
        "building": "yes",
        "historic": "castle",
        "name": "Château de Colombier",
        "source": "Orthophotos2006sitn50cm",
        "website": "https://www.chateaudecolombier.ch/",
        "wikidata": "Q5148001",
        "@geometry": "center"
      },
      "geometry": {
        "type": "Point",
        "coordinates": [
          6.8632634,
          46.9660707
        ]
      },
      "id": "way/39372106"
    },
    {
      "type": "Feature",
      "properties": {
        "@id": "way/39436867",
        "addr:housenumber": "214",
        "addr:street": "Wülflingerstrasse",
        "building": "yes",
        "building:levels": "2",
        "castle_type": "stately",
        "historic": "castle",
        "name": "Schloss Wülflingen",
        "roof:levels": "2",
        "roof:material": "roof_tiles",
        "roof:shape": "gabled",
        "wikidata": "Q1296500",
        "wikipedia": "de:Schloss Wülflingen",
        "@geometry": "center"
      },
      "geometry": {
        "type": "Point",
        "coordinates": [
          8.6993882,
          47.5112894
        ]
      },
      "id": "way/39436867"
    },
    {
      "type": "Feature",
      "properties": {
        "@id": "way/42416089",
        "building": "yes",
        "castle_type": "stately",
        "historic": "castle",
        "historic:civilization": "medieval",
        "name": "Schloss Freudenberg",
        "wikidata": "Q1631229",
        "wikipedia": "de:Schloss Freudenberg (Rotkreuz)",
        "@geometry": "center"
      },
      "geometry": {
        "type": "Point",
        "coordinates": [
          8.4556603,
          47.1544015
        ]
      },
      "id": "way/42416089"
    },
    {
      "type": "Feature",
      "properties": {
        "@id": "way/43138131",
        "building": "yes",
        "historic": "castle",
        "name": "Tour des prisons",
        "source": "Orthophotos 2006 SITN 50cm",
        "wikidata": "Q29523294",
        "@geometry": "center"
      },
      "geometry": {
        "type": "Point",
        "coordinates": [
          6.9258191,
          46.9911158
        ]
      },
      "id": "way/43138131"
    },
    {
      "type": "Feature",
      "properties": {
        "@id": "way/43761503",
        "building": "yes",
        "castle_type": "stately",
        "historic": "castle",
        "name": "Schloss Klingenberg",
        "website": "http://www.schloss-klingenberg.ch/",
        "wheelchair": "limited",
        "wikidata": "Q1613452",
        "wikipedia": "de:Schloss Klingenberg (Homburg)",
        "@geometry": "center"
      },
      "geometry": {
        "type": "Point",
        "coordinates": [
          9.0028992,
          47.6228671
        ]
      },
      "id": "way/43761503"
    },
    {
      "type": "Feature",
      "properties": {
        "@id": "way/44362511",
        "access": "yes",
        "building": "yes",
        "description": "Wohnbauten und ihre Nebenanlagen / Burgruinen / Archäologische Objekte / Mittelalter",
        "heritage": "2",
        "heritage:operator": "Kulturgüterschutz KGS",
        "historic": "castle",
        "historic:civilization": "medieval",
        "layer": "1",
        "name": "Burg Freudenberg",
        "protect_class": "22",
        "ref": "8085",
        "ruins": "yes",
        "tourism": "attraction",
        "wikidata": "Q5503254",
        "wikipedia": "de:Burg Freudenberg (Bad Ragaz)",
        "@geometry": "center"
      },
      "geometry": {
        "type": "Point",
        "coordinates": [
          9.4926412,
          47.0090143
        ]
      },
      "id": "way/44362511"
    },
    {
      "type": "Feature",
      "properties": {
        "@id": "way/44648503",
        "addr:city": "Teufen ZH",
        "addr:place": "Schloss Teufen",
        "addr:postcode": "8428",
        "building": "yes",
        "castle_type": "defensive",
        "historic": "castle",
        "layer": "1",
        "name": "Altes Schloss Teufen",
        "source": "Yahoo aerial images",
        "wikidata": "Q29932627",
        "wikipedia": "de:Schloss Teufen",
        "@geometry": "center"
      },
      "geometry": {
        "type": "Point",
        "coordinates": [
          8.5731378,
          47.5442824
        ]
      },
      "id": "way/44648503"
    },
    {
      "type": "Feature",
      "properties": {
        "@id": "way/44650198",
        "addr:city": "Teufen ZH",
        "addr:housenumber": "1",
        "addr:place": "Neues Schloss",
        "addr:postcode": "8428",
        "building": "yes",
        "castle_type": "stately",
        "historic": "castle",
        "historic:civilization": "medieval",
        "name": "Neues Schloss Teufen",
        "source": "Yahoo aerial images",
        "wikidata": "Q29932627",
        "wikipedia": "de:Schloss Teufen",
        "@geometry": "center"
      },
      "geometry": {
        "type": "Point",
        "coordinates": [
          8.5755703,
          47.5435017
        ]
      },
      "id": "way/44650198"
    },
    {
      "type": "Feature",
      "properties": {
        "@id": "way/44742064",
        "building": "yes",
        "castle_type": "stately",
        "historic": "castle",
        "name": "Château de Beaulieu",
        "wikidata": "Q2968476",
        "wikimedia_commons": "Category:Château de Beaulieu (Lausanne)",
        "wikipedia": "fr:Château de Beaulieu (Lausanne)",
        "@geometry": "center"
      },
      "geometry": {
        "type": "Point",
        "coordinates": [
          6.6247743,
          46.5273157
        ]
      },
      "id": "way/44742064"
    },
    {
      "type": "Feature",
      "properties": {
        "@id": "way/44747993",
        "castle_type": "defensive",
        "historic": "castle",
        "name": "Burgruine Rudenz",
        "ruins": "yes",
        "wikidata": "Q994795",
        "wikipedia": "de:Burgruine Rudenz",
        "@geometry": "center"
      },
      "geometry": {
        "type": "Point",
        "coordinates": [
          8.1844372,
          46.8324153
        ]
      },
      "id": "way/44747993"
    },
    {
      "type": "Feature",
      "properties": {
        "@id": "way/44772362",
        "access": "customers",
        "addr:housenumber": "2",
        "addr:street": "Place du Port",
        "building": "yes",
        "castle_type": "stately",
        "historic": "castle",
        "name": "Château d'Ouchy",
        "name:fr": "Château d'Ouchy",
        "name:ko": "샤토 두시",
        "source": "Orthophoto Ville de Lausanne 2008",
        "tourism": "hotel",
        "website": "https://www.chateaudouchy.ch/",
        "wheelchair": "yes",
        "wikidata": "Q668559",
        "wikimedia_commons": "Category:Château d'Ouchy",
        "wikipedia": "fr:Château d'Ouchy",
        "@geometry": "center"
      },
      "geometry": {
        "type": "Point",
        "coordinates": [
          6.6274811,
          46.5067222
        ]
      },
      "id": "way/44772362"
    },
    {
      "type": "Feature",
      "properties": {
        "@id": "way/44851766",
        "access": "customers",
        "addr:full": "Le Bourg 24, 2042 Valangin",
        "building": "yes",
        "castle_type": "defensive",
        "historic": "castle",
        "historic:civilization": "medieval",
        "name": "Château de Valangin",
        "source": "Orthophotos2006sitn50cm",
        "website": "https://www.chateau-de-valangin.ch/",
        "wikidata": "Q7909249",
        "wikimedia_commons": "Category:Château de Valangin",
        "wikipedia:de": "Schloss Valangin",
        "wikipedia:en": "Valangin Castle",
        "wikipedia:fr": "Château de Valangin",
        "wikipedia:zh": "瓦朗然城堡",
        "@geometry": "center"
      },
      "geometry": {
        "type": "Point",
        "coordinates": [
          6.9066137,
          47.0144978
        ]
      },
      "id": "way/44851766"
    },
    {
      "type": "Feature",
      "properties": {
        "@id": "way/44951391",
        "addr:city": "Willisau",
        "addr:housenumber": "3",
        "addr:postcode": "6130",
        "addr:street": "Schlossstrasse",
        "building": "yes",
        "castle_type": "stately",
        "historic": "castle",
        "name": "Landvogteischloss",
        "wikidata": "Q4848432",
        "@geometry": "center"
      },
      "geometry": {
        "type": "Point",
        "coordinates": [
          7.9905454,
          47.1193217
        ]
      },
      "id": "way/44951391"
    },
    {
      "type": "Feature",
      "properties": {
        "@id": "way/45520843",
        "addr:city": "Greifensee",
        "addr:country": "CH",
        "addr:housenumber": "24",
        "addr:postcode": "8606",
        "addr:street": "Im Städtli",
        "building": "yes",
        "building:levels": "4",
        "castle_type": "defensive",
        "historic": "castle",
        "name": "Schloss Greifensee",
        "roof:shape": "gabled",
        "wheelchair": "no",
        "wikidata": "Q2241278",
        "wikimedia_commons": "Category:Schloss Greifensee",
        "wikipedia": "de:Schloss Greifensee",
        "@geometry": "center"
      },
      "geometry": {
        "type": "Point",
        "coordinates": [
          8.67561,
          47.3650454
        ]
      },
      "id": "way/45520843"
    },
    {
      "type": "Feature",
      "properties": {
        "@id": "way/45580240",
        "description": "Wohnbauten und ihre Nebenanlagen / Burgruinen / Archäologische Objekte / Bronzezeit / Mittelalter",
        "heritage": "2",
        "heritage:operator": "Kulturgüterschutz KGS",
        "historic": "ruins",
        "historic:civilization": "medieval",
        "name": "Gräpplang, bronzezeitliche Höhensiedlung / mittelalterliche Burgruine",
        "protect_class": "22",
        "ruins": "castle",
        "wikidata": "Q1012088",
        "wikipedia": "de:Burg Gräpplang",
        "@geometry": "center"
      },
      "geometry": {
        "type": "Point",
        "coordinates": [
          9.3322004,
          47.1029911
        ]
      },
      "id": "way/45580240"
    },
    {
      "type": "Feature",
      "properties": {
        "@id": "way/45593112",
        "access": "yes",
        "addr:city": "Freienstein",
        "addr:country": "CH",
        "addr:housenumber": "1",
        "addr:postcode": "8427",
        "addr:street": "Zur Burg",
        "alt_name": "Burg Alten-Teufen",
        "building": "yes",
        "castle_type": "defensive",
        "historic": "castle",
        "historic:civilization": "medieval",
        "name": "Ruine Freienstein",
        "ruins": "yes",
        "wikidata": "Q2175266",
        "wikipedia": "de:Ruine Freienstein",
        "@geometry": "center"
      },
      "geometry": {
        "type": "Point",
        "coordinates": [
          8.5871167,
          47.5339264
        ]
      },
      "id": "way/45593112"
    },
    {
      "type": "Feature",
      "properties": {
        "@id": "way/45774039",
        "addr:city": "Lausanne",
        "addr:country": "CH",
        "addr:housenumber": "16",
        "addr:street": "Chemin de Renens",
        "building": "yes",
        "castle_type": "stately",
        "historic": "castle",
        "name": "Château de Valency",
        "wikidata": "Q29890995",
        "wikimedia_commons": "Category:Château de Valency",
        "@geometry": "center"
      },
      "geometry": {
        "type": "Point",
        "coordinates": [
          6.6088955,
          46.5294042
        ]
      },
      "id": "way/45774039"
    },
    {
      "type": "Feature",
      "properties": {
        "@id": "way/46159233",
        "access": "permissive",
        "castle_type": "defensive",
        "historic": "castle",
        "historic:civilization": "medieval",
        "name": "Schloss Laupen",
        "website": "https://www.stiftung-schlosslaupen.ch/",
        "wikidata": "Q2242088",
        "wikipedia": "de:Schloss Laupen",
        "@geometry": "center"
      },
      "geometry": {
        "type": "Point",
        "coordinates": [
          7.2414141,
          46.902134
        ]
      },
      "id": "way/46159233"
    },
    {
      "type": "Feature",
      "properties": {
        "@id": "way/46242466",
        "access": "private",
        "addr:city": "Berg am Irchel",
        "addr:country": "CH",
        "addr:housenumber": "10",
        "addr:postcode": "8415",
        "addr:street": "Schlossgasse",
        "alt_name": "Schloss Berg am Irchel",
        "building": "yes",
        "castle_type": "manor",
        "description": "Langgestreckter Bau mit Treppengiebeln. Ehemaliger Meierhof der Propstei Embrach, um 1642 für Hans Heinrich Escher zu Herrensitz ausgebaut. Bis 1798 Sitz der Gerichtsherrschaft. Privatbesitz. (Quelle: Burgenverein.ch)",
        "historic": "castle",
        "historic:civilization": "medieval",
        "name": "Schloss Berg",
        "source": "Yahoo aerial images",
        "website": "https://www.zuercher-weinland.ch/freizeit-kultur/schloss-berg-am-irchel/",
        "wikidata": "Q101093357",
        "wikipedia": "de:Schloss Berg am Irchel",
        "@geometry": "center"
      },
      "geometry": {
        "type": "Point",
        "coordinates": [
          8.59938,
          47.5692842
        ]
      },
      "id": "way/46242466"
    },
    {
      "type": "Feature",
      "properties": {
        "@id": "way/46275670",
        "access": "private",
        "addr:city": "Flaach",
        "addr:housenumber": "1",
        "addr:postcode": "8416",
        "addr:street": "Schloss Flaach",
        "building": "yes",
        "castle_type": "stately",
        "description": "Erbaut wohl Ende 16. Jh., 1612 für Obervogt Tobias Peyer ausgebaut, 1694-1779 Obervogteisitz. 1924 zu Wohnzwecken umgestaltet, restauriert 1985-89. (Quelle: Burgenverein.ch)",
        "historic": "castle",
        "historic:civilization": "medieval",
        "name": "Schloss Flaach",
        "wikidata": "Q5456517",
        "wikipedia": "en:Flaach Castle",
        "@geometry": "center"
      },
      "geometry": {
        "type": "Point",
        "coordinates": [
          8.6041834,
          47.5774291
        ]
      },
      "id": "way/46275670"
    },
    {
      "type": "Feature",
      "properties": {
        "@id": "way/46332024",
        "access": "yes",
        "addr:city": "Werdenberg",
        "addr:country": "CH",
        "addr:housenumber": "6",
        "addr:postcode": "9470",
        "addr:street": "Städtli",
        "building": "yes",
        "castle_type": "defensive",
        "historic": "castle",
        "historic:civilization": "medieval",
        "name": "Schloss Werdenberg",
        "source": "bing areal image",
        "website": "https://schloss-werdenberg.ch/",
        "wikidata": "Q2244076",
        "wikimedia_commons": "Category:Schloss Werdenberg",
        "wikipedia": "de:Schloss Werdenberg",
        "@geometry": "center"
      },
      "geometry": {
        "type": "Point",
        "coordinates": [
          9.4616603,
          47.1684965
        ]
      },
      "id": "way/46332024"
    },
    {
      "type": "Feature",
      "properties": {
        "@id": "way/46729530",
        "addr:city": "Vermes",
        "addr:country": "CH",
        "addr:housenumber": "3",
        "addr:place": "Château de Raimontpierre",
        "addr:postcode": "2829",
        "alt_name": "Schloss Remontstein",
        "building": "yes",
        "castle_type": "stately",
        "historic": "castle",
        "historic:civilization": "medieval",
        "name": "Château de Raymontpierre",
        "source": "Yahoo",
        "wikidata": "Q2970347",
        "wikipedia": "fr:Château de Raymontpierre",
        "@geometry": "center"
      },
      "geometry": {
        "type": "Point",
        "coordinates": [
          7.4486111,
          47.3152451
        ]
      },
      "id": "way/46729530"
    },
    {
      "type": "Feature",
      "properties": {
        "@id": "way/46953321",
        "building": "yes",
        "castle_type": "defensive",
        "historic": "castle",
        "historic:civilization": "medieval",
        "name": "Ruine Altenberg",
        "ruins": "yes",
        "source": "GPS",
        "wikidata": "Q2175191",
        "wikipedia": "de:Ruine Altenberg (Füllinsdorf)",
        "@geometry": "center"
      },
      "geometry": {
        "type": "Point",
        "coordinates": [
          7.7397073,
          47.509634
        ]
      },
      "id": "way/46953321"
    },
    {
      "type": "Feature",
      "properties": {
        "@id": "way/46955248",
        "access": "private",
        "addr:city": "Neftenbach",
        "addr:country": "CH",
        "addr:housenumber": "80",
        "addr:postcode": "8413",
        "addr:street": "Wartgutstrasse",
        "building": "yes",
        "building:roof": "tile",
        "castle_type": "stately",
        "description": "Ein Vorgängerbau durch Baron Sulzer von Wart um 1814 errichtet. Heutiger Bau an gleicher Stelle 1889-93 für Max Sulzer von Wart neu erstellt stilpluralistisches Bauwerk mit neogotischem Grundcharakter. (Quelle: Burgenverein.ch)",
        "historic": "castle",
        "name": "Schloss Wart",
        "wikidata": "Q7970997",
        "wikipedia": "en:Wart Castle",
        "@geometry": "center"
      },
      "geometry": {
        "type": "Point",
        "coordinates": [
          8.6459602,
          47.5259796
        ]
      },
      "id": "way/46955248"
    },
    {
      "type": "Feature",
      "properties": {
        "@id": "way/46977675",
        "access": "private",
        "addr:city": "Dorf",
        "addr:country": "CH",
        "addr:housenumber": "1",
        "addr:postcode": "8458",
        "addr:street": "Schloss Goldenberg",
        "building": "yes",
        "castle_type": "stately",
        "historic": "castle",
        "name": "Schloss Goldenberg",
        "source": "Yahoo aerial images",
        "start_date": "1264",
        "website": "https://www.schloss-goldenberg.ch/",
        "wikidata": "Q29932551",
        "wikipedia": "de:Schloss Goldenberg",
        "@geometry": "center"
      },
      "geometry": {
        "type": "Point",
        "coordinates": [
          8.6551765,
          47.5751317
        ]
      },
      "id": "way/46977675"
    },
    {
      "type": "Feature",
      "properties": {
        "@id": "way/47249461",
        "access": "private",
        "addr:city": "Andelfingen",
        "addr:housenumber": "26",
        "addr:postcode": "8450",
        "addr:street": "Schlossgasse",
        "alt_name": "Alte Kanzlei",
        "building": "apartments",
        "building:levels": "2",
        "castle_type": "defensive",
        "description": "Ab dem 12. Jh. genutzte Burg, die im 17. Jh. vom neuen Schloss Andelfingen abgelöst wurde. Danach wurde auf der Burgstelle die alte Kanzlei gebaut.",
        "ele": "382",
        "historic": "castle",
        "historic:civilization": "medieval",
        "image": "https://www.wikidata.org/wiki/Q102690996#/media/File:AltesSchloss.jpg",
        "name": "Altes Schloss Andelfingen",
        "roof:levels": "1",
        "roof:shape": "gabled",
        "start_date": "C13",
        "wikidata": "Q102690996",
        "wikipedia": "de:Altes Schloss Andelfingen",
        "@geometry": "center"
      },
      "geometry": {
        "type": "Point",
        "coordinates": [
          8.6781521,
          47.5957334
        ]
      },
      "id": "way/47249461"
    },
    {
      "type": "Feature",
      "properties": {
        "@id": "way/47249517",
        "access": "permissive",
        "addr:city": "Andelfingen",
        "addr:housenumber": "14",
        "addr:postcode": "8450",
        "addr:street": "Schlossgasse",
        "alt_name": "Neues Schloss Andelfingen",
        "building": "yes",
        "castle_type": "stately",
        "description": "Repräsentatives Herrenhaus, das bis 1830 als Landvogtsitz diente.",
        "historic": "castle",
        "image": "https://www.wikidata.org/wiki/Q29932467#/media/File:Andelfingen-Schloss.jpg",
        "name": "Schloss Andelfingen",
        "start_date": "1782",
        "website": "https://www.andelfingen.ch/de/projektschlossmain/",
        "wikidata": "Q29932467",
        "wikimedia_commons": "Category:Schloss Andelfingen",
        "wikipedia": "de:Schloss Andelfingen",
        "@geometry": "center"
      },
      "geometry": {
        "type": "Point",
        "coordinates": [
          8.6800912,
          47.5960287
        ]
      },
      "id": "way/47249517"
    },
    {
      "type": "Feature",
      "properties": {
        "@id": "way/48003244",
        "access": "private",
        "addr:city": "Marthalen",
        "addr:housenumber": "21",
        "addr:postcode": "8460",
        "addr:street": "Oberdorf",
        "building": "yes",
        "castle_type": "stately",
        "historic": "castle",
        "name": "Schloss Marthalen",
        "wikidata": "Q29932898",
        "wikipedia": "de:Schloss Marthalen",
        "@geometry": "center"
      },
      "geometry": {
        "type": "Point",
        "coordinates": [
          8.6523235,
          47.6247729
        ]
      },
      "id": "way/48003244"
    },
    {
      "type": "Feature",
      "properties": {
        "@id": "way/48565367",
        "access": "yes",
        "alt_name": "Waldmannsburg",
        "castle_type": "defensive",
        "historic": "castle",
        "historic:civilization": "medieval",
        "name": "Ruine Dübelstein",
        "old_name": "Burg Dübelstein",
        "opening_hours": "Mo-Su 09:00-16:00",
        "ruins": "yes",
        "start_date": "1130",
        "website": "https://waldmannmuseum.ch/vonderruinezummuseum.htm",
        "wikidata": "Q2175247",
        "wikipedia": "de:Ruine Dübelstein",
        "@geometry": "center"
      },
      "geometry": {
        "type": "Point",
        "coordinates": [
          8.6157198,
          47.379869
        ]
      },
      "id": "way/48565367"
    },
    {
      "type": "Feature",
      "properties": {
        "@id": "way/48580014",
        "addr:city": "Lausanne",
        "addr:country": "CH",
        "addr:housenumber": "2",
        "addr:street": "Avenue de Beaumont",
        "building": "yes",
        "castle_type": "stately",
        "historic": "castle",
        "name": "Château de Béthusy",
        "wikidata": "Q29890992",
        "wikimedia_commons": "Category:Château de Béthusy",
        "@geometry": "center"
      },
      "geometry": {
        "type": "Point",
        "coordinates": [
          6.6460525,
          46.5230078
        ]
      },
      "id": "way/48580014"
    },
    {
      "type": "Feature",
      "properties": {
        "@id": "way/49024833",
        "addr:city": "Burgdorf",
        "addr:country": "CH",
        "addr:housenumber": "4",
        "addr:postcode": "3400",
        "addr:street": "Schlossgässli",
        "castle_type": "defensive",
        "email": "info@schloss-burgdorf.ch",
        "historic": "castle",
        "layer": "-1",
        "name": "Schloss Burgdorf",
        "website": "https://schloss-burgdorf.ch",
        "wikidata": "Q453648",
        "wikipedia": "de:Schloss Burgdorf",
        "@geometry": "center"
      },
      "geometry": {
        "type": "Point",
        "coordinates": [
          7.6289767,
          47.0548699
        ]
      },
      "id": "way/49024833"
    },
    {
      "type": "Feature",
      "properties": {
        "@id": "way/49501987",
        "addr:city": "Lausanne",
        "addr:country": "CH",
        "addr:housenumber": "29",
        "addr:postcode": "1010",
        "addr:street": "Chemin de Praz-Berthoud",
        "building": "yes",
        "castle_type": "stately",
        "historic": "castle",
        "name": "Château de Vennes",
        "source": "Orthophotos de la Ville de Lausanne (2008)",
        "wikidata": "Q25389689",
        "wikimedia_commons": "Category:Château de Vennes",
        "@geometry": "center"
      },
      "geometry": {
        "type": "Point",
        "coordinates": [
          6.6487343,
          46.5385311
        ]
      },
      "id": "way/49501987"
    },
    {
      "type": "Feature",
      "properties": {
        "@id": "way/51360419",
        "building": "yes",
        "castle_type": "stately",
        "castle_type:de": "schloss",
        "email": "info@schlossthun.ch",
        "historic": "castle",
        "name": "Schloss Thun",
        "opening_hours": "Apr-Oct Mo-Su 10:00-17:00; Nov-Jan Su 13:00-16:00; Feb-Mar Mo-Su 13:00-16:00; 2023 Jun 01-Aug 31 09:30-17:30",
        "phone": "+41 33 223 20 01",
        "tourism": "attraction",
        "website": "https://schlossthun.ch/",
        "wikidata": "Q519524",
        "wikipedia": "de:Schloss Thun",
        "@geometry": "center"
      },
      "geometry": {
        "type": "Point",
        "coordinates": [
          7.6299862,
          46.7599139
        ]
      },
      "id": "way/51360419"
    },
    {
      "type": "Feature",
      "properties": {
        "@id": "way/52068861",
        "access": "customers",
        "castle_type": "defensive",
        "castle_type:de": "burg",
        "historic": "castle",
        "historic:civilization": "medieval",
        "name": "Neu-Bechburg",
        "source": "Orthofoto WMS SO!GIS",
        "website": "https://www.neu-bechburg.ch/",
        "wikidata": "Q1013227",
        "wikipedia": "de:Burg Neu-Bechburg",
        "@geometry": "center"
      },
      "geometry": {
        "type": "Point",
        "coordinates": [
          7.7180016,
          47.2958739
        ]
      },
      "id": "way/52068861"
    },
    {
      "type": "Feature",
      "properties": {
        "@id": "way/52671046",
        "castle_type": "castle",
        "historic": "castle",
        "image": "https://upload.wikimedia.org/wikipedia/commons/b/b0/B-Huenenberg-Burgruine.jpg",
        "name": "Burg Hünenberg",
        "ruins": "yes",
        "wikidata": "Q1012539",
        "wikipedia": "de:Burg_Hünenberg",
        "@geometry": "center"
      },
      "geometry": {
        "type": "Point",
        "coordinates": [
          8.4237044,
          47.1726266
        ]
      },
      "id": "way/52671046"
    },
    {
      "type": "Feature",
      "properties": {
        "@id": "way/53158012",
        "addr:city": "Lausanne",
        "addr:country": "CH",
        "addr:housenumber": "4",
        "addr:street": "Place du Château",
        "building": "yes",
        "castle_type": "defensive",
        "historic": "castle",
        "historic:civilization": "medieval",
        "name": "Château Saint-Maire",
        "source": "Lausanne - Orthophoto technique 2012",
        "wikidata": "Q688912",
        "wikimedia_commons": "Category:Château Saint-Maire, Lausanne",
        "wikipedia": "fr:Château Saint-Maire",
        "@geometry": "center"
      },
      "geometry": {
        "type": "Point",
        "coordinates": [
          6.6356788,
          46.5247784
        ]
      },
      "id": "way/53158012"
    },
    {
      "type": "Feature",
      "properties": {
        "@id": "way/53337242",
        "building": "yes",
        "building:levels": "3",
        "castle_type": "manor",
        "description": "Sitz der Edeln von Spiegelberg, aus welchen Hemmann 1422 Schultheiss zu Solothurn geworden, Herr zu Walterswyl und Pfarrherr zu Wynisdorf. Aktuell Privatgrundstück (Privatwohnungen).",
        "historic": "castle",
        "name": "Schlösschen Emmenholz",
        "start_date": "1422",
        "wikidata": "Q13519675",
        "@geometry": "center"
      },
      "geometry": {
        "type": "Point",
        "coordinates": [
          7.5659289,
          47.2157737
        ]
      },
      "id": "way/53337242"
    },
    {
      "type": "Feature",
      "properties": {
        "@id": "way/53482149",
        "addr:city": "Zuchwil",
        "addr:country": "CH",
        "addr:housenumber": "15",
        "addr:postcode": "4528",
        "addr:street": "Asylweg",
        "building": "yes",
        "castle_type": "stately",
        "historic": "castle",
        "name": "Schlösschen Vorder-Bleichenberg",
        "wikidata": "Q29880582",
        "@geometry": "center"
      },
      "geometry": {
        "type": "Point",
        "coordinates": [
          7.5606897,
          47.1975336
        ]
      },
      "id": "way/53482149"
    },
    {
      "type": "Feature",
      "properties": {
        "@id": "way/53608791",
        "addr:housenumber": "21",
        "addr:street": "Untere Steingrubenstrasse",
        "building": "yes",
        "building:levels": "3",
        "castle_type": "stately",
        "historic": "castle",
        "name": "Sommerhaus Vigier",
        "roof:shape": "hipped",
        "wikidata": "Q29525378",
        "wikipedia": "fr:Château Vigier",
        "@geometry": "center"
      },
      "geometry": {
        "type": "Point",
        "coordinates": [
          7.5340294,
          47.2124143
        ]
      },
      "id": "way/53608791"
    },
    {
      "type": "Feature",
      "properties": {
        "@id": "way/53629364",
        "building:condition": "mainly_ruinous",
        "castle_type": "defensive",
        "historic": "castle",
        "name": "Ruine Alt-Landenberg",
        "ruins": "yes",
        "wheelchair": "no",
        "wikidata": "Q1526810",
        "wikipedia": "de:Ruine Alt-Landenberg",
        "@geometry": "center"
      },
      "geometry": {
        "type": "Point",
        "coordinates": [
          8.8723374,
          47.3727161
        ]
      },
      "id": "way/53629364"
    },
    {
      "type": "Feature",
      "properties": {
        "@id": "way/53641225",
        "addr:city": "Olten",
        "addr:country": "CH",
        "addr:housenumber": "16",
        "addr:postcode": "4600",
        "addr:street": "Zielempgasse",
        "building": "yes",
        "castle_type": "fortress",
        "historic": "castle",
        "name": "Zielemp",
        "wikidata": "Q29881161",
        "wikimedia_commons": "Category:Zielemp_Olten",
        "@geometry": "center"
      },
      "geometry": {
        "type": "Point",
        "coordinates": [
          7.9047377,
          47.3502084
        ]
      },
      "id": "way/53641225"
    },
    {
      "type": "Feature",
      "properties": {
        "@id": "way/54540344",
        "addr:city": "Vaumarcus",
        "addr:housenumber": "11-13",
        "addr:postcode": "2028",
        "addr:street": "Le Château",
        "building": "yes",
        "castle_type": "chateau",
        "historic": "castle",
        "name": "Château de Vaumarcus",
        "source": "Orthophotos2006sitn50cm",
        "website": "http://www.chateauvaumarcus.ch/",
        "wikidata": "Q29786091",
        "@geometry": "center"
      },
      "geometry": {
        "type": "Point",
        "coordinates": [
          6.7557151,
          46.8791475
        ]
      },
      "id": "way/54540344"
    },
    {
      "type": "Feature",
      "properties": {
        "@id": "way/54690463",
        "addr:full": "Schloss 3, 6, 3076 Worb",
        "castle_type": "stately",
        "castle_type:de": "schloss",
        "historic": "castle",
        "image": "https://upload.wikimedia.org/wikipedia/commons/thumb/f/fc/Schloss_Worb.JPG/500px-Schloss_Worb.JPG",
        "name": "Schloss Worb",
        "wikidata": "Q682449",
        "wikimedia_commons": "Category:Schloss Worb",
        "wikipedia:de": "Schloss Worb",
        "@geometry": "center"
      },
      "geometry": {
        "type": "Point",
        "coordinates": [
          7.5673293,
          46.9311657
        ]
      },
      "id": "way/54690463"
    },
    {
      "type": "Feature",
      "properties": {
        "@id": "way/54934870",
        "access": "private",
        "addr:city": "Worb",
        "addr:country": "CH",
        "addr:housenumber": "12",
        "addr:postcode": "3076",
        "addr:street": "Farbstrasse",
        "building": "yes",
        "castle_type": "stately",
        "historic": "castle",
        "name": "Neues Schloss Worb",
        "source": "Orthofotos Vermessungsamt Stadt Bern",
        "wikidata": "Q1762078",
        "wikipedia": "de:Neues Schloss Worb",
        "@geometry": "center"
      },
      "geometry": {
        "type": "Point",
        "coordinates": [
          7.5708342,
          46.9292224
        ]
      },
      "id": "way/54934870"
    },
    {
      "type": "Feature",
      "properties": {
        "@id": "way/55417346",
        "addr:street": "Bisibergweg",
        "building": "yes",
        "castle_type": "defensive",
        "historic": "castle",
        "historic:civilization": "medieval",
        "name": "Alt Falkenstein",
        "website": "https://www.museum-alt-falkenstein.ch/",
        "wikidata": "Q1010707",
        "wikipedia": "de:Burg Alt-Falkenstein (Balsthal)",
        "@geometry": "center"
      },
      "geometry": {
        "type": "Point",
        "coordinates": [
          7.6906589,
          47.3069828
        ]
      },
      "id": "way/55417346"
    },
    {
      "type": "Feature",
      "properties": {
        "@id": "way/55486990",
        "access": "yes",
        "addr:housenumber": "12",
        "addr:street": "Schloss",
        "alt_name": "Buechischlössli",
        "building": "yes",
        "castle_type": "defensive",
        "historic": "castle",
        "historic:civilization": "medieval",
        "name": "Schlösschen Buchegg",
        "ruins": "no",
        "website": "https://www.schlossbuchegg.ch/",
        "wikidata": "Q4982668",
        "wikipedia": "en:Buchegg Castle",
        "@geometry": "center"
      },
      "geometry": {
        "type": "Point",
        "coordinates": [
          7.510018,
          47.1412416
        ]
      },
      "id": "way/55486990"
    },
    {
      "type": "Feature",
      "properties": {
        "@id": "way/55589733",
        "access": "yes",
        "addr:city": "Metzerlen-Mariastein",
        "addr:housenumber": "1",
        "addr:postcode": "4116",
        "addr:street": "Burg Rotberg",
        "building": "castle",
        "castle_type": "defensive",
        "historic": "castle",
        "historic:civilization": "medieval",
        "name": "Burg Rotberg",
        "source": "SO!GIS Import",
        "website": "https://www.youthhostel.ch/de/hostels/mariastein/",
        "wikidata": "Q1013732",
        "wikipedia": "de:Burg Rotberg",
        "@geometry": "center"
      },
      "geometry": {
        "type": "Point",
        "coordinates": [
          7.4844148,
          47.465119
        ]
      },
      "id": "way/55589733"
    },
    {
      "type": "Feature",
      "properties": {
        "@id": "way/56230412",
        "building": "yes",
        "castle_type": "defensive",
        "historic": "castle",
        "name": "Alt-Wartburg",
        "ruins": "yes",
        "tourism": "attraction",
        "wheelchair": "no",
        "wikidata": "Q433002",
        "wikipedia": "de:Alt-Wartburg",
        "@geometry": "center"
      },
      "geometry": {
        "type": "Point",
        "coordinates": [
          7.91903,
          47.3332832
        ]
      },
      "id": "way/56230412"
    },
    {
      "type": "Feature",
      "properties": {
        "@id": "way/57013796",
        "addr:housenumber": "7",
        "addr:street": "Wylihof",
        "building": "yes",
        "castle_type": "stately",
        "historic": "castle",
        "name": "Schlösschen Wilihof",
        "wikidata": "Q1167117",
        "@geometry": "center"
      },
      "geometry": {
        "type": "Point",
        "coordinates": [
          7.5901009,
          47.2250245
        ]
      },
      "id": "way/57013796"
    },
    {
      "type": "Feature",
      "properties": {
        "@id": "way/58067917",
        "addr:city": "Olten",
        "addr:country": "CH",
        "addr:housenumber": "1",
        "addr:place": "Säli-Schlössli",
        "addr:postcode": "4600",
        "alt_name": "Schloss Wartburg-Säli",
        "building": "yes",
        "castle_type": "stately",
        "historic": "castle",
        "historic:civilization": "medieval",
        "name": "Säli-Schlössli",
        "wikidata": "Q1485350",
        "wikipedia": "de:Sälischlössli",
        "@geometry": "center"
      },
      "geometry": {
        "type": "Point",
        "coordinates": [
          7.9191134,
          47.3349283
        ]
      },
      "id": "way/58067917"
    },
    {
      "type": "Feature",
      "properties": {
        "@id": "way/59275853",
        "access": "yes",
        "archaeological_site": "fortification",
        "castle_type": "defensive",
        "historic": "castle",
        "historic:civilization": "medieval",
        "image": "https://upload.wikimedia.org/wikipedia/commons/thumb/b/bc/B-Reigoldswil-Burgruine-Rifenstein.jpg/960px-B-Reigoldswil-Burgruine-Rifenstein.jpg",
        "name": "Ruine Rifenstein",
        "ruins": "yes",
        "wikidata": "Q2175411",
        "wikimedia_commons": "Category:Burg Rifenstein",
        "wikipedia:de": "Ruine Rifenstein",
        "@geometry": "center"
      },
      "geometry": {
        "type": "Point",
        "coordinates": [
          7.7016322,
          47.4007632
        ]
      },
      "id": "way/59275853"
    },
    {
      "type": "Feature",
      "properties": {
        "@id": "way/60174110",
        "alt_name": "Ruine Frohburg",
        "castle_type": "defensive",
        "ele": "830",
        "historic": "castle",
        "name": "Ruine Froburg",
        "ruins": "yes",
        "tourism": "attraction",
        "wikidata": "Q339236",
        "wikipedia": "de:Ruine Frohburg",
        "@geometry": "center"
      },
      "geometry": {
        "type": "Point",
        "coordinates": [
          7.8898173,
          47.3793512
        ]
      },
      "id": "way/60174110"
    },
    {
      "type": "Feature",
      "properties": {
        "@id": "way/74701393",
        "addr:city": "Chambésy",
        "addr:country": "CH",
        "addr:housenumber": "32",
        "addr:postcode": "1292",
        "addr:street": "Route de Pregny",
        "alt_name": "Château Rothschild",
        "building": "yes",
        "castle_type": "stately",
        "historic": "castle",
        "name": "Château de Pregny",
        "name:de": "Schloss Pregny",
        "name:en": "Pregny Castle",
        "wikidata": "Q5118823",
        "@geometry": "center"
      },
      "geometry": {
        "type": "Point",
        "coordinates": [
          6.1417779,
          46.2352506
        ]
      },
      "id": "way/74701393"
    },
    {
      "type": "Feature",
      "properties": {
        "@id": "way/75873164",
        "addr:city": "Chambésy",
        "addr:country": "CH",
        "addr:housenumber": "16",
        "addr:postcode": "1292",
        "addr:street": "Chemin Palud",
        "building": "yes",
        "castle_type": "stately",
        "historic": "castle",
        "name": "Château de Tournay",
        "wikidata": "Q29711399",
        "@geometry": "center"
      },
      "geometry": {
        "type": "Point",
        "coordinates": [
          6.1380028,
          46.2371855
        ]
      },
      "id": "way/75873164"
    },
    {
      "type": "Feature",
      "properties": {
        "@id": "way/76979246",
        "castle_type": "defensive",
        "castle_type:de": "burg",
        "historic": "castle",
        "name": "Burghalden",
        "ruins": "yes",
        "website": "http://www.dickemauern.de/burghalden/index.htm",
        "wikidata": "Q1560310",
        "wikipedia": "de:Ruine Burghalden",
        "@geometry": "center"
      },
      "geometry": {
        "type": "Point",
        "coordinates": [
          7.7331665,
          47.4946154
        ]
      },
      "id": "way/76979246"
    },
    {
      "type": "Feature",
      "properties": {
        "@id": "way/78066636",
        "access": "yes",
        "addr:full": "Wartenberg 32, 4132 Muttenz",
        "building": "yes",
        "castle_type": "defensive",
        "castle_type:de": "burg",
        "ele": "479",
        "fee": "yes",
        "height": "15",
        "historic": "castle",
        "historic:civilization": "medieval",
        "image": "https://upload.wikimedia.org/wikipedia/commons/thumb/5/5c/Mittlerer_Wartenberg.JPG/450px-Mittlerer_Wartenberg.JPG",
        "man_made": "tower",
        "name": "Mittlere Wartenberg",
        "ruins": "yes",
        "tourism": "viewpoint",
        "tower:construction": "stone",
        "tower:type": "observation",
        "website": "https://wartenberg.ch/wb15/index.php/wartenberg/mittlere",
        "wheelchair": "limited",
        "wikidata": "Q14565337",
        "wikimedia_commons": "Category:Mittlere Wartenberg",
        "wikipedia:de": "Mittlerer Wartbergturm",
        "@geometry": "center"
      },
      "geometry": {
        "type": "Point",
        "coordinates": [
          7.6548091,
          47.5190042
        ]
      },
      "id": "way/78066636"
    },
    {
      "type": "Feature",
      "properties": {
        "@id": "way/79716926",
        "castle_type": "tower",
        "description": "Römischer Wachturm",
        "description:en": "Roman Watchtower",
        "historic": "castle",
        "historic:civilization": "roman",
        "name": "Römische Warte Au-Hard",
        "ruins": "yes",
        "wikidata": "Q17038209",
        "wikipedia": "de:Burgus Au-Hard",
        "@geometry": "center"
      },
      "geometry": {
        "type": "Point",
        "coordinates": [
          7.6584157,
          47.5401928
        ]
      },
      "id": "way/79716926"
    },
    {
      "type": "Feature",
      "properties": {
        "@id": "way/81771983",
        "access": "private",
        "addr:city": "St. Margrethen SG",
        "addr:country": "CH",
        "addr:housenumber": "40",
        "addr:place": "Vorburg",
        "addr:postcode": "9430",
        "building": "yes",
        "castle_type": "stately",
        "historic": "castle",
        "name": "Schloss Vorburg",
        "source": "Geoimage.at",
        "wikidata": "Q67772368",
        "@geometry": "center"
      },
      "geometry": {
        "type": "Point",
        "coordinates": [
          9.618412,
          47.4538777
        ]
      },
      "id": "way/81771983"
    },
    {
      "type": "Feature",
      "properties": {
        "@id": "way/83530623",
        "building": "castle",
        "castle_type": "defensive",
        "historic": "castle",
        "name": "Burg Blatten",
        "ruins": "yes",
        "source": "GeoImage.at",
        "wikidata": "Q18534466",
        "wikipedia": "de:Burg Blatten",
        "@geometry": "center"
      },
      "geometry": {
        "type": "Point",
        "coordinates": [
          9.5648302,
          47.3080155
        ]
      },
      "id": "way/83530623"
    },
    {
      "type": "Feature",
      "properties": {
        "@id": "way/84965808",
        "castle_type": "defensive",
        "ele": "555",
        "historic": "castle",
        "name": "Ruine Liebenberg",
        "ruins": "yes",
        "wikidata": "Q1575815",
        "wikipedia": "de:Ruine Liebenberg (Tösstal)",
        "@geometry": "center"
      },
      "geometry": {
        "type": "Point",
        "coordinates": [
          8.7907663,
          47.455703
        ]
      },
      "id": "way/84965808"
    },
    {
      "type": "Feature",
      "properties": {
        "@id": "way/86969620",
        "addr:city": "Biberstein",
        "addr:country": "CH",
        "addr:housename": "Schloss Biberstein",
        "addr:postcode": "5023",
        "area": "yes",
        "castle_type": "defensive",
        "fax": "+41 62 839 90 11",
        "historic": "castle",
        "historic:civilization": "medieval",
        "name": "Schloss Biberstein",
        "phone": "+41 62 839 90 10",
        "website": "https://www.schlossbiberstein.ch/",
        "wikidata": "Q1527890",
        "wikipedia": "de:Schloss Biberstein",
        "@geometry": "center"
      },
      "geometry": {
        "type": "Point",
        "coordinates": [
          8.0837019,
          47.4132732
        ]
      },
      "id": "way/86969620"
    },
    {
      "type": "Feature",
      "properties": {
        "@id": "way/87088539",
        "access": "private",
        "building": "yes",
        "castle_type": "stately",
        "description": "Schloss erbaut nach 1625. Restauriert 1840-1845. Jetzt Weingut.",
        "historic": "castle",
        "name": "Château des Bois",
        "ruins": "no",
        "source": "Orthophotos 2011 du SITG (Système d'Information du Territoire Genevois",
        "start_date": "1625",
        "wikidata": "Q29711535",
        "@geometry": "center"
      },
      "geometry": {
        "type": "Point",
        "coordinates": [
          6.0511729,
          46.2151401
        ]
      },
      "id": "way/87088539"
    },
    {
      "type": "Feature",
      "properties": {
        "@id": "way/87444291",
        "access": "private",
        "addr:housenumber": "2",
        "addr:street": "Schlössligasse",
        "building": "yes",
        "castle_type": "manor",
        "heritage": "2",
        "historic": "castle",
        "historic:civilization": "medieval",
        "name": "Schlössli",
        "source": "Bing",
        "tourism": "attraction",
        "wikidata": "Q1763336",
        "wikipedia": "de:Schlössli Bremgarten",
        "@geometry": "center"
      },
      "geometry": {
        "type": "Point",
        "coordinates": [
          8.3435881,
          47.3517088
        ]
      },
      "id": "way/87444291"
    },
    {
      "type": "Feature",
      "properties": {
        "@id": "way/88274587",
        "addr:full": "Stadtplatz 33, 3270 Aarberg",
        "addr:housenumber": "33",
        "addr:street": "stadtplatz",
        "alt_name": "Amthaus Aarberg",
        "building": "yes",
        "castle_type": "stately",
        "ele": "454",
        "heritage": "3",
        "heritage:operator": "babs",
        "historic": "castle",
        "historic:civilization": "medieval",
        "image": "https://upload.wikimedia.org/wikipedia/commons/thumb/d/de/Aarberg-Schloss.jpg/800px-Aarberg-Schloss.jpg",
        "name": "Amthaus Aarberg",
        "note": "KGS-Nr: Nummer des Kulturgutes, zu finden in den KGS-Listen des Bundes und der Kantone. BABS: Bundesamt für Bevölkerungsschutz",
        "ref:kgs": "582",
        "website": "https://www.be.ch/regierungsstatthalter",
        "wikidata": "Q4661682",
        "wikimedia_commons": "Category:Schloss Aarberg",
        "wikipedia": "de:Schloss Aarberg",
        "@geometry": "center"
      },
      "geometry": {
        "type": "Point",
        "coordinates": [
          7.2757771,
          47.0437688
        ]
      },
      "id": "way/88274587"
    },
    {
      "type": "Feature",
      "properties": {
        "@id": "way/88334609",
        "addr:city": "Lausanne",
        "addr:country": "CH",
        "addr:housenumber": "2",
        "addr:place": "Maison Olympique",
        "addr:postcode": "1007",
        "building": "yes",
        "castle_type": "stately",
        "historic": "castle",
        "name": "Château de Vidy",
        "wikidata": "Q104186301",
        "@geometry": "center"
      },
      "geometry": {
        "type": "Point",
        "coordinates": [
          6.5965087,
          46.5184682
        ]
      },
      "id": "way/88334609"
    },
    {
      "type": "Feature",
      "properties": {
        "@id": "way/88405881",
        "access": "private",
        "addr:city": "Luzern",
        "addr:housenumber": "1",
        "addr:place": "Burg Thorenberg",
        "addr:postcode": "6014",
        "alt_name": "Burg Thorenberg",
        "building": "yes",
        "castle_type": "stately",
        "description": "Ehemalige Burg der Ritter v. Thorenberg, erbaut wohl noch im 12. Jh., 1385 von Luzern zerstört. Nach anderen Quellen Stammsitz der Herren v. Littau. Heutiges Schlösschen erbaut um 1890. Sondierung 1994. Privatbesitz. (Quelle: Burgenverein.ch)",
        "historic": "castle",
        "historic:civilization": "medieval",
        "name": "Schlösschen Thorenberg",
        "wikidata": "Q67772372",
        "@geometry": "center"
      },
      "geometry": {
        "type": "Point",
        "coordinates": [
          8.2514689,
          47.0563998
        ]
      },
      "id": "way/88405881"
    },
    {
      "type": "Feature",
      "properties": {
        "@id": "way/89051811",
        "addr:city": "Cheseaux",
        "addr:country": "CH",
        "addr:housenumber": "10",
        "addr:postcode": "1033",
        "addr:street": "Route de Genève",
        "building": "yes",
        "castle_type": "stately",
        "historic": "castle",
        "name": "Château de Cheseaux",
        "wikidata": "Q29890665",
        "wikimedia_commons": "Category:Château d’En-Bas de Cheseaux (Cheseaux-sur-Lausanne)",
        "@geometry": "center"
      },
      "geometry": {
        "type": "Point",
        "coordinates": [
          6.6029536,
          46.5836206
        ]
      },
      "id": "way/89051811"
    },
    {
      "type": "Feature",
      "properties": {
        "@id": "way/89169336",
        "addr:city": "Paudex",
        "addr:country": "CH",
        "addr:housenumber": "2",
        "addr:postcode": "1094",
        "addr:street": "Chemin de Bochat",
        "building": "yes",
        "castle_type": "maison",
        "historic": "castle",
        "name": "Château de Bochat",
        "source": "Orthophoto swisstopo Level2",
        "wikidata": "Q67772373",
        "@geometry": "center"
      },
      "geometry": {
        "type": "Point",
        "coordinates": [
          6.6747576,
          46.5085936
        ]
      },
      "id": "way/89169336"
    },
    {
      "type": "Feature",
      "properties": {
        "@id": "way/89210279",
        "addr:city": "Baden",
        "addr:country": "CH",
        "addr:housenumber": "2",
        "addr:postcode": "5400",
        "addr:street": "Wettingerstrasse",
        "alt_name": "Niderhus",
        "building": "civic",
        "castle_type": "defensive",
        "historic": "castle",
        "historic:civilization": "medieval",
        "name": "Landvogteischloss",
        "roof:shape": "many",
        "wikidata": "Q1480000",
        "wikipedia": "de:Landvogteischloss Baden",
        "@geometry": "center"
      },
      "geometry": {
        "type": "Point",
        "coordinates": [
          8.3110008,
          47.4728624
        ]
      },
      "id": "way/89210279"
    },
    {
      "type": "Feature",
      "properties": {
        "@id": "way/89248644",
        "access": "private",
        "building": "yes",
        "castle_type": "stately",
        "historic": "castle",
        "name": "Château d'En-Haut",
        "source": "bing",
        "wikidata": "Q67772377",
        "@geometry": "center"
      },
      "geometry": {
        "type": "Point",
        "coordinates": [
          6.5528848,
          46.5760832
        ]
      },
      "id": "way/89248644"
    },
    {
      "type": "Feature",
      "properties": {
        "@id": "way/89248732",
        "access": "private",
        "addr:city": "Mex VD",
        "addr:housenumber": "3",
        "addr:postcode": "1031",
        "addr:street": "Route de Cossonay",
        "building": "yes",
        "castle_type": "stately",
        "historic": "castle",
        "name": "Château d'En-Bas",
        "source": "bing",
        "wikidata": "Q2968198",
        "wikimedia_commons": "Category:Château d'En-Bas, Mex",
        "wikipedia": "fr:Château d'En-Bas (Mex)",
        "@geometry": "center"
      },
      "geometry": {
        "type": "Point",
        "coordinates": [
          6.5511582,
          46.57701
        ]
      },
      "id": "way/89248732"
    },
    {
      "type": "Feature",
      "properties": {
        "@id": "way/89586956",
        "addr:city": "Collex",
        "addr:housenumber": "10",
        "addr:street": "Chemin de la Fenière",
        "building": "yes",
        "historic": "castle",
        "name": "Château de Collex",
        "wikidata": "Q29699873",
        "@geometry": "center"
      },
      "geometry": {
        "type": "Point",
        "coordinates": [
          6.118585,
          46.2701144
        ]
      },
      "id": "way/89586956"
    },
    {
      "type": "Feature",
      "properties": {
        "@id": "way/89604012",
        "addr:city": "Uitikon Waldegg",
        "addr:housenumber": "100",
        "addr:postcode": "8142",
        "addr:street": "Zürcherstrasse",
        "building": "yes",
        "castle_type": "stately",
        "description": "Auf Rundhügel. Giebelbau mit Krüppelwalmdach und Turmerker, ehemals mit Wehrmauer umgeben. Erbaut 2. Hälfte 16. Jh. als Gerichtsherrensitz von Uitikon-Niederurdorf, im 17./18. Jh. mehrfach verändert. (Quelle: Burgenverein.ch)",
        "historic": "castle",
        "historic:civilization": "medieval",
        "name": "Schloss Uitikon",
        "wikidata": "Q29933156",
        "wikimedia_commons": "Category:Schloss Uitikon",
        "wikipedia": "de:Schloss Uitikon",
        "@geometry": "center"
      },
      "geometry": {
        "type": "Point",
        "coordinates": [
          8.4456201,
          47.3681376
        ]
      },
      "id": "way/89604012"
    },
    {
      "type": "Feature",
      "properties": {
        "@id": "way/91520224",
        "access": "yes",
        "addr:city": "Echallens",
        "addr:country": "CH",
        "addr:postcode": "1040",
        "addr:street": "Place du Château",
        "building": "public",
        "castle_type": "defensive",
        "historic": "castle",
        "historic:civilization": "medieval",
        "name": "Château d'Échallens",
        "source": "https://www.geo.vd.ch/",
        "start_date": "1200",
        "wikidata": "Q2968367",
        "wikipedia": "fr:Château d'Échallens",
        "@geometry": "center"
      },
      "geometry": {
        "type": "Point",
        "coordinates": [
          6.6303843,
          46.6414374
        ]
      },
      "id": "way/91520224"
    },
    {
      "type": "Feature",
      "properties": {
        "@id": "way/92121105",
        "access": "permissive",
        "addr:city": "Uerikon",
        "addr:country": "CH",
        "addr:housename": "Ritterhaus",
        "addr:housenumber": "254",
        "addr:postcode": "8713",
        "addr:street": "Seestrasse",
        "alt_name": "Ritterhaus Uerikon",
        "building": "yes",
        "building:levels": "3",
        "castle_type": "defensive",
        "historic": "castle",
        "historic:civilization": "medieval",
        "name": "Ritterhaus Ürikon",
        "owner": "Ritterhaus-Vereinigung Ürikon-Stäfa",
        "website": "https://ritterhaus-uerikon.ch/",
        "wikidata": "Q2155180",
        "wikipedia": "de:Ritterhäuser Ürikon",
        "@geometry": "center"
      },
      "geometry": {
        "type": "Point",
        "coordinates": [
          8.756971,
          47.234355
        ]
      },
      "id": "way/92121105"
    },
    {
      "type": "Feature",
      "properties": {
        "@id": "way/92752916",
        "building": "yes",
        "castle_type": "stately",
        "description": "Rechteckiger Wohnturm, erbaut um 1200, 1309 verwüstet, Sitz der Herren v. Langnau (erwiesen 1383), 1548 erweitert. Seit 1955 Besitz der Gemeinde, 1974/76 zu Wohnzwecken ausgebaut. (Quelle: Burgenverein.ch)",
        "elevation": "485",
        "height": "12",
        "historic": "castle",
        "historic:civilization": "medieval",
        "name": "Schloss Langnau",
        "wikidata": "Q63348835",
        "wikimedia_commons": "Category:Schloss Langnau",
        "wikipedia": "de:Schloss Langnau",
        "@geometry": "center"
      },
      "geometry": {
        "type": "Point",
        "coordinates": [
          8.5407331,
          47.2878397
        ]
      },
      "id": "way/92752916"
    },
    {
      "type": "Feature",
      "properties": {
        "@id": "way/93129321",
        "building": "yes",
        "castle_type": "stately",
        "historic": "castle",
        "name": "Schloss Freudenfels",
        "ruins": "no",
        "website": "https://www.schloss-freudenfels.ch",
        "wikidata": "Q5503257",
        "wikipedia": "de:Schloss Freudenfels",
        "@geometry": "center"
      },
      "geometry": {
        "type": "Point",
        "coordinates": [
          8.8900418,
          47.6389737
        ]
      },
      "id": "way/93129321"
    },
    {
      "type": "Feature",
      "properties": {
        "@id": "way/94381961",
        "access": "customers",
        "addr:city": "Gossau SG",
        "addr:housenumber": "193",
        "addr:place": "Oberberg",
        "addr:postcode": "9200",
        "building": "yes",
        "castle_type": "stately",
        "ele": "723",
        "historic": "castle",
        "layer": "-1",
        "name": "Schloss Oberberg",
        "website": "https://www.schloss-oberberg.ch/",
        "wheelchair": "yes",
        "wikidata": "Q2242756",
        "wikipedia": "de:Schloss Oberberg",
        "@geometry": "center"
      },
      "geometry": {
        "type": "Point",
        "coordinates": [
          9.2858767,
          47.4147042
        ]
      },
      "id": "way/94381961"
    },
    {
      "type": "Feature",
      "properties": {
        "@id": "way/96073193",
        "building": "yes",
        "castle_type": "manor",
        "contact:addr": "Bümplizstrasse 97, 3018 Bern",
        "description": "Anmerkung: Neues Schloss und Altes Schloss haben die gleiche KGS Nummer.",
        "heritage": "3",
        "heritage:operator": "babs",
        "historic": "castle",
        "image": "https://upload.wikimedia.org/wikipedia/commons/thumb/9/9b/NeuesSchlossBuempliz.JPG/800px-NeuesSchlossBuempliz.JPG",
        "name": "Neues Schloss Bümpliz",
        "note": "Neues Schloss und Altes Schloss haben gleiche KGS-Nr: - KGS-Nr: Nummer des Kulturgutes, zu finden in den KGS-Listen des Bundes und der Kantone. BABS: Bundesamt für Bevölkerungsschutz",
        "ref:kgs": "676",
        "website": "https://www.schloss-buempliz.ch",
        "wikidata": "Q1980408",
        "wikimedia_commons": "Category:Neues Schloss Bümpliz",
        "wikipedia": "de:Neues Schloss Bümpliz",
        "@geometry": "center"
      },
      "geometry": {
        "type": "Point",
        "coordinates": [
          7.3919874,
          46.9432459
        ]
      },
      "id": "way/96073193"
    },
    {
      "type": "Feature",
      "properties": {
        "@id": "way/97381842",
        "addr:city": "Clarens",
        "addr:housenumber": "1",
        "addr:postcode": "1815",
        "addr:street": "Chemin de Planchamp-Dessous",
        "building": "yes",
        "castle_type": "defensive",
        "historic": "castle",
        "name": "Château du Châtelard",
        "wikidata": "Q2971666",
        "wikipedia": "fr:Château du Châtelard (Vaud)",
        "@geometry": "center"
      },
      "geometry": {
        "type": "Point",
        "coordinates": [
          6.8991698,
          46.4474823
        ]
      },
      "id": "way/97381842"
    },
    {
      "type": "Feature",
      "properties": {
        "@id": "way/97958762",
        "access": "yes",
        "addr:full": "Aegeristrasse 90, 6417 Sattel",
        "alt_name": "Turm zum Schornen",
        "building": "yes",
        "castle_type": "defensive",
        "description": "Wehrturm aus dem 14. Jh. der Teil einer militärischen Talsperre (Letzi) war.",
        "historic": "castle",
        "historic:civilization": "medieval",
        "image": "https://upload.wikimedia.org/wikipedia/commons/thumb/1/1e/Sattel_Schornen_Letziturm.jpg/450px-Sattel_Schornen_Letziturm.jpg",
        "name": "Letziturm",
        "start_date": "C14",
        "wikidata": "Q29525558",
        "wikimedia_commons": "Category:Morgarten Letzi",
        "wikipedia:de": "Turm zu Schornen",
        "@geometry": "center"
      },
      "geometry": {
        "type": "Point",
        "coordinates": [
          8.6339894,
          47.0912867
        ]
      },
      "id": "way/97958762"
    },
    {
      "type": "Feature",
      "properties": {
        "@id": "way/98495531",
        "addr:city": "Berneck",
        "addr:housenumber": "4",
        "addr:postcode": "9442",
        "addr:street": "Buechholzstrasse",
        "building": "yes",
        "castle_type": "stately",
        "historic": "castle",
        "image": "https://upload.wikimedia.org/wikipedia/commons/thumb/2/2e/Schlössli_Buechholz_Berneck.jpg/500px-Schlössli_Buechholz_Berneck.jpg",
        "name": "Schlössli Buchholz",
        "ruins": "no",
        "wikidata": "Q29786401",
        "wikimedia_commons": "Category:Schlössli Buechholz (Buechholzstrasse 4, Berneck)",
        "@geometry": "center"
      },
      "geometry": {
        "type": "Point",
        "coordinates": [
          9.6161719,
          47.4168204
        ]
      },
      "id": "way/98495531"
    },
    {
      "type": "Feature",
      "properties": {
        "@id": "way/98520525",
        "addr:housenumber": "20",
        "addr:street": "Schlossweg",
        "building": "yes",
        "building:roof": "tile",
        "castle_type": "stately",
        "historic": "castle",
        "historic:civilization": "medieval",
        "name": "Schloss Böttstein",
        "wikidata": "Q1409854",
        "wikipedia": "de:Schloss Böttstein",
        "@geometry": "center"
      },
      "geometry": {
        "type": "Point",
        "coordinates": [
          8.2250661,
          47.5549619
        ]
      },
      "id": "way/98520525"
    },
    {
      "type": "Feature",
      "properties": {
        "@id": "node/100873503",
        "access": "yes",
        "alt_name": "Pechpfannenhüsli",
        "castle_type": "tower",
        "description": "Hochwacht, 1655 zum festen Wachturm ausgebaut, 1812 aufgelassen.",
        "historic": "castle",
        "historic:civilization": "medieval",
        "name": "Hochwacht Rhinsberg",
        "ruins": "yes",
        "start_date": "C17",
        "wikidata": "Q101445889",
        "wikipedia": "de:Hochwacht Rhinsberg"
      },
      "geometry": {
        "type": "Point",
        "coordinates": [
          8.5360561,
          47.5595606
        ]
      },
      "id": "node/100873503"
    },
    {
      "type": "Feature",
      "properties": {
        "@id": "way/103893233",
        "addr:city": "Ebikon",
        "addr:housenumber": "22",
        "addr:postcode": "6030",
        "addr:street": "Schachenstrasse",
        "building": "yes",
        "castle_type": "manor",
        "historic": "castle",
        "name": "Landsitz Hünenberg",
        "wikidata": "Q29785539",
        "@geometry": "center"
      },
      "geometry": {
        "type": "Point",
        "coordinates": [
          8.3182107,
          47.0673106
        ]
      },
      "id": "way/103893233"
    },
    {
      "type": "Feature",
      "properties": {
        "@id": "way/103893513",
        "access": "customers",
        "addr:city": "Meggen",
        "addr:housenumber": "53",
        "addr:postcode": "6045",
        "addr:street": "Meggenhornstrasse",
        "building": "yes",
        "castle_type": "stately",
        "historic": "castle",
        "historic:civilization": "medieval",
        "name": "Schloss Meggenhorn",
        "website": "https://www.meggen.ch/de/schlossmeggenhorn/",
        "wikidata": "Q691880",
        "wikimedia_commons": "Category:Schloss Meggenhorn",
        "wikipedia:de": "Meggenhorn",
        "@geometry": "center"
      },
      "geometry": {
        "type": "Point",
        "coordinates": [
          8.3562342,
          47.0352199
        ]
      },
      "id": "way/103893513"
    },
    {
      "type": "Feature",
      "properties": {
        "@id": "way/104023758",
        "building": "castle",
        "castle_type": "stately",
        "historic": "castle",
        "historic:civilization": "medieval",
        "name": "Schloss Klingnau",
        "wikidata": "Q679553",
        "wikipedia": "de:Schloss Klingnau",
        "@geometry": "center"
      },
      "geometry": {
        "type": "Point",
        "coordinates": [
          8.2483785,
          47.5809881
        ]
      },
      "id": "way/104023758"
    },
    {
      "type": "Feature",
      "properties": {
        "@id": "way/104372795",
        "alt_name": "Thierlisberg",
        "building": "yes",
        "castle_type": "defensive",
        "description": "Südöstlich des Bäntales auf steilem, bewaldetem Burghügel spärliche Mauerreste erkennbar. Sitz der Schad, einem Zweig der Familie von Liebenberg (12. Jh.). (Quelle: Burgenverein.ch)",
        "ele": "622",
        "historic": "castle",
        "historic:civilization": "medieval",
        "name": "Ruine Tierlisberg",
        "ruins": "yes",
        "wikidata": "Q67772388",
        "wikipedia": "de:Ruine Tierlisberg",
        "@geometry": "center"
      },
      "geometry": {
        "type": "Point",
        "coordinates": [
          8.7915722,
          47.4593045
        ]
      },
      "id": "way/104372795"
    },
    {
      "type": "Feature",
      "properties": {
        "@id": "way/104414029",
        "access": "private",
        "castle_type": "stately",
        "historic": "castle",
        "historic:civilization": "medieval",
        "name": "Schloss Trostburg",
        "wikidata": "Q106088538",
        "wikipedia": "de:Trostburg (Teufenthal)",
        "@geometry": "center"
      },
      "geometry": {
        "type": "Point",
        "coordinates": [
          8.1186789,
          47.3303336
        ]
      },
      "id": "way/104414029"
    },
    {
      "type": "Feature",
      "properties": {
        "@id": "way/106165878",
        "access": "yes",
        "area": "yes",
        "castle_type": "defensive",
        "castle_type:de": "burg",
        "historic": "ruins",
        "historic:civilization": "medieval",
        "name": "Ruine Schönenwerd",
        "ruins": "castle",
        "wikidata": "Q2175435",
        "wikipedia": "de:Ruine Schönenwerd",
        "@geometry": "center"
      },
      "geometry": {
        "type": "Point",
        "coordinates": [
          8.4284303,
          47.3984457
        ]
      },
      "id": "way/106165878"
    },
    {
      "type": "Feature",
      "properties": {
        "@id": "way/106231062",
        "addr:city": "Cheseaux-Noréaz",
        "addr:country": "CH",
        "addr:housenumber": "1",
        "addr:postcode": "1400",
        "addr:street": "Chemin de la Cariçaie",
        "building": "yes",
        "castle_type": "stately",
        "historic": "castle",
        "name": "Château de Champittet",
        "name:de": "Champ-Pittet",
        "wikidata": "Q1060981",
        "@geometry": "center"
      },
      "geometry": {
        "type": "Point",
        "coordinates": [
          6.665827,
          46.7835951
        ]
      },
      "id": "way/106231062"
    },
    {
      "type": "Feature",
      "properties": {
        "@id": "way/106674751",
        "addr:city": "St. Margrethen SG",
        "addr:country": "CH",
        "addr:housenumber": "71",
        "addr:place": "Schloss Weinberg",
        "addr:postcode": "9430",
        "building": "yes",
        "castle_type": "stately",
        "historic": "castle",
        "name": "Schloss Weinberg",
        "ruins": "no",
        "wikidata": "Q22340590",
        "wikipedia": "de:Schloss Weinberg (Schweiz)",
        "@geometry": "center"
      },
      "geometry": {
        "type": "Point",
        "coordinates": [
          9.603665,
          47.4562218
        ]
      },
      "id": "way/106674751"
    },
    {
      "type": "Feature",
      "properties": {
        "@id": "way/106697327",
        "addr:city": "Kriens",
        "addr:housenumber": "118",
        "addr:place": "Schloss Schauensee",
        "addr:postcode": "6010",
        "building": "yes",
        "castle_type": "stately",
        "castle_type:de": "schloss",
        "historic": "castle",
        "name": "Schloss Schauensee",
        "wikidata": "Q1662690",
        "wikipedia": "de:Schloss Schauensee",
        "@geometry": "center"
      },
      "geometry": {
        "type": "Point",
        "coordinates": [
          8.2813814,
          47.0274086
        ]
      },
      "id": "way/106697327"
    },
    {
      "type": "Feature",
      "properties": {
        "@id": "way/107208825",
        "addr:city": "Münchenbuchsee",
        "addr:country": "CH",
        "addr:housenumber": "38",
        "addr:postcode": "3053",
        "addr:street": "Hofwilstrasse",
        "building": "yes",
        "castle_type": "stately",
        "historic": "castle",
        "name": "Schloss Hofwil",
        "wikidata": "Q5876909",
        "wikipedia": "en:Hofwil Castle",
        "@geometry": "center"
      },
      "geometry": {
        "type": "Point",
        "coordinates": [
          7.4617444,
          47.0213048
        ]
      },
      "id": "way/107208825"
    },
    {
      "type": "Feature",
      "properties": {
        "@id": "way/109427789",
        "addr:city": "La Tour-de-Peilz",
        "addr:housenumber": "144",
        "addr:street": "Route de Chailly",
        "building": "yes",
        "castle_type": "stately",
        "historic": "castle",
        "name": "Château de Sully",
        "wikidata": "Q29890911",
        "@geometry": "center"
      },
      "geometry": {
        "type": "Point",
        "coordinates": [
          6.8754153,
          46.4494413
        ]
      },
      "id": "way/109427789"
    },
    {
      "type": "Feature",
      "properties": {
        "@id": "way/109427802",
        "addr:city": "La Tour-de-Peilz",
        "addr:housenumber": "24",
        "addr:street": "Chemin du Cèdre",
        "building": "yes",
        "castle_type": "manor",
        "historic": "castle",
        "name": "Domaine de Burier",
        "wikidata": "Q63363819",
        "@geometry": "center"
      },
      "geometry": {
        "type": "Point",
        "coordinates": [
          6.875374,
          46.4475984
        ]
      },
      "id": "way/109427802"
    },
    {
      "type": "Feature",
      "properties": {
        "@id": "way/109582344",
        "building": "yes",
        "historic": "castle",
        "name": "Château de Montagny-les-Monts",
        "name:de": "Burgruine Montagny-les-Monts",
        "ruins": "yes",
        "wikidata": "Q29696554",
        "wikimedia_commons": "Category:Château de Montagny-les-Monts",
        "wikipedia:de": "Burgruine Montagny-les-Monts",
        "@geometry": "center"
      },
      "geometry": {
        "type": "Point",
        "coordinates": [
          6.9931083,
          46.8102807
        ]
      },
      "id": "way/109582344"
    },
    {
      "type": "Feature",
      "properties": {
        "@id": "way/110219691",
        "access": "no",
        "addr:city": "Münchenbuchsee",
        "addr:country": "CH",
        "addr:housename": "Schloss Münchembuchsee",
        "addr:housenumber": "16",
        "addr:postcode": "3053",
        "addr:street": "Klosterweg",
        "building": "yes",
        "castle_type": "stately",
        "historic": "castle",
        "image": "https://upload.wikimedia.org/wikipedia/commons/thumb/3/36/Münchenbuchsee,_Schloss.jpg/539px-Münchenbuchsee,_Schloss.jpg",
        "name": "Schloss Münchenbuchsee",
        "wikidata": "Q1671152",
        "wikimedia_commons": "Category:Schloss Münchenbuchsee",
        "wikipedia:de": "Schloss Münchenbuchsee",
        "@geometry": "center"
      },
      "geometry": {
        "type": "Point",
        "coordinates": [
          7.4484673,
          47.0220687
        ]
      },
      "id": "way/110219691"
    },
    {
      "type": "Feature",
      "properties": {
        "@id": "way/110801670",
        "addr:city": "Satigny",
        "addr:housenumber": "30",
        "addr:street": "Route du Crêt-de-Choully",
        "building": "yes",
        "castle_type": "stately",
        "historic": "castle",
        "name": "Château Choully",
        "source": "Orthophotos 2009 du SITG (Système d'Information du Territoire Genevois)",
        "wikidata": "Q5105458",
        "wikipedia": "en:Choully Castle",
        "@geometry": "center"
      },
      "geometry": {
        "type": "Point",
        "coordinates": [
          6.0297756,
          46.2230551
        ]
      },
      "id": "way/110801670"
    },
    {
      "type": "Feature",
      "properties": {
        "@id": "way/112167005",
        "addr:city": "Lutry",
        "addr:country": "CH",
        "addr:postcode": "1095",
        "building": "yes",
        "building:levels": "3",
        "castle_type": "stately",
        "historic": "castle",
        "layer": "1",
        "name": "Château de Lutry",
        "source": "OrthoPhoto PULLY swisstopo Level 2",
        "wikidata": "Q2969759",
        "wikimedia_commons": "Category:Château des Rôdeurs",
        "wikipedia": "en:Lutry Castle",
        "@geometry": "center"
      },
      "geometry": {
        "type": "Point",
        "coordinates": [
          6.6869229,
          46.5031305
        ]
      },
      "id": "way/112167005"
    },
    {
      "type": "Feature",
      "properties": {
        "@id": "way/112245481",
        "access": "yes",
        "castle_type": "defensive",
        "historic": "castle",
        "historic:civilization": "medieval",
        "name": "Schlossruine Dorneck",
        "ruins": "yes",
        "wikidata": "Q2175245",
        "wikipedia": "de:Ruine Dorneck",
        "@geometry": "center"
      },
      "geometry": {
        "type": "Point",
        "coordinates": [
          7.6279932,
          47.4800296
        ]
      },
      "id": "way/112245481"
    },
    {
      "type": "Feature",
      "properties": {
        "@id": "way/112245533",
        "castle_type": "defensive",
        "historic": "castle",
        "historic:civilization": "medieval",
        "name": "Alt Schauenburg",
        "ruins": "yes",
        "source": "survey",
        "website": "https://www.burgenwelt.org/schweiz/alt_schauenburg/object.php",
        "wikidata": "Q2175187",
        "wikipedia": "de:Ruine Alt-Schauenburg",
        "year_of_construction": "1275",
        "@geometry": "center"
      },
      "geometry": {
        "type": "Point",
        "coordinates": [
          7.6730846,
          47.4957146
        ]
      },
      "id": "way/112245533"
    },
    {
      "type": "Feature",
      "properties": {
        "@id": "way/112887717",
        "addr:city": "Sullens",
        "addr:country": "CH",
        "addr:housenumber": "6;6a",
        "addr:postcode": "1036",
        "addr:street": "Rue du Château",
        "building": "yes",
        "castle_type": "stately",
        "historic": "castle",
        "wikidata": "Q29891530",
        "wikimedia_commons": "Category:Château de Sullens",
        "@geometry": "center"
      },
      "geometry": {
        "type": "Point",
        "coordinates": [
          6.5668491,
          46.5939893
        ]
      },
      "id": "way/112887717"
    },
    {
      "type": "Feature",
      "properties": {
        "@id": "way/113983305",
        "access": "private",
        "addr:housename": "Schlössli Schönegg",
        "addr:housenumber": "1",
        "addr:postcode": "6003",
        "addr:street": "Wilhelmshöhe",
        "building": "yes",
        "castle_type": "stately",
        "historic": "castle",
        "historic:civilization": "modern",
        "name": "Schlössli Schönegg",
        "tourism": "attraction",
        "wikidata": "Q67772400",
        "@geometry": "center"
      },
      "geometry": {
        "type": "Point",
        "coordinates": [
          8.2972469,
          47.0506091
        ]
      },
      "id": "way/113983305"
    },
    {
      "type": "Feature",
      "properties": {
        "@id": "way/114512795",
        "access": "yes",
        "building": "yes",
        "castle_type": "defensive",
        "description": "Ruinen eines 3-geschossigen Gebäudes mit Schiesscharten. Wohl im 15. Jh. entstanden, und im 18. Jh. aufgelassen. (Quelle: Burgenverein.ch)",
        "ele": "1161",
        "historic": "castle",
        "historic:civilization": "medieval",
        "name": "Ruine Steihüs",
        "name:de": "Ruine Steinhaus",
        "ruins": "yes",
        "wikidata": "Q29928905",
        "wikimedia_commons": "Category:Burgruine Steinhaus und sogenanntes Zwingherrenschloss (Unterbäch)",
        "@geometry": "center"
      },
      "geometry": {
        "type": "Point",
        "coordinates": [
          7.7961034,
          46.2902871
        ]
      },
      "id": "way/114512795"
    },
    {
      "type": "Feature",
      "properties": {
        "@id": "way/115994103",
        "addr:housenumber": "11",
        "addr:street": "Kleine Kirchgasse",
        "alt_name": "Ibergerhof",
        "building": "yes",
        "castle_type": "stately",
        "historic": "castle",
        "name": "Iberghof",
        "wikidata": "Q1475804",
        "wikipedia": "de:Iberghof (Mellingen)",
        "@geometry": "center"
      },
      "geometry": {
        "type": "Point",
        "coordinates": [
          8.2752125,
          47.4177312
        ]
      },
      "id": "way/115994103"
    },
    {
      "type": "Feature",
      "properties": {
        "@id": "way/116522155",
        "addr:city": "Wiesendangen",
        "addr:housenumber": "26",
        "addr:postcode": "8542",
        "addr:street": "Dorfstrasse",
        "building": "yes",
        "building:roof": "tile",
        "castle_type": "defensive",
        "historic": "castle",
        "historic:civilization": "medieval",
        "name": "Schloss Wiesendangen",
        "opening_hours": "Su[1] 14:00-17:00; Aug off",
        "website": "https://www.wiesendangen.ch/de/kulturfreizeit/museum/",
        "wikidata": "Q55722653",
        "wikipedia": "de:Schloss Wiesendangen",
        "@geometry": "center"
      },
      "geometry": {
        "type": "Point",
        "coordinates": [
          8.7884961,
          47.5205986
        ]
      },
      "id": "way/116522155"
    },
    {
      "type": "Feature",
      "properties": {
        "@id": "way/116593922",
        "access": "private",
        "addr:city": "Kreuzlingen",
        "addr:country": "CH",
        "addr:housename": "Schloss Girsberg",
        "addr:housenumber": "57",
        "addr:postcode": "8280",
        "addr:street": "Girsbergstrasse",
        "building": "yes",
        "castle_type": "manor",
        "historic": "castle",
        "historic:civilization": "medieval",
        "image": "https://upload.wikimedia.org/wikipedia/commons/thumb/7/71/GirsbergKreuzlingen.JPG/960px-GirsbergKreuzlingen.JPG",
        "name": "Schloss Girsberg",
        "wikidata": "Q1438632",
        "wikimedia_commons": "Category:Schloss Girsberg",
        "wikipedia:de": "Schloss Girsberg",
        "@geometry": "center"
      },
      "geometry": {
        "type": "Point",
        "coordinates": [
          9.1502548,
          47.6454919
        ]
      },
      "id": "way/116593922"
    },
    {
      "type": "Feature",
      "properties": {
        "@id": "way/117120890",
        "access": "private",
        "addr:city": "Kreuzlingen",
        "addr:country": "CH",
        "addr:housename": "Schloss Brunnegg",
        "addr:postcode": "8280",
        "addr:street": "Girsbergstrasse",
        "building": "yes",
        "castle_type": "stately",
        "historic": "castle",
        "historic:civilization": "medieval",
        "name": "Schloss Brunnegg",
        "old_name": "Unterer Girsberg",
        "website": "https://www.schloss-brunnegg.ch",
        "wikidata": "Q992548",
        "wikimedia_commons": "Category:Schloss Brunegg (Kreuzlingen)",
        "wikipedia": "de:Brunnegg (Unterer Girsberg)",
        "@geometry": "center"
      },
      "geometry": {
        "type": "Point",
        "coordinates": [
          9.1521554,
          47.6468096
        ]
      },
      "id": "way/117120890"
    },
    {
      "type": "Feature",
      "properties": {
        "@id": "way/117974753",
        "addr:city": "Gränichen",
        "addr:country": "CH",
        "addr:housenumber": "2",
        "addr:postcode": "5722",
        "addr:street": "Liebegg",
        "building": "yes",
        "castle_type": "defensive",
        "historic": "castle",
        "name": "Schloss Liebegg",
        "ruins": "no",
        "website": "https://www.schloss-liebegg.ch/",
        "wikidata": "Q1757062",
        "wikipedia": "de:Schloss Liebegg",
        "@geometry": "center"
      },
      "geometry": {
        "type": "Point",
        "coordinates": [
          8.1177345,
          47.3362501
        ]
      },
      "id": "way/117974753"
    },
    {
      "type": "Feature",
      "properties": {
        "@id": "way/119547266",
        "addr:city": "La Croix-de-Rozon",
        "addr:housenumber": "99",
        "addr:street": "Route de Cugny",
        "building": "yes",
        "historic": "castle",
        "image": "https://upload.wikimedia.org/wikipedia/commons/thumb/4/43/Commanderie_de_Compesières.jpg/800px-Commanderie_de_Compesières.jpg",
        "name": "Commanderie de Compesières",
        "name:en": "Compesières Commandry",
        "name:fr": "Commanderie de Compesières",
        "source": "SITG - Etat Genève - Orthophotos",
        "wikidata": "Q2985844",
        "wikimedia_commons": "Category:Commanderie de Compesières",
        "wikipedia:en": "Compesières Commandry",
        "wikipedia:fr": "Commanderie de Compesières",
        "wikipedia:zh": "贡普西耶尔骑士团封地",
        "@geometry": "center"
      },
      "geometry": {
        "type": "Point",
        "coordinates": [
          6.1206101,
          46.1519314
        ]
      },
      "id": "way/119547266"
    },
    {
      "type": "Feature",
      "properties": {
        "@id": "way/119940715",
        "addr:postcode": "8808",
        "building": "yes",
        "castle_type": "stately",
        "historic": "castle",
        "historic:civilization": "medieval",
        "name": "Schlossturm Pfäffikon",
        "website": "https://www.schlossturm.ch/",
        "wikidata": "Q29525468",
        "wikipedia": "de:Schlossanlage Pfäffikon",
        "@geometry": "center"
      },
      "geometry": {
        "type": "Point",
        "coordinates": [
          8.7748426,
          47.2046505
        ]
      },
      "id": "way/119940715"
    },
    {
      "type": "Feature",
      "properties": {
        "@id": "way/122074065",
        "building": "yes",
        "castle_type": "manor",
        "historic": "castle",
        "historic:civilization": "medieval",
        "name": "Château d'En-Bas",
        "note": "Not to confuse with Château d'En-Bas (Mex)",
        "website": "http://www.swisscastles.ch/Fribourg/broc.html",
        "wikidata": "Q29688100",
        "@geometry": "center"
      },
      "geometry": {
        "type": "Point",
        "coordinates": [
          7.0936776,
          46.6024503
        ]
      },
      "id": "way/122074065"
    },
    {
      "type": "Feature",
      "properties": {
        "@id": "way/122544965",
        "addr:city": "Zernez",
        "addr:housename": "Chastè Planta-Wildenberg",
        "addr:housenumber": "124",
        "addr:postcode": "7530",
        "addr:street": "Runatsch",
        "building": "yes",
        "castle_type": "stately",
        "description": "National Park Administration",
        "historic": "castle",
        "name": "Chastè Planta-Wildenberg",
        "name:de": "Schloss Planta-Wildenberg",
        "name:en": "Castle Planta-Wildenberg",
        "name:rm": "Chastè Planta-Wildenberg",
        "source": "local_knowledge",
        "wikidata": "Q2244176",
        "wikipedia": "de:Schloss Wildenberg (Zernez)",
        "@geometry": "center"
      },
      "geometry": {
        "type": "Point",
        "coordinates": [
          10.0961963,
          46.699735
        ]
      },
      "id": "way/122544965"
    },
    {
      "type": "Feature",
      "properties": {
        "@id": "way/125003954",
        "addr:city": "Jouxtens-Mézery",
        "addr:housenumber": "19",
        "addr:postcode": "1008",
        "addr:street": "Chemin de Mézery",
        "building": "yes",
        "castle_type": "stately",
        "historic": "castle",
        "wikidata": "Q29890894",
        "@geometry": "center"
      },
      "geometry": {
        "type": "Point",
        "coordinates": [
          6.5971096,
          46.5558254
        ]
      },
      "id": "way/125003954"
    },
    {
      "type": "Feature",
      "properties": {
        "@id": "way/128834280",
        "amenity": "place_of_worship",
        "building": "chapel",
        "historic": "castle",
        "level": "5",
        "name": "Burgkapelle St. Nikolaus",
        "religion": "christian",
        "wikidata": "Q2222046",
        "wikipedia": "de:Sankt-Nikolaus-Kapelle (Baden)",
        "@geometry": "center"
      },
      "geometry": {
        "type": "Point",
        "coordinates": [
          8.3063841,
          47.473196
        ]
      },
      "id": "way/128834280"
    },
    {
      "type": "Feature",
      "properties": {
        "@id": "way/129368962",
        "access": "yes",
        "area": "yes",
        "castle_type": "defensive",
        "description": "Wohnbauten und ihre Nebenanlagen / Burgruinen / Archäologische Objekte / Römische Zeit / Mittelalter",
        "heritage": "2",
        "heritage:operator": "Kulturgüterschutz KGS",
        "historic": "castle",
        "name": "Burgruine Strahlegg",
        "note": "Medieval castle built on the fundament of a roman watchpost (about 25 BC).",
        "protect_class": "22",
        "ref": "9649",
        "ruins": "yes",
        "wikidata": "Q1015539",
        "wikipedia": "de:Burgruine Strahlegg",
        "@geometry": "center"
      },
      "geometry": {
        "type": "Point",
        "coordinates": [
          9.1472767,
          47.1350846
        ]
      },
      "id": "way/129368962"
    },
    {
      "type": "Feature",
      "properties": {
        "@id": "way/133620487",
        "building": "yes",
        "castle_type": "stately",
        "description": "Wohnbauten und ihre Nebenanlagen / Herrenhäuser (Schlösser, Herrensitze, Landsitze)",
        "heritage": "2",
        "heritage:operator": "Kulturgüterschutz KGS",
        "historic": "castle",
        "name": "Schloss Salenegg",
        "protect_class": "22",
        "ref": "3085",
        "wikidata": "Q14661772",
        "wikipedia": "de:Schloss Salenegg",
        "@geometry": "center"
      },
      "geometry": {
        "type": "Point",
        "coordinates": [
          9.5283042,
          47.010734
        ]
      },
      "id": "way/133620487"
    },
    {
      "type": "Feature",
      "properties": {
        "@id": "way/134053694",
        "building": "yes",
        "castle_type": "stately",
        "historic": "castle",
        "wikidata": "Q29711367",
        "@geometry": "center"
      },
      "geometry": {
        "type": "Point",
        "coordinates": [
          6.1259844,
          46.1598965
        ]
      },
      "id": "way/134053694"
    },
    {
      "type": "Feature",
      "properties": {
        "@id": "way/134119698",
        "access": "private",
        "addr:city": "Malans GR",
        "addr:housenumber": "15",
        "addr:postcode": "7208",
        "addr:street": "Bothmarweg",
        "building": "yes",
        "castle_type": "stately",
        "description": "1. Hälfte 16.Jh. erbaut durch Familie Beli. 1575 von Hauptmann Ambrosius Gugelberg von Moos (1547-1591) erworben. Durch Heirat an Familie Salis-Maienfeld, die um 1740 das Schloss zur jetzigen Gestalt ausbauten. (Quelle: Burgenverein.ch)",
        "heritage": "2",
        "heritage:operator": "Kulturgüterschutz KGS",
        "historic": "castle",
        "historic:civilization": "medieval",
        "name": "Schloss Bothmar",
        "protect_class": "22",
        "ref": "3095",
        "wikidata": "Q4948642",
        "@geometry": "center"
      },
      "geometry": {
        "type": "Point",
        "coordinates": [
          9.5757612,
          46.9854355
        ]
      },
      "id": "way/134119698"
    },
    {
      "type": "Feature",
      "properties": {
        "@id": "way/135080649",
        "addr:housenumber": "9",
        "addr:street": "Regensdorferstrasse",
        "building": "yes",
        "castle_type": "stately",
        "historic": "castle",
        "name": "Schlössli Weiningen",
        "wikidata": "Q29933245",
        "@geometry": "center"
      },
      "geometry": {
        "type": "Point",
        "coordinates": [
          8.4353039,
          47.420739
        ]
      },
      "id": "way/135080649"
    },
    {
      "type": "Feature",
      "properties": {
        "@id": "way/135109543",
        "access": "private",
        "addr:city": "Zizers",
        "addr:housenumber": "16",
        "addr:postcode": "7205",
        "addr:street": "Vialstrasse",
        "alt_name": "St. Johannesstift",
        "building": "yes",
        "castle_type": "stately",
        "description": "Erbaut um 1620 für den Santiago-Ritter Rudolf Andreas von Salis. Französisches Schloss nach Plänen des elsässischen Baumeister Cléber erbaut 1670-87 für Marschal Rudolf von Salis . Heute St.Johannes-Stift. (Quelle: Burgenverein.ch)",
        "historic": "castle",
        "historic:civilization": "medieval",
        "name": "Unteres Schloss",
        "wikidata": "Q29521724",
        "@geometry": "center"
      },
      "geometry": {
        "type": "Point",
        "coordinates": [
          9.5651219,
          46.9339629
        ]
      },
      "id": "way/135109543"
    },
    {
      "type": "Feature",
      "properties": {
        "@id": "way/135109548",
        "access": "private",
        "addr:city": "Zizers",
        "addr:housenumber": "3",
        "addr:postcode": "7205",
        "addr:street": "Stöcklistrasse",
        "building": "yes",
        "castle_type": "stately",
        "description": "Schloss vor 1694 erbaut für Baron Simon von Salis (1646-94), aus dem in Tirano beheimateten Zweig der von Salis. Neugestaltungen 1725 und um 1790. Seit 1947 in Besitz des Bistums Chur. (Quelle: Burgenverein.ch)",
        "historic": "castle",
        "historic:civilization": "medieval",
        "name": "Oberes Schloss",
        "wikidata": "Q29521715",
        "@geometry": "center"
      },
      "geometry": {
        "type": "Point",
        "coordinates": [
          9.5674649,
          46.9345468
        ]
      },
      "id": "way/135109548"
    },
    {
      "type": "Feature",
      "properties": {
        "@id": "way/135431517",
        "alt_name": "Strättligburg",
        "barrier": "wall",
        "castle_type": "defensive",
        "historic": "castle",
        "historic:civilization": "medieval",
        "name": "Ruine Strättligen",
        "source": "https://geodienste.ch/",
        "wall": "castle_wall",
        "wikidata": "Q2175448",
        "wikipedia": "de:Ruine Strättligen",
        "@geometry": "center"
      },
      "geometry": {
        "type": "Point",
        "coordinates": [
          7.6282106,
          46.7128653
        ]
      },
      "id": "way/135431517"
    },
    {
      "type": "Feature",
      "properties": {
        "@id": "way/135573248",
        "access": "private",
        "building": "yes",
        "castle_type": "stately",
        "historic": "castle",
        "name": "Schloss Rhäzüns",
        "ruins": "no",
        "wikidata": "Q2243143",
        "wikipedia": "de:Schloss Rhäzüns",
        "@geometry": "center"
      },
      "geometry": {
        "type": "Point",
        "coordinates": [
          9.4033635,
          46.7983578
        ]
      },
      "id": "way/135573248"
    },
    {
      "type": "Feature",
      "properties": {
        "@id": "way/136035003",
        "access": "no",
        "alt_name": "Juvalt",
        "castle_type": "defensive",
        "historic": "castle",
        "historic:civilization": "medieval",
        "name": "Burg Hochjuvalt",
        "ruins": "yes",
        "website": "https://viamala.graubuenden.ch/de/regionen-entdecken/domleschg-mutten/ruine-hochjuvalt",
        "wikidata": "Q1012375",
        "wikipedia": "de:Burg Hochjuvalt",
        "@geometry": "center"
      },
      "geometry": {
        "type": "Point",
        "coordinates": [
          9.4211476,
          46.7780997
        ]
      },
      "id": "way/136035003"
    },
    {
      "type": "Feature",
      "properties": {
        "@id": "way/136035570",
        "access": "customers",
        "alt_name": "Ruine Oberjuvalt",
        "building": "yes",
        "castle_type": "defensive",
        "historic": "castle",
        "historic:civilization": "medieval",
        "name": "Burg Innerjuvalt",
        "name:en": "Innerjuvalt Castle",
        "ruins": "yes",
        "wheelchair": "no",
        "wikidata": "Q1012564",
        "wikipedia": "de:Burg Innerjuvalt",
        "@geometry": "center"
      },
      "geometry": {
        "type": "Point",
        "coordinates": [
          9.4316705,
          46.7683073
        ]
      },
      "id": "way/136035570"
    },
    {
      "type": "Feature",
      "properties": {
        "@id": "way/136124835",
        "alt_name": "Schloss Paspels",
        "building": "yes",
        "castle_type": "stately",
        "historic": "castle",
        "name": "Schloss Sins",
        "wikidata": "Q2242877",
        "wikipedia": "de:Schloss Paspels",
        "@geometry": "center"
      },
      "geometry": {
        "type": "Point",
        "coordinates": [
          9.4402277,
          46.7499924
        ]
      },
      "id": "way/136124835"
    },
    {
      "type": "Feature",
      "properties": {
        "@id": "way/136215422",
        "access": "no",
        "castle_type": "defensive",
        "historic": "castle",
        "historic:civilization": "medieval",
        "name": "Ruine Alt-Süns",
        "ruins": "yes",
        "website": "https://www.pro-castellis.ch/ruine-alt-s%C3%BCns-1216.shtml",
        "wikidata": "Q1429472",
        "wikipedia": "de:Ruine Alt-Süns",
        "@geometry": "center"
      },
      "geometry": {
        "type": "Point",
        "coordinates": [
          9.4392011,
          46.7494502
        ]
      },
      "id": "way/136215422"
    },
    {
      "type": "Feature",
      "properties": {
        "@id": "way/136341434",
        "access": "private",
        "building": "yes",
        "castle_type": "stately",
        "historic": "castle",
        "historic:civilization": "medieval",
        "name": "Schloss Rietberg",
        "ruins": "no",
        "wikidata": "Q1277277",
        "wikipedia": "de:Schloss Rietberg",
        "@geometry": "center"
      },
      "geometry": {
        "type": "Point",
        "coordinates": [
          9.4480739,
          46.7357602
        ]
      },
      "id": "way/136341434"
    },
    {
      "type": "Feature",
      "properties": {
        "@id": "way/136550778",
        "building": "yes",
        "castle_type": "stately",
        "historic": "castle",
        "name": "Château de Vésenaz",
        "name:de": "Festes Haus von Vésenaz",
        "wikidata": "Q14622206",
        "@geometry": "center"
      },
      "geometry": {
        "type": "Point",
        "coordinates": [
          6.1981187,
          46.2388574
        ]
      },
      "id": "way/136550778"
    },
    {
      "type": "Feature",
      "properties": {
        "@id": "way/137602123",
        "addr:city": "Berneck",
        "addr:housenumber": "1",
        "addr:postcode": "9442",
        "addr:street": "Schlössliweg",
        "building": "yes",
        "castle_type": "stately",
        "historic": "castle",
        "name": "Schlössli Buechholz",
        "wikidata": "Q29786401",
        "@geometry": "center"
      },
      "geometry": {
        "type": "Point",
        "coordinates": [
          9.6066972,
          47.4248222
        ]
      },
      "id": "way/137602123"
    },
    {
      "type": "Feature",
      "properties": {
        "@id": "way/137725899",
        "access": "permissive",
        "addr:city": "Schlosswil",
        "addr:country": "CH",
        "addr:housenumber": "10",
        "addr:postcode": "3082",
        "addr:street": "Schlossweg",
        "alt_name": "Schloss Wyl",
        "building": "yes",
        "castle_type": "stately",
        "ele": "761",
        "historic": "castle",
        "historic:civilization": "medieval",
        "name": "Schloss Wil",
        "wikidata": "Q2244164",
        "wikipedia": "de:Schloss Wil",
        "@geometry": "center"
      },
      "geometry": {
        "type": "Point",
        "coordinates": [
          7.6079908,
          46.9081028
        ]
      },
      "id": "way/137725899"
    },
    {
      "type": "Feature",
      "properties": {
        "@id": "way/137866698",
        "addr:city": "Lonay",
        "addr:housenumber": "25",
        "addr:street": "Route de Roman",
        "building": "yes",
        "castle_type": "stately",
        "historic": "castle",
        "name": "Roman-Dessous",
        "wikidata": "Q29891098",
        "@geometry": "center"
      },
      "geometry": {
        "type": "Point",
        "coordinates": [
          6.5116059,
          46.5252495
        ]
      },
      "id": "way/137866698"
    },
    {
      "type": "Feature",
      "properties": {
        "@id": "way/137866712",
        "building": "yes",
        "castle_type": "stately",
        "historic": "castle",
        "name": "Roman-Dessus",
        "wikidata": "Q29891103",
        "@geometry": "center"
      },
      "geometry": {
        "type": "Point",
        "coordinates": [
          6.5136726,
          46.5260037
        ]
      },
      "id": "way/137866712"
    },
    {
      "type": "Feature",
      "properties": {
        "@id": "way/137882452",
        "addr:city": "Sils im Domleschg",
        "addr:housenumber": "12",
        "addr:postcode": "7411",
        "addr:street": "Oberer Ehrenfelsweg",
        "building": "castle",
        "castle_type": "defensive",
        "historic": "castle",
        "name": "Burg Ehrenfels",
        "wikidata": "Q1011548",
        "wikipedia": "de:Burg Ehrenfels (Sils)",
        "@geometry": "center"
      },
      "geometry": {
        "type": "Point",
        "coordinates": [
          9.4517856,
          46.6966506
        ]
      },
      "id": "way/137882452"
    },
    {
      "type": "Feature",
      "properties": {
        "@id": "way/138166238",
        "access": "yes",
        "castle_type": "defensive",
        "description": "Burgruine",
        "historic": "castle",
        "historic:civilization": "medieval",
        "name": "Campi",
        "ruins": "yes",
        "wikidata": "Q1011317",
        "wikipedia": "de:Burg Campell",
        "@geometry": "center"
      },
      "geometry": {
        "type": "Point",
        "coordinates": [
          9.4715631,
          46.7006458
        ]
      },
      "id": "way/138166238"
    },
    {
      "type": "Feature",
      "properties": {
        "@id": "way/139930352",
        "access": "private",
        "addr:city": "Masein",
        "addr:housenumber": "3",
        "addr:postcode": "7425",
        "addr:street": "Tagsteinweg",
        "building": "yes",
        "castle_type": "stately",
        "description": "Gegründet um 1200 durch die Herren v. Masein/Rialt, 1477 in Besitz der Familie Ringg, um 1700 Ruine. 1706 Schlossneubau für Johann Gaudenz Capol (1641-1717). Heutiger Zustand (1899) mit Gartenanlage. Privatbesitz. (Quelle: Burgenverein.ch)",
        "historic": "castle",
        "historic:civilization": "medieval",
        "image": "https://upload.wikimedia.org/wikipedia/commons/thumb/f/fa/Schloss_Untertagstein2.jpg/960px-Schloss_Untertagstein2.jpg",
        "name": "Schloss Untertagstein",
        "ruins": "no",
        "wikidata": "Q29784929",
        "wikimedia_commons": "Category:Schloss Tagstein",
        "@geometry": "center"
      },
      "geometry": {
        "type": "Point",
        "coordinates": [
          9.4323127,
          46.7045823
        ]
      },
      "id": "way/139930352"
    },
    {
      "type": "Feature",
      "properties": {
        "@id": "way/140703759",
        "castle_type": "defensive",
        "designation": "Tuor da Sais",
        "historic": "castle",
        "name": "Tuor da Sais",
        "name:de": "Turm_Schlans",
        "wikidata": "Q2460889",
        "wikipedia": "de:Turm Schlans",
        "@geometry": "center"
      },
      "geometry": {
        "type": "Point",
        "coordinates": [
          9.0169892,
          46.753169
        ]
      },
      "id": "way/140703759"
    },
    {
      "type": "Feature",
      "properties": {
        "@id": "way/141267745",
        "building": "yes",
        "castle_type": "defensive",
        "historic": "castle",
        "name": "Rosenberg (Berneck)",
        "source": "GeoImage.at",
        "wikidata": "Q29786394",
        "@geometry": "center"
      },
      "geometry": {
        "type": "Point",
        "coordinates": [
          9.6179223,
          47.4211854
        ]
      },
      "id": "way/141267745"
    },
    {
      "type": "Feature",
      "properties": {
        "@id": "way/142818152",
        "access": "yes",
        "castle_type": "defensive",
        "historic": "castle",
        "historic:civilization": "medieval",
        "name": "Burgruine Oberrinach",
        "ruins": "yes",
        "wikidata": "Q29785793",
        "@geometry": "center"
      },
      "geometry": {
        "type": "Point",
        "coordinates": [
          8.2379649,
          47.1912248
        ]
      },
      "id": "way/142818152"
    },
    {
      "type": "Feature",
      "properties": {
        "@id": "way/145122112",
        "access": "private",
        "building": "apartments",
        "castle_type": "stately",
        "historic": "castle",
        "name": "Schlössli Auenstein",
        "roof:shape": "many",
        "wikidata": "Q225551",
        "wikipedia": "de:Schloss Auenstein",
        "@geometry": "center"
      },
      "geometry": {
        "type": "Point",
        "coordinates": [
          8.1395422,
          47.4152974
        ]
      },
      "id": "way/145122112"
    },
    {
      "type": "Feature",
      "properties": {
        "@id": "way/146301327",
        "addr:city": "Wädenswil",
        "addr:housenumber": "1",
        "addr:place": "Schloss",
        "addr:postcode": "8820",
        "building": "yes",
        "castle_type": "stately",
        "historic": "castle",
        "name": "Schloss Neu-Wädenswil",
        "wikidata": "Q1404608",
        "wikimedia_commons": "Category:Schloss Wädenswil",
        "wikipedia": "de:Schloss Wädenswil",
        "@geometry": "center"
      },
      "geometry": {
        "type": "Point",
        "coordinates": [
          8.6766356,
          47.2230519
        ]
      },
      "id": "way/146301327"
    },
    {
      "type": "Feature",
      "properties": {
        "@id": "way/148618969",
        "addr:city": "Cuarnens",
        "addr:housenumber": "4",
        "addr:postcode": "1148",
        "addr:street": "Rue du Château",
        "building": "yes",
        "castle_type": "stately",
        "historic": "castle",
        "name": "Château de Cuarnens",
        "wikidata": "Q67772434",
        "@geometry": "center"
      },
      "geometry": {
        "type": "Point",
        "coordinates": [
          6.438628,
          46.6261008
        ]
      },
      "id": "way/148618969"
    },
    {
      "type": "Feature",
      "properties": {
        "@id": "way/149788210",
        "addr:city": "Kehrsatz",
        "addr:country": "CH",
        "addr:housenumber": "1",
        "addr:postcode": "3122",
        "addr:street": "Belpstrasse",
        "building": "yes",
        "castle_type": "stately",
        "ele": "568",
        "historic": "castle",
        "name": "Schlössli Kehrsatz",
        "source:addr": "Gebäudeadressen des Kantons Bern © Amt für Geoinformation des Kantons Bern",
        "wikidata": "Q2241845",
        "wikipedia": "de:Schloss Kehrsatz",
        "@geometry": "center"
      },
      "geometry": {
        "type": "Point",
        "coordinates": [
          7.4723375,
          46.9096468
        ]
      },
      "id": "way/149788210"
    },
    {
      "type": "Feature",
      "properties": {
        "@id": "way/149881513",
        "addr:city": "Zimmerwald",
        "addr:housenumber": "13",
        "addr:postcode": "3086",
        "addr:street": "Kirchstrasse",
        "building": "residential",
        "castle_type": "stately",
        "ele": "844",
        "historic": "castle",
        "name": "Schlössli Zimmerwald",
        "wikidata": "Q14558523",
        "@geometry": "center"
      },
      "geometry": {
        "type": "Point",
        "coordinates": [
          7.470686,
          46.8806925
        ]
      },
      "id": "way/149881513"
    },
    {
      "type": "Feature",
      "properties": {
        "@id": "way/150538160",
        "addr:city": "Münsingen",
        "addr:country": "CH",
        "addr:housenumber": "13",
        "addr:postcode": "3110",
        "addr:street": "Schlossstrasse",
        "building": "yes",
        "castle_type": "stately",
        "ele": "535",
        "historic": "castle",
        "name": "Schloss Münsingen",
        "source:addr": "Gebäudeadressen des Kantons Bern © Amt für Geoinformation des Kantons Bern",
        "wikidata": "Q15260587",
        "wikipedia": "de:Schloss Münsingen",
        "@geometry": "center"
      },
      "geometry": {
        "type": "Point",
        "coordinates": [
          7.5601911,
          46.8753169
        ]
      },
      "id": "way/150538160"
    },
    {
      "type": "Feature",
      "properties": {
        "@id": "way/153349153",
        "addr:city": "Frutigen",
        "addr:country": "CH",
        "addr:housenumber": "10a",
        "addr:postcode": "3714",
        "addr:street": "Hubelhausweg",
        "building": "yes",
        "castle_type": "defensive",
        "ele": "824",
        "historic": "castle",
        "image": "https://upload.wikimedia.org/wikipedia/commons/thumb/0/0c/Tellenburg_Frutigen_01_09.jpg/800px-Tellenburg_Frutigen_01_09.jpg",
        "name": "Tellenburg",
        "ruins": "yes",
        "website": "https://tellenburg.ch/",
        "wikidata": "Q1247344",
        "wikimedia_commons": "Category:Tellenburg (Frutigen)",
        "wikipedia:de": "Tellenburg",
        "@geometry": "center"
      },
      "geometry": {
        "type": "Point",
        "coordinates": [
          7.6520734,
          46.5759374
        ]
      },
      "id": "way/153349153"
    },
    {
      "type": "Feature",
      "properties": {
        "@id": "way/155516653",
        "access": "permit",
        "building": "yes",
        "building:levels": "3",
        "castle_type": "manor",
        "ele": "474",
        "historic": "castle",
        "historic:civilization": "medieval",
        "name": "Schloss Landshut",
        "roof:levels": "2",
        "roof:material": "roof_tiles",
        "roof:shape": "half-hipped",
        "website": "https://www.schlosslandshut.ch/",
        "wikidata": "Q452935",
        "wikipedia": "de:Schloss Landshut",
        "@geometry": "center"
      },
      "geometry": {
        "type": "Point",
        "coordinates": [
          7.5485035,
          47.1374554
        ]
      },
      "id": "way/155516653"
    },
    {
      "type": "Feature",
      "properties": {
        "@id": "way/157400274",
        "addr:city": "Berg SG",
        "addr:housenumber": "177",
        "addr:place": "Hahnberg",
        "addr:postcode": "9305",
        "alt_name": "Schloss Hahnberg",
        "building": "yes",
        "castle_type": "stately",
        "description": "Gemauerter 3-geschossiger Giebelbau mit Treppenturm, Eckquaderbemalung 1996 rekonstruiert; 1626 erbaut für die Familie Zollikofer, umgebaut um 1770 und 1920. (Quelle: Burgenverein.ch)",
        "historic": "castle",
        "historic:civilization": "medieval",
        "name": "Schloss Grosser Hahnberg",
        "note": "Garten ist täglich öffentlich zugänglich.",
        "source:outline": "swisstopo SWISSIMAGE",
        "wikidata": "Q29786390",
        "wikimedia_commons": "Category:Grosser Hahnberg Castle",
        "@geometry": "center"
      },
      "geometry": {
        "type": "Point",
        "coordinates": [
          9.4171777,
          47.4945539
        ]
      },
      "id": "way/157400274"
    },
    {
      "type": "Feature",
      "properties": {
        "@id": "way/157400276",
        "access": "private",
        "addr:city": "Berg SG",
        "addr:housenumber": "182",
        "addr:place": "Hahnberg",
        "addr:postcode": "9305",
        "building": "yes",
        "castle_type": "stately",
        "historic": "castle",
        "historic:civilization": "medieval",
        "name": "Schloss Kleiner Hahnberg",
        "wikidata": "Q6420259",
        "@geometry": "center"
      },
      "geometry": {
        "type": "Point",
        "coordinates": [
          9.4159382,
          47.4947186
        ]
      },
      "id": "way/157400276"
    },
    {
      "type": "Feature",
      "properties": {
        "@id": "way/159381686",
        "addr:full": "Jurastrasse 90, 4912 Aarwangen",
        "building": "yes",
        "castle_type": "defensive",
        "ele": "415",
        "heritage": "3",
        "historic": "castle",
        "historic:civilization": "medieval",
        "image": "https://upload.wikimedia.org/wikipedia/commons/thumb/5/5c/B-Aarwangen-Schloss.jpg/800px-B-Aarwangen-Schloss.jpg",
        "name": "Schloss Aarwangen",
        "note": "KGS-Nr: Nummer des Kulturgutes, zu finden in den KGS-Listen des Bundes und der Kantone. BABS: Bundesamt für Bevölkerungsschutz",
        "operator": "babs",
        "ref:kgs": "584",
        "wikidata": "Q265890",
        "wikimedia_commons": "Category:Schloss Aarwangen",
        "wikipedia": "de:Schloss Aarwangen",
        "@geometry": "center"
      },
      "geometry": {
        "type": "Point",
        "coordinates": [
          7.7633895,
          47.2457118
        ]
      },
      "id": "way/159381686"
    },
    {
      "type": "Feature",
      "properties": {
        "@id": "way/159398986",
        "building": "yes",
        "historic": "castle",
        "name": "Fraubrunnen",
        "wikidata": "Q1157562",
        "wikipedia": "de:Kloster Fraubrunnen",
        "@geometry": "center"
      },
      "geometry": {
        "type": "Point",
        "coordinates": [
          7.5266882,
          47.0848768
        ]
      },
      "id": "way/159398986"
    },
    {
      "type": "Feature",
      "properties": {
        "@id": "way/160049333",
        "building": "house",
        "castle_type": "stately",
        "historic": "castle",
        "name": "Schloss Schafisheim",
        "wikidata": "Q1532723",
        "wikipedia": "de:Schloss Schafisheim",
        "@geometry": "center"
      },
      "geometry": {
        "type": "Point",
        "coordinates": [
          8.1439279,
          47.378307
        ]
      },
      "id": "way/160049333"
    },
    {
      "type": "Feature",
      "properties": {
        "@id": "way/160267712",
        "access": "private",
        "addr:city": "Roggwil TG",
        "addr:country": "CH",
        "addr:housenumber": "1",
        "addr:place": "Mammertshofen",
        "addr:postcode": "9325",
        "building": "yes",
        "castle_type": "stately",
        "historic": "castle",
        "historic:civilization": "medieval",
        "name": "Schloss Mammertshofen",
        "start_date": "1240",
        "website": "https://www.roggwil-tg.ch/index.php?show=88",
        "wikidata": "Q1466642",
        "wikipedia": "de:Schloss Mammertshofen",
        "@geometry": "center"
      },
      "geometry": {
        "type": "Point",
        "coordinates": [
          9.3982874,
          47.4945872
        ]
      },
      "id": "way/160267712"
    },
    {
      "type": "Feature",
      "properties": {
        "@id": "way/160402795",
        "access": "private",
        "addr:city": "Berg SG",
        "addr:housenumber": "82",
        "addr:postcode": "9305",
        "addr:street": "Pfauenmoosstrasse",
        "building": "yes",
        "castle_type": "stately",
        "description": "3-geschossiger Bau mit Mansarddach und Dachreiter. Erbaut um 1564 für Leonhard Zollikofer (1529-87). 1760-62 umgebaut. Heute Privatbesitz.",
        "historic": "castle",
        "historic:civilization": "medieval",
        "image": "https://upload.wikimedia.org/wikipedia/commons/thumb/0/00/Pfauenmoos_(cropped).jpg/960px-Pfauenmoos_(cropped).jpg",
        "name": "Schloss Pfauenmoos",
        "wikidata": "Q29786391",
        "wikimedia_commons": "Category:Schloss Pfauenmoos (Pfauenmoosstrasse 82, Berg SG)",
        "@geometry": "center"
      },
      "geometry": {
        "type": "Point",
        "coordinates": [
          9.4197716,
          47.4869257
        ]
      },
      "id": "way/160402795"
    },
    {
      "type": "Feature",
      "properties": {
        "@id": "way/161672479",
        "addr:housenumber": "2",
        "addr:street": "Schlössliweg",
        "building": "yes",
        "castle_type": "stately",
        "historic": "castle",
        "name": "Schlösschen Von Vigier",
        "@geometry": "center"
      },
      "geometry": {
        "type": "Point",
        "coordinates": [
          7.6199015,
          47.2009946
        ]
      },
      "id": "way/161672479"
    },
    {
      "type": "Feature",
      "properties": {
        "@id": "way/162489464",
        "access": "yes",
        "addr:city": "Gretschins",
        "addr:country": "CH",
        "addr:postcode": "9479",
        "barrier": "wall",
        "castle_type": "defensive",
        "description": "Wohnbauten und ihre Nebenanlagen / Burgruinen / Archäologische Objekte / Mesolithikum / Neolithikum / Bronzezeit / Eisenzeit / Mittelalter",
        "heritage": "2",
        "heritage:operator": "Kulturgüterschutz KGS",
        "historic": "castle",
        "historic:civilization": "medieval",
        "layer": "1",
        "name": "Burgruine Wartau",
        "protect_class": "22",
        "ref": "8396",
        "ruins": "yes",
        "source": "survey",
        "tourism": "attraction",
        "wikidata": "Q1014484",
        "wikipedia": "de:Burg Wartau",
        "@geometry": "center"
      },
      "geometry": {
        "type": "Point",
        "coordinates": [
          9.4904079,
          47.0984932
        ]
      },
      "id": "way/162489464"
    },
    {
      "type": "Feature",
      "properties": {
        "@id": "way/162813985",
        "addr:city": "Thunstetten",
        "addr:country": "CH",
        "addr:housenumber": "5",
        "addr:postcode": "4922",
        "addr:street": "Berggasse",
        "building": "yes",
        "building:levels": "3",
        "castle_type": "stately",
        "castle_type:de": "schloss",
        "ele": "508",
        "historic": "castle",
        "name": "Schloss Thunstetten",
        "website": "https://www.schloss-thunstetten.ch/",
        "wikidata": "Q2243721",
        "@geometry": "center"
      },
      "geometry": {
        "type": "Point",
        "coordinates": [
          7.7533484,
          47.2052654
        ]
      },
      "id": "way/162813985"
    },
    {
      "type": "Feature",
      "properties": {
        "@id": "way/163124966",
        "building": "yes",
        "castle_type": "fortress",
        "historic": "castle",
        "name": "Tour de Milandre",
        "ruins": "yes",
        "source": "Orthophotos 1998 RCJU 50cm/Bing",
        "wikidata": "Q29785314",
        "@geometry": "center"
      },
      "geometry": {
        "type": "Point",
        "coordinates": [
          7.0152859,
          47.4854908
        ]
      },
      "id": "way/163124966"
    },
    {
      "type": "Feature",
      "properties": {
        "@id": "way/163491850",
        "access": "private",
        "alt_name": "Burg von Burg im Leimental",
        "castle_type": "stately",
        "description": "Gegründet wohl Mitte 13. Jh. durch die Herren v. Biederthal zu Ratolsdorf, 1269 bischöflicher Besitz, nach 1393 an die Herren v. Wessenberg verliehen, im 16./17. Jh. umgebaut. Renoviert um 1900 und 1970-75. Privatbesitz. (Quelle: Burgenverein.ch)",
        "historic": "castle",
        "historic:civilization": "medieval",
        "name": "Schloss Biederthal",
        "wikidata": "Q745681",
        "wikipedia": "de:Schloss Burg (Basel-Landschaft)",
        "@geometry": "center"
      },
      "geometry": {
        "type": "Point",
        "coordinates": [
          7.4408356,
          47.4568327
        ]
      },
      "id": "way/163491850"
    },
    {
      "type": "Feature",
      "properties": {
        "@id": "way/163539799",
        "access": "private",
        "building": "yes",
        "castle_type": "stately",
        "historic": "castle",
        "name": "Schloss Horben",
        "wikidata": "Q918607",
        "wikipedia": "de:Schloss Horben",
        "@geometry": "center"
      },
      "geometry": {
        "type": "Point",
        "coordinates": [
          8.3267908,
          47.2200838
        ]
      },
      "id": "way/163539799"
    },
    {
      "type": "Feature",
      "properties": {
        "@id": "way/165302116",
        "access": "yes",
        "castle_type": "defensive",
        "historic": "castle",
        "historic:civilization": "medieval",
        "name": "Schlossruine Waldenburg",
        "ruins": "yes",
        "tourism": "attraction",
        "wheelchair": "no",
        "wikidata": "Q2175472",
        "wikipedia": "de:Ruine Waldenburg BL",
        "@geometry": "center"
      },
      "geometry": {
        "type": "Point",
        "coordinates": [
          7.7528061,
          47.381698
        ]
      },
      "id": "way/165302116"
    },
    {
      "type": "Feature",
      "properties": {
        "@id": "way/166032559",
        "access": "yes",
        "alt_name": "Räuberschloss",
        "castle_type": "defensive",
        "historic": "castle",
        "historic:civilization": "medieval",
        "name": "Ruine Neuburg",
        "ruins": "yes",
        "wikidata": "Q2175367",
        "wikipedia": "de:Ruine Neuburg (Neuhausen am Rheinfall)",
        "@geometry": "center"
      },
      "geometry": {
        "type": "Point",
        "coordinates": [
          8.6081959,
          47.6759488
        ]
      },
      "id": "way/166032559"
    },
    {
      "type": "Feature",
      "properties": {
        "@id": "way/166218247",
        "access": "private",
        "addr:city": "Rheineck",
        "addr:country": "CH",
        "addr:housenumber": "15",
        "addr:postcode": "9424",
        "addr:street": "Löwenhofstrasse",
        "building": "yes",
        "castle_type": "manor",
        "description": "1746-48 erbaut für den Kaufmann Giovanni Heer. 1776-1869 Sitz der Kaufmannsfamilie Custer. Privatbesitz. (Quelle: Burgenverein.ch)",
        "historic": "castle",
        "name": "Löwenhof",
        "wikidata": "Q29523932",
        "@geometry": "center"
      },
      "geometry": {
        "type": "Point",
        "coordinates": [
          9.5865377,
          47.4679299
        ]
      },
      "id": "way/166218247"
    },
    {
      "type": "Feature",
      "properties": {
        "@id": "way/166509469",
        "addr:city": "Kreuzlingen",
        "addr:country": "CH",
        "addr:housenumber": "6",
        "addr:postcode": "8280",
        "addr:street": "Bärenstrasse",
        "building": "yes",
        "castle_type": "manor",
        "description": "Frühklassizistischer Bau 1774-84 für Johann Jakob Bächler erbaut; die weitläufigen Ökonomiebauten dahinter aus dem 17. Jh. Heute Schulhaus und Museum. (Quelle: Burgenverein.ch)",
        "historic": "castle",
        "historic:civilization": "medieval",
        "image": "https://upload.wikimedia.org/wikipedia/commons/thumb/5/5a/Museum_Rosenegg_Kreuzlingen.JPG/960px-Museum_Rosenegg_Kreuzlingen.JPG",
        "name": "Schloss Rosenegg",
        "wikidata": "Q134518034",
        "wikimedia_commons": "Category:Rosenegg mit Hinterhaus - Schulhaus Museum (Bärenstrasse 6, Kreuzlingen)",
        "@geometry": "center"
      },
      "geometry": {
        "type": "Point",
        "coordinates": [
          9.1720184,
          47.6442714
        ]
      },
      "id": "way/166509469"
    },
    {
      "type": "Feature",
      "properties": {
        "@id": "way/166995613",
        "access": "private",
        "building": "yes",
        "castle_type": "stately",
        "historic": "castle",
        "name": "Château de Vufflens",
        "wikidata": "Q1108708",
        "wikipedia": "fr:Château de Vufflens",
        "@geometry": "center"
      },
      "geometry": {
        "type": "Point",
        "coordinates": [
          6.4759898,
          46.5248406
        ]
      },
      "id": "way/166995613"
    },
    {
      "type": "Feature",
      "properties": {
        "@id": "way/167050930",
        "building": "yes",
        "castle_type": "stately",
        "currency:XBT": "yes",
        "historic": "castle",
        "name": "Château de Denens",
        "payment:lightning": "yes",
        "payment:lightning_contactless": "yes",
        "survey:date": "2025-03-20",
        "wikidata": "Q29890740",
        "wikimedia_commons": "File:Denens,_château_16-05-2017.jpg",
        "@geometry": "center"
      },
      "geometry": {
        "type": "Point",
        "coordinates": [
          6.4589408,
          46.5175168
        ]
      },
      "id": "way/167050930"
    },
    {
      "type": "Feature",
      "properties": {
        "@id": "way/167225110",
        "access": "customers",
        "addr:city": "Gelfingen",
        "addr:housenumber": "1",
        "addr:place": "Schloss Heidegg",
        "addr:postcode": "6284",
        "addr:street": "Schloss Heidegg",
        "building": "yes",
        "castle_type": "defensive",
        "dog": "no",
        "email": "info@heidegg.ch",
        "historic": "castle",
        "historic:civilization": "medieval",
        "name": "Schloss Heidegg",
        "opening_hours": "Feb-Mar Mo-Su 13:00-16:00; Apr-Oct 10:00-17:00; Nov-Jan Su 13:0-16:00; Dec 25-Jan 08 Mo-Su 13:00-16:00",
        "operator": "Vereinigung Pro Heidegg",
        "owner": "Kanton Luzern",
        "phone": "+41 41 917 13 25",
        "start_date": "1192",
        "tourism": "museum",
        "website": "https://www.heidegg.ch/",
        "wikidata": "Q1534495",
        "wikipedia": "de:Schloss Heidegg",
        "@geometry": "center"
      },
      "geometry": {
        "type": "Point",
        "coordinates": [
          8.27311,
          47.2166844
        ]
      },
      "id": "way/167225110"
    },
    {
      "type": "Feature",
      "properties": {
        "@id": "way/167369171",
        "addr:city": "Wangen an der Aare",
        "addr:country": "CH",
        "addr:housenumber": "26",
        "addr:postcode": "3380",
        "addr:street": "Städtli",
        "building": "yes",
        "castle_type": "stately",
        "heritage": "2",
        "heritage:operator": "babs",
        "historic": "castle",
        "historic:civilization": "medieval",
        "image": "https://upload.wikimedia.org/wikipedia/commons/thumb/5/5c/Wangen-an-der-Aare-Schloss.jpg/400px-Wangen-an-der-Aare-Schloss.jpg",
        "name": "Schloss Wangen an der Aare",
        "note": "KGS-Nr: Nummer des Kulturgutes, zu finden in den KGS-Listen des Bundes und der Kantone. BABS: Bundesamt für Bevölkerungsschutz",
        "ref:kgs": "01337",
        "roof:orientation": "along",
        "roof:shape": "gabled",
        "source": "survey",
        "wikidata": "Q2243970",
        "wikimedia_commons": "Category:Schloss Wangen an der Aare",
        "wikipedia": "de:Schloss Wangen an der Aare",
        "@geometry": "center"
      },
      "geometry": {
        "type": "Point",
        "coordinates": [
          7.6546759,
          47.2361455
        ]
      },
      "id": "way/167369171"
    },
    {
      "type": "Feature",
      "properties": {
        "@id": "way/168344935",
        "addr:city": "Oeschgen",
        "addr:country": "CH",
        "addr:housenumber": "62",
        "addr:postcode": "5072",
        "addr:street": "Mitteldorfstrasse",
        "alt_name": "Schlössli Schönau",
        "building": "yes",
        "castle_type": "stately",
        "historic": "castle",
        "name": "Schönauer Schlössli",
        "protect_class": "22",
        "ref": "KGS-Nr.: 206",
        "start_date": "1597",
        "wikidata": "Q29580285",
        "@geometry": "center"
      },
      "geometry": {
        "type": "Point",
        "coordinates": [
          8.0168913,
          47.519225
        ]
      },
      "id": "way/168344935"
    },
    {
      "type": "Feature",
      "properties": {
        "@id": "way/168517440",
        "addr:city": "Dardagny",
        "addr:housenumber": "520",
        "addr:street": "Route du Mandement",
        "building": "yes",
        "castle_type": "stately",
        "historic": "castle",
        "name": "Château de Dardagny",
        "name:de": "Schloss Dardagny",
        "name:en": "Dardagny Castle",
        "wikidata": "Q2969116",
        "@geometry": "center"
      },
      "geometry": {
        "type": "Point",
        "coordinates": [
          5.995344,
          46.1942429
        ]
      },
      "id": "way/168517440"
    },
    {
      "type": "Feature",
      "properties": {
        "@id": "way/168805241",
        "addr:full": "Quai du Suchet 3 / Rue de la Tour 1, 1162 St-Prex",
        "building": "yes",
        "castle_type": "stately",
        "historic": "castle",
        "name": "Château de Saint-Prex",
        "wikidata": "Q29891519",
        "wikimedia_commons": "Category:Château Saint-Prex",
        "@geometry": "center"
      },
      "geometry": {
        "type": "Point",
        "coordinates": [
          6.4607484,
          46.4800617
        ]
      },
      "id": "way/168805241"
    },
    {
      "type": "Feature",
      "properties": {
        "@id": "way/170019325",
        "access": "yes",
        "building": "yes",
        "castle_type": "defensive",
        "castle_type:de": "burg",
        "historic": "castle",
        "historic:civilization": "medieval",
        "layer": "1",
        "name": "Vordere Wartenberg",
        "ruins": "yes",
        "website": "https://wartenberg.ch/wb15/index.php/wartenberg/vordere",
        "wikidata": "Q2549960",
        "wikipedia": "de:Wartenberg (Muttenz)",
        "@geometry": "center"
      },
      "geometry": {
        "type": "Point",
        "coordinates": [
          7.6581217,
          47.52152
        ]
      },
      "id": "way/170019325"
    },
    {
      "type": "Feature",
      "properties": {
        "@id": "way/170141173",
        "addr:housenumber": "1",
        "addr:street": "Schlossgasse",
        "building": "castle",
        "castle_type": "defensive",
        "height": "10",
        "historic": "castle",
        "historic:civilization": "medieval",
        "name": "Schloss Murten",
        "name:de": "Schloss Murten",
        "name:fr": "Château de Morat",
        "wikidata": "Q2970063",
        "wikipedia": "fr:Château de Morat",
        "@geometry": "center"
      },
      "geometry": {
        "type": "Point",
        "coordinates": [
          7.1149389,
          46.9279578
        ]
      },
      "id": "way/170141173"
    },
    {
      "type": "Feature",
      "properties": {
        "@id": "way/170165133",
        "addr:city": "Versoix",
        "addr:housenumber": "51",
        "addr:street": "Route de Suisse",
        "building": "yes",
        "castle_type": "stately",
        "historic": "castle",
        "name": "Château de Versoix",
        "source:link": "http://www.swisscastles.ch/Geneve/versoix.html",
        "wikidata": "Q104028165",
        "@geometry": "center"
      },
      "geometry": {
        "type": "Point",
        "coordinates": [
          6.1680723,
          46.2781601
        ]
      },
      "id": "way/170165133"
    },
    {
      "type": "Feature",
      "properties": {
        "@id": "way/171037349",
        "addr:city": "Unterseen",
        "addr:country": "CH",
        "addr:housenumber": "1",
        "addr:postcode": "3800",
        "addr:street": "Hauptstrasse",
        "building": "yes",
        "castle_type": "stately",
        "historic": "castle",
        "historic:civilization": "medieval",
        "image": "https://upload.wikimedia.org/wikipedia/commons/thumb/1/18/Unterseen_Schloss.JPG/800px-Unterseen_Schloss.JPG",
        "name": "Schloss Unterseen",
        "wikidata": "Q2243810",
        "wikimedia_commons": "Category:Schloss Unterseen",
        "wikipedia:de": "Schloss Unterseen",
        "@geometry": "center"
      },
      "geometry": {
        "type": "Point",
        "coordinates": [
          7.8497462,
          46.6862269
        ]
      },
      "id": "way/171037349"
    },
    {
      "type": "Feature",
      "properties": {
        "@id": "way/174451593",
        "building": "yes",
        "building:colour": "#F1DABB",
        "castle_type": "stately",
        "historic": "castle",
        "historic:civilization": "medieval",
        "name": "Schloss Arenenberg",
        "website": "https://napoleonmuseum.tg.ch/",
        "wikidata": "Q642015",
        "wikimedia_commons": "Category:Arenenberg_Castle",
        "wikipedia": "de:Arenenberg",
        "@geometry": "center"
      },
      "geometry": {
        "type": "Point",
        "coordinates": [
          9.0591766,
          47.6726249
        ]
      },
      "id": "way/174451593"
    },
    {
      "type": "Feature",
      "properties": {
        "@id": "way/174696630",
        "access": "private",
        "addr:city": "Kreuzlingen",
        "addr:country": "CH",
        "addr:housenumber": "8",
        "addr:postcode": "8280",
        "addr:street": "Burgstrasse",
        "building": "commercial",
        "castle_type": "manor",
        "historic": "castle",
        "name": "Schloss Römerburg",
        "old_name": "Rempsberg",
        "wikidata": "Q63372144",
        "wikipedia": "de:Schloss Römerburg",
        "@geometry": "center"
      },
      "geometry": {
        "type": "Point",
        "coordinates": [
          9.1815221,
          47.6410755
        ]
      },
      "id": "way/174696630"
    },
    {
      "type": "Feature",
      "properties": {
        "@id": "way/175604104",
        "addr:city": "Céligny",
        "addr:housenumber": "10",
        "addr:street": "Route de Crans",
        "building": "yes",
        "castle_type": "manor",
        "heritage": "2",
        "historic": "castle",
        "name": "Domaine de l’Elysée",
        "note": "Correctly the name “Domaine de l’Elysée” applies to *all* buildings togther.",
        "ref:kgs": "2403",
        "wikidata": "Q11722336",
        "@geometry": "center"
      },
      "geometry": {
        "type": "Point",
        "coordinates": [
          6.1965017,
          46.3509545
        ]
      },
      "id": "way/175604104"
    },
    {
      "type": "Feature",
      "properties": {
        "@id": "way/175604117",
        "addr:city": "Céligny",
        "addr:country": "CH",
        "addr:housenumber": "75",
        "addr:postcode": "1298",
        "addr:street": "Route de Céligny",
        "building": "yes",
        "castle_type": "manor",
        "heritage": "2",
        "historic": "castle",
        "name": "Domaine de Garengo",
        "note": "Correctly the name “Domaine de Garengo” applies to *all* buildings togther.",
        "ref:kgs": "2402",
        "wikidata": "Q11503134",
        "wikipedia": "fr:Château de Garengo",
        "@geometry": "center"
      },
      "geometry": {
        "type": "Point",
        "coordinates": [
          6.1946127,
          46.3497276
        ]
      },
      "id": "way/175604117"
    },
    {
      "type": "Feature",
      "properties": {
        "@id": "way/175814456",
        "addr:city": "Crans-près-Céligny",
        "addr:country": "CH",
        "addr:housename": "Château de Crans",
        "addr:postcode": "1299",
        "addr:street": "Rue Antoine-Saladin",
        "building": "yes",
        "castle_type": "stately",
        "historic": "castle",
        "name": "Château de Crans",
        "source": "Bing Sat",
        "tourism": "attraction",
        "wheelchair": "no",
        "wikidata": "Q2969078",
        "wikipedia": "fr:Château de Crans",
        "@geometry": "center"
      },
      "geometry": {
        "type": "Point",
        "coordinates": [
          6.2087112,
          46.3577322
        ]
      },
      "id": "way/175814456"
    },
    {
      "type": "Feature",
      "properties": {
        "@id": "way/175970683",
        "addr:city": "Allaman",
        "addr:housenumber": "2",
        "addr:street": "Rue du Château",
        "building": "yes",
        "castle_type": "stately",
        "historic": "castle",
        "name": "Château d’Allaman",
        "source": "Bing",
        "wikidata": "Q2968060",
        "@geometry": "center"
      },
      "geometry": {
        "type": "Point",
        "coordinates": [
          6.3978178,
          46.4713084
        ]
      },
      "id": "way/175970683"
    },
    {
      "type": "Feature",
      "properties": {
        "@id": "way/175981762",
        "addr:city": "Meggen",
        "addr:housenumber": "80",
        "addr:postcode": "6045",
        "addr:street": "Lerchenbühlstrasse",
        "building": "yes",
        "castle_type": "stately",
        "historic": "castle",
        "historic:civilization": "medieval",
        "name": "Schloss Neuhabsburg",
        "ruins": "no",
        "wikidata": "Q15261844",
        "wikipedia": "de:Schloss Neuhabsburg",
        "@geometry": "center"
      },
      "geometry": {
        "type": "Point",
        "coordinates": [
          8.3737012,
          47.0415582
        ]
      },
      "id": "way/175981762"
    },
    {
      "type": "Feature",
      "properties": {
        "@id": "way/175984313",
        "addr:city": "Hettenschwil",
        "addr:country": "CH",
        "addr:housenumber": "10",
        "addr:postcode": "5317",
        "addr:street": "Mandacherstrasse",
        "building": "yes",
        "castle_type": "manor",
        "historic": "castle",
        "historic:civilization": "medieval",
        "name": "Schloss Zum Einhorn",
        "website": "https://www.schloss-zum-einhorn.ch/",
        "wikidata": "Q67772467",
        "@geometry": "center"
      },
      "geometry": {
        "type": "Point",
        "coordinates": [
          8.1983891,
          47.5761986
        ]
      },
      "id": "way/175984313"
    },
    {
      "type": "Feature",
      "properties": {
        "@id": "way/175997398",
        "building": "yes",
        "historic": "castle",
        "name": "Château de Chardonney",
        "wikidata": "Q67772469",
        "@geometry": "center"
      },
      "geometry": {
        "type": "Point",
        "coordinates": [
          6.4327844,
          46.5321749
        ]
      },
      "id": "way/175997398"
    },
    {
      "type": "Feature",
      "properties": {
        "@id": "way/176358310",
        "access": "customers",
        "building": "yes",
        "castle_type": "stately",
        "historic": "castle",
        "historic:civilization": "medieval",
        "name": "Château de Vullierens",
        "source": "Bing",
        "website": "https://chateauvullierens.ch/",
        "wikidata": "Q2971050",
        "wikipedia": "fr:Château de Vullierens",
        "@geometry": "center"
      },
      "geometry": {
        "type": "Point",
        "coordinates": [
          6.4798386,
          46.5710393
        ]
      },
      "id": "way/176358310"
    },
    {
      "type": "Feature",
      "properties": {
        "@id": "way/178204576",
        "building": "yes",
        "castle_type": "stately",
        "historic": "castle",
        "name": "Château d'Echichens",
        "wikidata": "Q104217958",
        "@geometry": "center"
      },
      "geometry": {
        "type": "Point",
        "coordinates": [
          6.5002423,
          46.5264248
        ]
      },
      "id": "way/178204576"
    },
    {
      "type": "Feature",
      "properties": {
        "@id": "way/179508944",
        "access": "private",
        "building": "yes",
        "castle_type": "manor",
        "description": "Einfaches Gebäude mit Fachwerkfassade. Urspr. Meierhof des Klosters St. Gallen, 1624 neu erbaut; 1967 renoviert. (Quelle: Burgenverein.ch)",
        "historic": "castle",
        "historic:civilization": "medieval",
        "name": "Schloss Egg",
        "wikidata": "Q29787020",
        "@geometry": "center"
      },
      "geometry": {
        "type": "Point",
        "coordinates": [
          9.3814002,
          47.463927
        ]
      },
      "id": "way/179508944"
    },
    {
      "type": "Feature",
      "properties": {
        "@id": "way/180307629",
        "access": "yes",
        "building": "ruins",
        "castle_type": "defensive",
        "description": "Langgestreckte Ruine bestehend aus Bergfried und Resten der Ringmauer und einem Rundturm. Erbaut im 12. Jh. durch Bischof Ulrich von Konstanz, Sitz der Konstanzer Ministerialen von Castell, 1499 zerstört, seither Ruine. (Quelle: Burgenverein.ch)",
        "historic": "castle",
        "historic:civilization": "medieval",
        "layer": "1",
        "name": "Burgruine Castell",
        "opening_hours": "24/7",
        "phone": "+41 71 666 80 20",
        "ruins": "yes",
        "surface": "gravel",
        "website": "https://www.ruine-castell.ch/",
        "wikidata": "Q29883426",
        "wikimedia_commons": "Category:Burgruine Chastel",
        "wikipedia": "de:Burgruine Castell",
        "@geometry": "center"
      },
      "geometry": {
        "type": "Point",
        "coordinates": [
          9.1343774,
          47.645065
        ]
      },
      "id": "way/180307629"
    },
    {
      "type": "Feature",
      "properties": {
        "@id": "way/180798196",
        "access": "customers",
        "addr:city": "Kreuzlingen",
        "addr:country": "CH",
        "addr:housenumber": "5",
        "addr:postcode": "8280",
        "addr:street": "Seeweg",
        "building": "yes",
        "building:colour": "#C7BBA8",
        "building:levels": "3",
        "building:part": "yes",
        "castle_type": "stately",
        "historic": "castle",
        "historic:civilization": "medieval",
        "name": "Schloss Seeburg",
        "roof:colour": "#433C32",
        "roof:levels": "2",
        "roof:orientation": "along",
        "roof:shape": "gabled",
        "website": "https://schloss-seeburg.ch/",
        "wikidata": "Q1766397",
        "wikimedia_commons": "Category:Seeburg Kreuzlingen",
        "wikipedia": "de:Schloss Seeburg (Kreuzlingen)",
        "@geometry": "center"
      },
      "geometry": {
        "type": "Point",
        "coordinates": [
          9.1866585,
          47.6495255
        ]
      },
      "id": "way/180798196"
    },
    {
      "type": "Feature",
      "properties": {
        "@id": "way/180972277",
        "addr:city": "Kreuzlingen",
        "addr:country": "CH",
        "addr:housenumber": "6",
        "addr:postcode": "8280",
        "addr:street": "Berneggstrasse",
        "building": "yes",
        "castle_type": "stately",
        "historic": "castle",
        "historic:civilization": "medieval",
        "name": "Schloss Bernegg",
        "wheelchair": "no",
        "wikidata": "Q2240274",
        "wikimedia_commons": "Category:Bernegg Kreuzlingen",
        "wikipedia:de": "Schloss Bernegg",
        "@geometry": "center"
      },
      "geometry": {
        "type": "Point",
        "coordinates": [
          9.1590215,
          47.6441204
        ]
      },
      "id": "way/180972277"
    },
    {
      "type": "Feature",
      "properties": {
        "@id": "way/180972392",
        "access": "private",
        "addr:city": "Tägerwilen",
        "addr:country": "CH",
        "addr:housenumber": "1",
        "addr:postcode": "8274",
        "addr:street": "Pflanzbergstrasse",
        "building": "yes",
        "castle_type": "stately",
        "historic": "castle",
        "name": "Schloss Pflanzberg",
        "wikidata": "Q104217982",
        "wikipedia": "de:Schloss Pflanzberg",
        "@geometry": "center"
      },
      "geometry": {
        "type": "Point",
        "coordinates": [
          9.1356367,
          47.6555323
        ]
      },
      "id": "way/180972392"
    },
    {
      "type": "Feature",
      "properties": {
        "@id": "way/181179846",
        "addr:city": "Jussy",
        "addr:housenumber": "46",
        "addr:street": "Route du Château-du-Crest",
        "building": "yes",
        "castle_type": "stately",
        "historic": "castle",
        "name": "Château du Crest",
        "name:de": "Schloss Le Crest",
        "wikidata": "Q1806562",
        "@geometry": "center"
      },
      "geometry": {
        "type": "Point",
        "coordinates": [
          6.2568718,
          46.2356601
        ]
      },
      "id": "way/181179846"
    },
    {
      "type": "Feature",
      "properties": {
        "@id": "way/182439873",
        "addr:city": "Flüelen",
        "addr:housenumber": "18",
        "addr:postcode": "6454",
        "addr:street": "Dorfstrasse",
        "building": "yes",
        "castle_type": "stately",
        "historic": "castle",
        "historic:civilization": "medieval",
        "name": "Schloss Rudenz",
        "wikidata": "Q7376895",
        "wikipedia": "de:Schloss Rudenz",
        "@geometry": "center"
      },
      "geometry": {
        "type": "Point",
        "coordinates": [
          8.6249211,
          46.9018581
        ]
      },
      "id": "way/182439873"
    },
    {
      "type": "Feature",
      "properties": {
        "@id": "way/184393887",
        "castle_type": "stately",
        "historic": "castle",
        "historic:civilization": "medieval",
        "name": "Schloss Toffen",
        "source": "local knowledge",
        "tourism": "attraction",
        "wikidata": "Q691482",
        "wikipedia": "de:Schloss Toffen",
        "@geometry": "center"
      },
      "geometry": {
        "type": "Point",
        "coordinates": [
          7.4889812,
          46.8634263
        ]
      },
      "id": "way/184393887"
    },
    {
      "type": "Feature",
      "properties": {
        "@id": "way/186587537",
        "building": "yes",
        "castle_type": "stately",
        "historic": "castle",
        "name": "Schloss Jetschwil",
        "wikidata": "Q29479040",
        "@geometry": "center"
      },
      "geometry": {
        "type": "Point",
        "coordinates": [
          7.2006816,
          46.8357574
        ]
      },
      "id": "way/186587537"
    },
    {
      "type": "Feature",
      "properties": {
        "@id": "way/188141885",
        "addr:city": "Lully VD",
        "addr:housenumber": "6",
        "addr:street": "Rue du Château",
        "building": "yes",
        "castle_type": "stately",
        "historic": "castle",
        "name": "Château de Lully",
        "wikidata": "Q29891108",
        "@geometry": "center"
      },
      "geometry": {
        "type": "Point",
        "coordinates": [
          6.46462,
          46.5041711
        ]
      },
      "id": "way/188141885"
    },
    {
      "type": "Feature",
      "properties": {
        "@id": "way/189223797",
        "access": "customers",
        "addr:city": "Tafers",
        "addr:country": "CH",
        "addr:housenumber": "1",
        "addr:postcode": "1712",
        "addr:street": "Spitalstrasse",
        "alt_name": "Schloss Niedermaggenberg",
        "building": "yes",
        "castle_type": "stately",
        "description": "Herrensitz 17. Jh., mit älterem Mauerwerk. (Quelle: Burgenverein.ch)",
        "historic": "castle",
        "historic:civilization": "medieval",
        "name": "Schloss Maggenberg",
        "website": "http://www.swisscastles.ch/Fribourg/maggenbergd.html",
        "wikidata": "Q67772788",
        "wikipedia": "de:Schloss Maggenberg",
        "@geometry": "center"
      },
      "geometry": {
        "type": "Point",
        "coordinates": [
          7.2134174,
          46.8090999
        ]
      },
      "id": "way/189223797"
    },
    {
      "type": "Feature",
      "properties": {
        "@id": "way/190063168",
        "addr:city": "Schwarzenburg",
        "addr:country": "CH",
        "addr:housenumber": "13",
        "addr:postcode": "3150",
        "addr:street": "Schlossgasse",
        "building": "yes",
        "castle_type": "stately",
        "ele": "808",
        "historic": "castle",
        "name": "Schloss Schwarzenburg",
        "wikidata": "Q980405",
        "wikipedia": "de:Schloss Schwarzenburg",
        "@geometry": "center"
      },
      "geometry": {
        "type": "Point",
        "coordinates": [
          7.3412951,
          46.8150022
        ]
      },
      "id": "way/190063168"
    },
    {
      "type": "Feature",
      "properties": {
        "@id": "way/190336110",
        "access": "private",
        "addr:city": "Salenstein",
        "addr:country": "CH",
        "addr:housenumber": "1",
        "addr:place": "Eugensberg",
        "addr:postcode": "8268",
        "building": "yes",
        "castle_type": "stately",
        "historic": "castle",
        "historic:civilization": "medieval",
        "name": "Schloss Eugensberg",
        "wikidata": "Q5408410",
        "wikimedia_commons": "Category:Schloss_Eugensberg",
        "wikipedia": "de:Schloss Eugensberg",
        "@geometry": "center"
      },
      "geometry": {
        "type": "Point",
        "coordinates": [
          9.0433515,
          47.6668793
        ]
      },
      "id": "way/190336110"
    },
    {
      "type": "Feature",
      "properties": {
        "@id": "way/190725153",
        "access": "customers",
        "addr:city": "Romanshorn",
        "addr:country": "CH",
        "addr:housenumber": "26",
        "addr:postcode": "8590",
        "addr:street": "Schlossbergstrasse",
        "building": "yes",
        "castle_type": "stately",
        "height": "12",
        "historic": "castle",
        "name": "Schloss Romanshorn",
        "note": "Höhe nur geschätzt",
        "roof:levels": "1",
        "roof:shape": "mansard",
        "website": "https://www.schlossromanshorn.ch/",
        "wikidata": "Q29883277",
        "@geometry": "center"
      },
      "geometry": {
        "type": "Point",
        "coordinates": [
          9.3821966,
          47.5685827
        ]
      },
      "id": "way/190725153"
    },
    {
      "type": "Feature",
      "properties": {
        "@id": "way/191558846",
        "castle_type": "defensive",
        "historic": "castle",
        "historic:civilization": "medieval",
        "name": "Ruine du Château de Soyhières",
        "ruins": "yes",
        "wikidata": "Q29785370",
        "@geometry": "center"
      },
      "geometry": {
        "type": "Point",
        "coordinates": [
          7.373653,
          47.3875299
        ]
      },
      "id": "way/191558846"
    },
    {
      "type": "Feature",
      "properties": {
        "@id": "way/192165499",
        "access": "customers",
        "addr:city": "Marbach SG",
        "addr:country": "CH",
        "addr:housenumber": "219",
        "addr:place": "Schloss Weinstein",
        "addr:postcode": "9437",
        "addr:street": "Schloss Weinstein",
        "building": "yes",
        "castle_type": "stately",
        "historic": "castle",
        "historic:civilization": "medieval",
        "name": "Schloss Weinstein",
        "website": "https://www.schloss-weinstein.ch/",
        "wikidata": "Q29786522",
        "wikimedia_commons": "Category:Schloss Weinstein",
        "@geometry": "center"
      },
      "geometry": {
        "type": "Point",
        "coordinates": [
          9.5710919,
          47.3970324
        ]
      },
      "id": "way/192165499"
    },
    {
      "type": "Feature",
      "properties": {
        "@id": "way/192165575",
        "building": "yes",
        "castle_type": "defensive",
        "historic": "castle",
        "historic:civilization": "medieval",
        "name": "Burg Rebstein",
        "wikidata": "Q29786740",
        "@geometry": "center"
      },
      "geometry": {
        "type": "Point",
        "coordinates": [
          9.5811552,
          47.3985159
        ]
      },
      "id": "way/192165575"
    },
    {
      "type": "Feature",
      "properties": {
        "@id": "way/192218312",
        "addr:full": "Kirchenstrasse 11, 6300 Zug",
        "building": "public",
        "castle_type": "defensive",
        "email": "info@burgzug.ch",
        "historic": "castle",
        "historic:civilization": "medieval",
        "name": "Burg Zug",
        "website": "https://www.burgzug.ch/",
        "wheelchair": "limited",
        "wikidata": "Q186586",
        "wikipedia:de": "Burg Zug",
        "wikipedia:en": "Zug Castle",
        "wikipedia:fr": "Château de Zoug",
        "@geometry": "center"
      },
      "geometry": {
        "type": "Point",
        "coordinates": [
          8.516743,
          47.1651442
        ]
      },
      "id": "way/192218312"
    },
    {
      "type": "Feature",
      "properties": {
        "@id": "way/192483033",
        "addr:city": "Balgach",
        "addr:country": "CH",
        "addr:housenumber": "12",
        "addr:postcode": "9436",
        "addr:street": "Grünensteinstrasse",
        "building": "castle",
        "building:levels": "3",
        "castle_type": "stately",
        "historic": "castle",
        "historic:civilization": "medieval",
        "name": "Schloss Grünenstein",
        "source": "bing",
        "wikidata": "Q29786379",
        "@geometry": "center"
      },
      "geometry": {
        "type": "Point",
        "coordinates": [
          9.5957052,
          47.4061012
        ]
      },
      "id": "way/192483033"
    },
    {
      "type": "Feature",
      "properties": {
        "@id": "way/194472647",
        "building": "yes",
        "castle_type": "stately",
        "historic": "castle",
        "name": "Château de Saint-Barthélemy",
        "wikidata": "Q29891506",
        "@geometry": "center"
      },
      "geometry": {
        "type": "Point",
        "coordinates": [
          6.5922462,
          46.6353535
        ]
      },
      "id": "way/194472647"
    },
    {
      "type": "Feature",
      "properties": {
        "@id": "way/195757154",
        "addr:city": "Oberbüren",
        "addr:housenumber": "108",
        "addr:place": "Glattburg",
        "addr:postcode": "9245",
        "amenity": "monastery",
        "building": "yes",
        "castle_type": "stately",
        "community:de": "Benediktiner",
        "community:gender": "female",
        "denomination": "catholic",
        "historic": "castle",
        "monastery:type": "monastery",
        "name": "Kloster St. Gallenberg",
        "old_name": "Schloss Schenken-Glattburg",
        "religion": "christian",
        "source": "geodieste.ch",
        "website": "https://www.benediktiner.ch/st-gallenberg",
        "wikidata": "Q15823908",
        "wikimedia_commons": "Category:Kloster St. Gallenberg",
        "wikipedia:de": "Kloster St. Gallenberg",
        "@geometry": "center"
      },
      "geometry": {
        "type": "Point",
        "coordinates": [
          9.1564678,
          47.4609304
        ]
      },
      "id": "way/195757154"
    },
    {
      "type": "Feature",
      "properties": {
        "@id": "way/196001227",
        "access": "private",
        "addr:full": "Schloss Hauptwil 1, 9213 Hauptwil",
        "alt_name": "Neues Schloss Hauptwil",
        "building": "yes",
        "castle_type": "stately",
        "description": "1664/65 als Wohnsitz und Kontor der Leinwandfabrikanten Hans Jakob und Bartholomä Gonzenbach erbaut. 1891-1951 Haushaltsschule, 1953-2012 Altersheim. (Quelle: Burgenverein.ch)",
        "historic": "castle",
        "historic:civilization": "medieval",
        "image": "https://upload.wikimedia.org/wikipedia/commons/thumb/4/43/2017-Hauptwil-Schloss.jpg/960px-2017-Hauptwil-Schloss.jpg",
        "name": "Schloss Hauptwil",
        "wikidata": "Q15223322",
        "wikimedia_commons": "Category:Schloss Hauptwil",
        "wikipedia:en": "Hauptwil Castle",
        "@geometry": "center"
      },
      "geometry": {
        "type": "Point",
        "coordinates": [
          9.2517494,
          47.4804305
        ]
      },
      "id": "way/196001227"
    },
    {
      "type": "Feature",
      "properties": {
        "@id": "way/196006369",
        "addr:city": "Fribourg",
        "addr:housenumber": "111",
        "addr:postcode": "1700",
        "addr:street": "Uebewil",
        "building": "castle",
        "castle_type": "manor",
        "historic": "castle",
        "image": "https://upload.wikimedia.org/wikipedia/commons/thumb/f/f5/Schloss_Uebewil_FR_04.JPG/800px-Schloss_Uebewil_FR_04.JPG",
        "name": "Schloss Übewil",
        "name:de": "Schloss Übewil",
        "name:fr": "Villars-les-Joncs",
        "wikidata": "Q67772496",
        "wikimedia_commons": "Category:Schloss Uebewil",
        "@geometry": "center"
      },
      "geometry": {
        "type": "Point",
        "coordinates": [
          7.1798161,
          46.8135259
        ]
      },
      "id": "way/196006369"
    },
    {
      "type": "Feature",
      "properties": {
        "@id": "way/196198667",
        "addr:city": "Thayngen",
        "addr:country": "CH",
        "addr:housenumber": "34",
        "addr:postcode": "8240",
        "addr:street": "Im Oberhof",
        "alt_name": "Schloss Thayngen",
        "building": "yes",
        "castle_type": "stately",
        "historic": "castle",
        "name": "Schloss Oberhof",
        "start_date": "1604",
        "wikidata": "Q2243704",
        "wikipedia": "de:Schloss Thayngen",
        "@geometry": "center"
      },
      "geometry": {
        "type": "Point",
        "coordinates": [
          8.7134912,
          47.7485688
        ]
      },
      "id": "way/196198667"
    },
    {
      "type": "Feature",
      "properties": {
        "@id": "way/197768792",
        "addr:city": "La Tour-de-Peilz",
        "addr:housenumber": "74",
        "addr:street": "Route de Saint-Maurice",
        "building": "yes",
        "castle_type": "stately",
        "historic": "castle",
        "image": "https://upload.wikimedia.org/wikipedia/commons/thumb/1/17/La-Tour-de-Peilz,_Château_de_la_Becque_(3).jpg/960px-La-Tour-de-Peilz,_Château_de_la_Becque_(3).jpg",
        "wikidata": "Q29890909",
        "wikimedia_commons": "Category:Château de la Becque (La Tour-de-Peilz)",
        "@geometry": "center"
      },
      "geometry": {
        "type": "Point",
        "coordinates": [
          6.8608112,
          46.4490516
        ]
      },
      "id": "way/197768792"
    },
    {
      "type": "Feature",
      "properties": {
        "@id": "way/197788464",
        "addr:city": "Vevey",
        "addr:country": "CH",
        "addr:housenumber": "43",
        "addr:postcode": "1800",
        "addr:street": "Rue d'Italie",
        "building": "yes",
        "castle_type": "stately",
        "historic": "castle",
        "wikidata": "Q29891582",
        "@geometry": "center"
      },
      "geometry": {
        "type": "Point",
        "coordinates": [
          6.8488985,
          46.4582466
        ]
      },
      "id": "way/197788464"
    },
    {
      "type": "Feature",
      "properties": {
        "@id": "way/197797970",
        "access": "private",
        "addr:full": "Schloss, 9553 Bettwiesen",
        "building": "yes",
        "castle_type": "stately",
        "description": "Zweigeschossiges Landhaus mit eingebauter Kapelle, erb. 1627 als Sommersitz und Statthalterei des Klosters Fischingen. (Quelle: Burgenverein.ch)",
        "historic": "castle",
        "historic:civilization": "medieval",
        "name": "Schloss Bettwiesen",
        "wikidata": "Q4898673",
        "wikimedia_commons": "Category:Schloss Bettwiesen",
        "@geometry": "center"
      },
      "geometry": {
        "type": "Point",
        "coordinates": [
          9.0297349,
          47.4959411
        ]
      },
      "id": "way/197797970"
    },
    {
      "type": "Feature",
      "properties": {
        "@id": "way/198276024",
        "addr:city": "Attalens",
        "addr:housenumber": "27",
        "addr:postcode": "1616",
        "addr:street": "Rue du Château",
        "building": "yes",
        "castle_type": "defensive",
        "historic": "castle",
        "name": "Château d’Attalens",
        "source": "Bing",
        "wikidata": "Q2968145",
        "wikimedia_commons": "Category:Château d'Attalens",
        "wikipedia": "fr:Château d’Attalens",
        "@geometry": "center"
      },
      "geometry": {
        "type": "Point",
        "coordinates": [
          6.8474334,
          46.5078094
        ]
      },
      "id": "way/198276024"
    },
    {
      "type": "Feature",
      "properties": {
        "@id": "way/199731189",
        "castle_type": "defensive",
        "historic": "castle",
        "name": "Burgruine Schenkenberg",
        "ruins": "yes",
        "wikidata": "Q382126",
        "wikipedia": "de:Burgruine Schenkenberg (Aargau)",
        "@geometry": "center"
      },
      "geometry": {
        "type": "Point",
        "coordinates": [
          8.1007583,
          47.4419496
        ]
      },
      "id": "way/199731189"
    },
    {
      "type": "Feature",
      "properties": {
        "@id": "way/201201348",
        "addr:full": "Friedhofstrasse 4, 8575 Bürglen",
        "building": "yes",
        "castle_type": "stately",
        "historic": "castle",
        "historic:civilization": "medieval",
        "image": "https://upload.wikimedia.org/wikipedia/commons/thumb/4/4b/Schloss_Bürglen_TG.jpg/960px-Schloss_Bürglen_TG.jpg",
        "name": "Schloss Bürglen",
        "source": "Bing",
        "wikidata": "Q2240486",
        "wikimedia_commons": "Category:Schloss Bürglen TG",
        "wikipedia:de": "Schloss Bürglen",
        "@geometry": "center"
      },
      "geometry": {
        "type": "Point",
        "coordinates": [
          9.1538397,
          47.547641
        ]
      },
      "id": "way/201201348"
    },
    {
      "type": "Feature",
      "properties": {
        "@id": "way/201327922",
        "building": "yes",
        "castle_type": "stately",
        "historic": "castle",
        "name": "Schloss Kasteln",
        "wikidata": "Q679579",
        "wikipedia": "de:Schloss Kasteln",
        "@geometry": "center"
      },
      "geometry": {
        "type": "Point",
        "coordinates": [
          8.119064,
          47.441642
        ]
      },
      "id": "way/201327922"
    },
    {
      "type": "Feature",
      "properties": {
        "@id": "way/202087620",
        "access": "private",
        "addr:city": "Lüchingen",
        "addr:housenumber": "2",
        "addr:place": "Burgfeld",
        "addr:postcode": "9450",
        "building": "yes",
        "castle_type": "defensive",
        "historic": "castle",
        "name": "Burg Neu-Altstätten",
        "ruins": "no",
        "source": "bing",
        "wikidata": "Q25964640",
        "wikipedia": "de:Burg Neu-Altstätten",
        "@geometry": "center"
      },
      "geometry": {
        "type": "Point",
        "coordinates": [
          9.5494307,
          47.3899731
        ]
      },
      "id": "way/202087620"
    },
    {
      "type": "Feature",
      "properties": {
        "@id": "way/202139487",
        "access": "permit",
        "building": "government",
        "castle_type": "stately",
        "historic": "castle",
        "name": "Schloss Pratteln",
        "note": "Gehört der Gemeinde. Kann gemietet werden.",
        "website": "https://www.pratteln.ch/sehenswuerdigkeiten/94",
        "wikidata": "Q1334241",
        "wikipedia": "de:Schloss Pratteln",
        "@geometry": "center"
      },
      "geometry": {
        "type": "Point",
        "coordinates": [
          7.6952592,
          47.5185735
        ]
      },
      "id": "way/202139487"
    },
    {
      "type": "Feature",
      "properties": {
        "@id": "way/202704921",
        "access": "no",
        "area": "yes",
        "castle_type": "fortress",
        "historic": "castle",
        "historic:civilization": "medieval",
        "name": "Festung Aarburg",
        "tourism": "attraction",
        "wheelchair": "no",
        "wikidata": "Q673786",
        "wikipedia": "de:Festung Aarburg",
        "@geometry": "center"
      },
      "geometry": {
        "type": "Point",
        "coordinates": [
          7.9014438,
          47.321741
        ]
      },
      "id": "way/202704921"
    },
    {
      "type": "Feature",
      "properties": {
        "@id": "way/203861098",
        "addr:city": "Bilten",
        "addr:country": "CH",
        "addr:housenumber": "12",
        "addr:postcode": "8865",
        "addr:street": "Elsenerstrasse",
        "building": "residential",
        "castle_type": "manor",
        "heritage": "4",
        "historic": "castle",
        "name": "Ritterhaus",
        "official_name": "Miltsches Ritterhaus",
        "source": "Geodaten Kanton Glarus 2021",
        "wikidata": "Q29784341",
        "@geometry": "center"
      },
      "geometry": {
        "type": "Point",
        "coordinates": [
          9.0229597,
          47.1453298
        ]
      },
      "id": "way/203861098"
    },
    {
      "type": "Feature",
      "properties": {
        "@id": "way/203861102",
        "addr:city": "Bilten",
        "addr:country": "CH",
        "addr:housenumber": "14",
        "addr:postcode": "8865",
        "addr:street": "Elsenerstrasse",
        "alt_name": "Herrenhaus Milt",
        "building": "residential",
        "castle_type": "manor",
        "heritage": "4",
        "historic": "castle",
        "name": "Elsenerhaus",
        "wikidata": "Q29479648",
        "@geometry": "center"
      },
      "geometry": {
        "type": "Point",
        "coordinates": [
          9.0234176,
          47.1453294
        ]
      },
      "id": "way/203861102"
    },
    {
      "type": "Feature",
      "properties": {
        "@id": "way/204182586",
        "building": "yes",
        "castle_type": "stately",
        "historic": "castle",
        "name": "Castell",
        "@geometry": "center"
      },
      "geometry": {
        "type": "Point",
        "coordinates": [
          9.1330418,
          47.6455555
        ]
      },
      "id": "way/204182586"
    },
    {
      "type": "Feature",
      "properties": {
        "@id": "way/204334342",
        "access": "customers",
        "building": "yes",
        "building:year_built": "1576",
        "castle_type": "stately",
        "historic": "castle",
        "name": "Schloss Wolfsberg",
        "website": "https://www.wolfsberg.com/",
        "wikidata": "Q29882781",
        "wikimedia_commons": "Category:Schloss Wolfsberg, Ermatingen",
        "wikipedia": "de:Schloss Wolfsberg (Ermatingen)",
        "@geometry": "center"
      },
      "geometry": {
        "type": "Point",
        "coordinates": [
          9.0790414,
          47.6588972
        ]
      },
      "id": "way/204334342"
    },
    {
      "type": "Feature",
      "properties": {
        "@id": "way/204334356",
        "access": "private",
        "addr:city": "Fruthwilen",
        "addr:country": "CH",
        "addr:housenumber": "13;13a",
        "addr:postcode": "8269",
        "addr:street": "Hubstrasse",
        "building": "yes",
        "castle_type": "stately",
        "description": "Staffelgiebelhaus mit Fachwerkoberbau. Freihof erb. um 1596 für Walter v. Hallwyl zu Salenstein, 1712--66 in Besitz der Herren v. Breitenlandenberg. Privatbesitz, bewohnt. (Quelle: Burgenverein.ch)",
        "historic": "castle",
        "historic:civilization": "medieval",
        "name": "Schloss Hubberg",
        "wikidata": "Q1723565",
        "wikimedia_commons": "Category:Schloss Hueb, Fruthwilen",
        "wikipedia:de": "Schloss Hubberg",
        "@geometry": "center"
      },
      "geometry": {
        "type": "Point",
        "coordinates": [
          9.0672217,
          47.6576117
        ]
      },
      "id": "way/204334356"
    },
    {
      "type": "Feature",
      "properties": {
        "@id": "way/204485470",
        "addr:city": "Ermatingen",
        "addr:country": "CH",
        "addr:housenumber": "3",
        "addr:postcode": "8272",
        "addr:street": "Berggasse",
        "building": "yes",
        "castle_type": "stately",
        "historic": "castle",
        "name": "Rellingsches Schlössli",
        "wikidata": "Q29882777",
        "wikimedia_commons": "Category:Rellingsches Schlössli",
        "wikipedia": "it:Castello di Rellingsches",
        "@geometry": "center"
      },
      "geometry": {
        "type": "Point",
        "coordinates": [
          9.0809622,
          47.6681289
        ]
      },
      "id": "way/204485470"
    },
    {
      "type": "Feature",
      "properties": {
        "@id": "way/204636253",
        "addr:city": "Küssnacht am Rigi",
        "addr:housenumber": "1",
        "addr:postcode": "6403",
        "addr:street": "Burg",
        "alt_name": "Burg zu Küssnacht",
        "castle_type": "defensive",
        "historic": "castle",
        "historic:civilization": "medieval",
        "name": "Gesslerburg",
        "ruins": "yes",
        "wikidata": "Q5553647",
        "wikipedia": "de:Gesslerburg",
        "@geometry": "center"
      },
      "geometry": {
        "type": "Point",
        "coordinates": [
          8.4486152,
          47.0819907
        ]
      },
      "id": "way/204636253"
    },
    {
      "type": "Feature",
      "properties": {
        "@id": "way/204686299",
        "access": "private",
        "addr:full": "Schlossgasse 14.1, 14.2, 21, 8268 Salenstein",
        "building": "yes",
        "castle_type": "stately",
        "historic": "castle",
        "historic:civilization": "medieval",
        "name": "Schloss Salenstein",
        "wikidata": "Q2243300",
        "wikimedia_commons": "Category:Schloss_Salenstein",
        "wikipedia:de": "Schloss Salenstein",
        "@geometry": "center"
      },
      "geometry": {
        "type": "Point",
        "coordinates": [
          9.0556251,
          47.669686
        ]
      },
      "id": "way/204686299"
    },
    {
      "type": "Feature",
      "properties": {
        "@id": "way/204831213",
        "addr:city": "Schneisingen",
        "addr:housenumber": "3",
        "addr:postcode": "5425",
        "addr:street": "Schlössliweg",
        "building": "yes",
        "castle_type": "stately",
        "historic": "castle",
        "name": "Schlössli",
        "wikidata": "Q29580727",
        "@geometry": "center"
      },
      "geometry": {
        "type": "Point",
        "coordinates": [
          8.3623997,
          47.5194693
        ]
      },
      "id": "way/204831213"
    },
    {
      "type": "Feature",
      "properties": {
        "@id": "way/205050777",
        "addr:city": "Gerzensee",
        "addr:country": "CH",
        "addr:housenumber": "3",
        "addr:postcode": "3115",
        "addr:street": "Dorfstrasse",
        "alt_name": "Neues Schloss Gerzensee",
        "building": "yes",
        "castle_type": "stately",
        "ele": "637",
        "historic": "castle",
        "name": "Schloss Neu Gerzensee",
        "source:addr": "Gebäudeadressen des Kantons Bern © Amt für Geoinformation des Kantons Bern",
        "wikidata": "Q1651322",
        "wikimedia_commons": "Category:Neues Schloss Gerzensee",
        "wikipedia:de": "Neues Schloss Gerzensee",
        "@geometry": "center"
      },
      "geometry": {
        "type": "Point",
        "coordinates": [
          7.5478964,
          46.8394982
        ]
      },
      "id": "way/205050777"
    },
    {
      "type": "Feature",
      "properties": {
        "@id": "way/205085027",
        "addr:city": "Belp",
        "addr:country": "CH",
        "addr:housenumber": "118",
        "addr:postcode": "3123",
        "alt_name": "Schloss Oberried",
        "building": "yes",
        "building:material": "stone",
        "castle_type": "stately",
        "ele": "567",
        "historic": "castle",
        "name": "Campagne Oberried",
        "source:addr": "Gebäudeadressen des Kantons Bern © Amt für Geoinformation des Kantons Bern",
        "wikidata": "Q1030112",
        "wikimedia_commons": "Category:Schloss Oberried",
        "wikipedia": "de:Campagne Oberried",
        "@geometry": "center"
      },
      "geometry": {
        "type": "Point",
        "coordinates": [
          7.4943907,
          46.8887198
        ]
      },
      "id": "way/205085027"
    },
    {
      "type": "Feature",
      "properties": {
        "@id": "way/205095546",
        "addr:city": "Mannenbach-Salenstein",
        "addr:country": "CH",
        "addr:housenumber": "12",
        "addr:postcode": "8268",
        "addr:street": "Louisenbergstrasse",
        "building": "yes",
        "castle_type": "stately",
        "description": "1835/36 erbaut am Platz des ehemaligen Kaplaneigebäudes. Burg Salenstein stand möglicherweise neben der Kapelle; nicht mehr zu erkennen. Privatbesitz. (Quelle: Burgenverein.ch)",
        "historic": "castle",
        "historic:civilization": "medieval",
        "name": "Schloss Louisenberg",
        "wikidata": "Q2242245",
        "wikimedia_commons": "Category:Schloss Louisenberg",
        "wikipedia": "de:Schloss Louisenberg",
        "@geometry": "center"
      },
      "geometry": {
        "type": "Point",
        "coordinates": [
          9.0485483,
          47.6718246
        ]
      },
      "id": "way/205095546"
    },
    {
      "type": "Feature",
      "properties": {
        "@id": "way/205175906",
        "addr:city": "Belp",
        "addr:country": "CH",
        "addr:full": "Rubigenstrasse 35, 3123 Belp",
        "addr:housenumber": "35",
        "addr:postcode": "3123",
        "alt_name": "Neuschloss Belp",
        "building": "yes",
        "building:levels": "2",
        "castle_type": "stately",
        "ele": "520",
        "heritage": "3",
        "heritage:operator": "babs",
        "historic": "castle",
        "image": "https://upload.wikimedia.org/wikipedia/commons/thumb/8/8d/Belp_neues_Schloss_2.jpg/800px-Belp_neues_Schloss_2.jpg",
        "name": "Neues Schloss Belp",
        "note": "KGS-Nr: Nummer des Kulturgutes, zu finden in den KGS-Listen des Bundes und der Kantone. BABS: Bundesamt für Bevölkerungsschutz.",
        "ref:kgs": "606",
        "source:addr": "Gebäudeadressen des Kantons Bern © Amt für Geoinformation des Kantons Bern",
        "wikidata": "Q1980394",
        "wikimedia_commons": "Category:Neuschloss Belp",
        "wikipedia": "de:Neues Schloss Belp",
        "@geometry": "center"
      },
      "geometry": {
        "type": "Point",
        "coordinates": [
          7.5021161,
          46.8926754
        ]
      },
      "id": "way/205175906"
    },
    {
      "type": "Feature",
      "properties": {
        "@id": "way/205188182",
        "addr:city": "Gümligen",
        "addr:country": "CH",
        "addr:housenumber": "107",
        "addr:postcode": "3073",
        "addr:street": "Dorfstrasse",
        "building": "yes",
        "castle_type": "manor",
        "height": "16",
        "historic": "castle",
        "name": "Schloss Gümligen",
        "roof:colour": "brown",
        "roof:shape": "hipped",
        "wikidata": "Q2241361",
        "wikipedia": "de:Schloss Gümligen",
        "@geometry": "center"
      },
      "geometry": {
        "type": "Point",
        "coordinates": [
          7.5152034,
          46.9347054
        ]
      },
      "id": "way/205188182"
    },
    {
      "type": "Feature",
      "properties": {
        "@id": "way/206009462",
        "addr:city": "Bolligen",
        "addr:country": "CH",
        "addr:housenumber": "4",
        "addr:postcode": "3065",
        "alt_name": "Schloss Habstetten",
        "building": "residential",
        "castle_type": "stately",
        "ele": "638",
        "heritage": "3",
        "heritage:operator": "babs",
        "historic": "castle",
        "name": "Campagne Hubelgut",
        "source:addr": "Gebäudeadressen des Kantons Bern © Amt für Geoinformation des Kantons Bern",
        "wikidata": "Q1030109",
        "wikimedia_commons": "Category:Schloss Habstetten",
        "wikipedia:de": "Campagne Hubelgut",
        "@geometry": "center"
      },
      "geometry": {
        "type": "Point",
        "coordinates": [
          7.4983215,
          46.9835535
        ]
      },
      "id": "way/206009462"
    },
    {
      "type": "Feature",
      "properties": {
        "@id": "way/206114458",
        "addr:city": "Moudon",
        "addr:country": "CH",
        "addr:housenumber": "36",
        "addr:postcode": "1510",
        "addr:street": "Rue du Château",
        "building": "yes",
        "castle_type": "stately",
        "historic": "castle",
        "name": "Château de Moudon",
        "source": "Orthophoto Moudon 2012 / R-Pod @ HEIG-VD",
        "wikidata": "Q19950929",
        "wikipedia": "en:Moudon Castle",
        "@geometry": "center"
      },
      "geometry": {
        "type": "Point",
        "coordinates": [
          6.7955806,
          46.6696003
        ]
      },
      "id": "way/206114458"
    },
    {
      "type": "Feature",
      "properties": {
        "@id": "way/207928095",
        "building": "yes",
        "castle_type": "stately",
        "historic": "castle",
        "image": "https://upload.wikimedia.org/wikipedia/commons/thumb/4/4d/Bremgarten_Schloss_Gartenfassade.jpg/800px-Bremgarten_Schloss_Gartenfassade.jpg",
        "name": "Schloss Bremgarten",
        "wikidata": "Q2240407",
        "wikimedia_commons": "Category:Schloss Bremgarten",
        "wikipedia:de": "Schloss Bremgarten",
        "wikipedia:en": "Bremgarten Castle",
        "wikipedia:fr": "Château de Bremgarten",
        "wikipedia:ja": "ブレムガルテン城",
        "@geometry": "center"
      },
      "geometry": {
        "type": "Point",
        "coordinates": [
          7.4432821,
          46.9775695
        ]
      },
      "id": "way/207928095"
    },
    {
      "type": "Feature",
      "properties": {
        "@id": "way/208216572",
        "addr:city": "Stampa",
        "addr:country": "CH",
        "addr:housenumber": "51",
        "addr:postcode": "7605",
        "addr:street": "Coltura",
        "building": "castle",
        "castle_type": "manor",
        "historic": "castle",
        "historic:civilization": "medieval",
        "name": "Palazzo Castelmur",
        "opening_hours": "Jun-Oct 14:00-17:00; Jul 15-Aug 31 11:00-17:00; Mo off",
        "phone": "+41 81 822 15 54",
        "ref": "293",
        "start_date": "1723",
        "tourism": "museum",
        "website": "https://palazzo-castelmur.ch/",
        "wikidata": "Q2047519",
        "wikipedia": "de:Palazzo Castelmur",
        "@geometry": "center"
      },
      "geometry": {
        "type": "Point",
        "coordinates": [
          9.582478,
          46.3426664
        ]
      },
      "id": "way/208216572"
    },
    {
      "type": "Feature",
      "properties": {
        "@id": "way/208480496",
        "building": "yes",
        "castle_type": "stately",
        "contact:addr": "Schloss-Strasse 50, 3672 Oberdiessbach",
        "contact:email": "info@schloss-oberdiessbach.ch",
        "contact:phone": "+41 31 7710928",
        "ele": "631",
        "heritage": "2",
        "heritage:operator": "babs",
        "historic": "castle",
        "image": "https://upload.wikimedia.org/wikipedia/commons/thumb/f/f5/Oberdiessbach_Neues_Schloss-06.jpg/800px-Oberdiessbach_Neues_Schloss-06.jpg",
        "name": "Neues Schloss Oberdiessbach",
        "note": "KGS-Nr: Nummer des Kulturgutes, zu finden in den KGS-Listen des Bundes und der Kantone.",
        "ref:kgs": "9502",
        "source:addr": "Gebäudeadressen des Kantons Bern © Amt für Geoinformation des Kantons Bern",
        "source:geometry": "Gebäudegrundrisse MOPUBE",
        "website": "https://schloss-oberdiessbach.ch/",
        "wikidata": "Q1980415",
        "wikimedia_commons": "Category:Neues Schloss Oberdiessbach",
        "wikipedia:de": "Neues Schloss Oberdiessbach",
        "@geometry": "center"
      },
      "geometry": {
        "type": "Point",
        "coordinates": [
          7.6260705,
          46.838927
        ]
      },
      "id": "way/208480496"
    },
    {
      "type": "Feature",
      "properties": {
        "@id": "way/208480515",
        "addr:city": "Oberdiessbach",
        "addr:country": "CH",
        "addr:housenumber": "48",
        "addr:postcode": "3672",
        "building": "yes",
        "castle_type": "stately",
        "ele": "628",
        "historic": "castle",
        "image": "https://upload.wikimedia.org/wikipedia/commons/thumb/6/64/Oberdiessbach_altes_Schloss.jpg/800px-Oberdiessbach_altes_Schloss.jpg",
        "name": "Altes Schloss",
        "source:addr": "Gebäudeadressen des Kantons Bern © Amt für Geoinformation des Kantons Bern",
        "source:geometry": "Gebäudegrundrisse MOPUBE",
        "wikidata": "Q29674225",
        "wikimedia_commons": "Category:Altes Schloss Oberdiessbach",
        "@geometry": "center"
      },
      "geometry": {
        "type": "Point",
        "coordinates": [
          7.6260226,
          46.8392609
        ]
      },
      "id": "way/208480515"
    },
    {
      "type": "Feature",
      "properties": {
        "@id": "way/208965902",
        "addr:city": "Tentlingen",
        "addr:country": "CH",
        "addr:housenumber": "2",
        "addr:postcode": "1734",
        "addr:street": "Schloss",
        "building": "yes",
        "castle_type": "stately",
        "historic": "castle",
        "name": "Château de Tinterin",
        "wikidata": "Q29698384",
        "@geometry": "center"
      },
      "geometry": {
        "type": "Point",
        "coordinates": [
          7.1955527,
          46.7659015
        ]
      },
      "id": "way/208965902"
    },
    {
      "type": "Feature",
      "properties": {
        "@id": "way/209744807",
        "access": "private",
        "alt_name": "Schloss Grein",
        "castle_type": "manor",
        "historic": "castle",
        "name": "Château de Greng",
        "name:de": "Schloss Greng",
        "start_date": "1785",
        "wikidata": "Q67772521",
        "@geometry": "center"
      },
      "geometry": {
        "type": "Point",
        "coordinates": [
          7.0909299,
          46.9143273
        ]
      },
      "id": "way/209744807"
    },
    {
      "type": "Feature",
      "properties": {
        "@id": "way/209965084",
        "access": "customers",
        "building": "yes",
        "castle_type": "stately",
        "description": "1262 erbaute Burg der Herren v. Arbon. 1515-20 unter Konstanzer Bischof Hugo v. Hohenlandenberg Ausbau eines Wohntraktes (Schloss) und Aufstocken des Turmes auf 30 m, bis 1798 Sitz bischöflischen Vögte. Restauriert 1972/72. (Quelle: Burgenverein.ch)",
        "designation": "KGS 4918",
        "historic": "castle",
        "historic:civilization": "medieval",
        "name": "Schloss Arbon",
        "protect_class": "22",
        "start_date": "1262",
        "website": "https://www.arbon.ch/freizeit_tourismus/raeumlichkeiten/schloss_arbon",
        "wikidata": "Q29525748",
        "wikipedia": "de:Schloss Arbon",
        "@geometry": "center"
      },
      "geometry": {
        "type": "Point",
        "coordinates": [
          9.4369204,
          47.5157811
        ]
      },
      "id": "way/209965084"
    },
    {
      "type": "Feature",
      "properties": {
        "@id": "way/209972094",
        "access": "private",
        "building": "yes",
        "castle_type": "stately",
        "description": "Freisitz erbaut 2. Hälfte 16. Jh. für Bartholomäus Schobinger, umgebaut 1769 für Johann Viktor v. Travers. Privatbesitz.",
        "historic": "castle",
        "historic:civilization": "medieval",
        "name": "Schloss Horn",
        "start_date": "1580",
        "wikidata": "Q29883072",
        "@geometry": "center"
      },
      "geometry": {
        "type": "Point",
        "coordinates": [
          9.4696083,
          47.4929472
        ]
      },
      "id": "way/209972094"
    },
    {
      "type": "Feature",
      "properties": {
        "@id": "way/210195101",
        "addr:city": "Préverenges",
        "addr:housenumber": "23",
        "addr:street": "Rue de Lausanne",
        "building": "public",
        "castle_type": "stately",
        "historic": "castle",
        "name": "Château de Préverenges",
        "wikidata": "Q104218059",
        "@geometry": "center"
      },
      "geometry": {
        "type": "Point",
        "coordinates": [
          6.5289377,
          46.517791
        ]
      },
      "id": "way/210195101"
    },
    {
      "type": "Feature",
      "properties": {
        "@id": "way/210637036",
        "access": "yes",
        "building": "yes",
        "building:material": "stone",
        "castle_type": "defensive",
        "height": "18",
        "historic": "castle",
        "historic:civilization": "medieval",
        "name": "Ruina dal chastè Ringgenberg",
        "name:de": "Burg Ringgenberg",
        "ruins": "yes",
        "tourism": "attraction",
        "wikidata": "Q1013681",
        "wikipedia": "de:Burg Ringgenberg (Graubünden)",
        "@geometry": "center"
      },
      "geometry": {
        "type": "Point",
        "coordinates": [
          9.0088062,
          46.7384546
        ]
      },
      "id": "way/210637036"
    },
    {
      "type": "Feature",
      "properties": {
        "@id": "way/212500034",
        "access": "private",
        "addr:city": "Oberhofen",
        "addr:country": "CH",
        "addr:housenumber": "25",
        "addr:postcode": "8574",
        "addr:street": "Liebburgstrasse",
        "building": "yes",
        "castle_type": "stately",
        "historic": "castle",
        "name": "Schloss Liebburg",
        "wikidata": "Q15240774",
        "wikimedia_commons": "Category:Liebburg",
        "wikipedia": "de:Schloss Liebburg (Thurgau)",
        "@geometry": "center"
      },
      "geometry": {
        "type": "Point",
        "coordinates": [
          9.2024183,
          47.6254545
        ]
      },
      "id": "way/212500034"
    },
    {
      "type": "Feature",
      "properties": {
        "@id": "way/212739946",
        "addr:city": "Spiez",
        "addr:country": "CH",
        "addr:housenumber": "15",
        "addr:postcode": "3700",
        "addr:street": "Schlossstrasse",
        "building": "yes",
        "castle_type": "stately",
        "ele": "575",
        "email": "admin@schloss-spiez.ch",
        "historic": "castle",
        "historic:civilization": "medieval",
        "name": "Schloss Spiez",
        "source": "Gebäudeadressen des Kantons Bern © Amt für Geoinformation des Kantons Bern",
        "tourism": "museum",
        "website": "https://www.schloss-spiez.ch",
        "wheelchair": "no",
        "wikidata": "Q2243562",
        "wikipedia": "de:Schloss Spiez",
        "@geometry": "center"
      },
      "geometry": {
        "type": "Point",
        "coordinates": [
          7.6875171,
          46.689374
        ]
      },
      "id": "way/212739946"
    },
    {
      "type": "Feature",
      "properties": {
        "@id": "way/213162502",
        "addr:city": "Tafers",
        "addr:country": "CH",
        "addr:housenumber": "5",
        "addr:postcode": "1712",
        "addr:street": "Brunnenbergweg",
        "building": "castle",
        "castle_type": "manor",
        "historic": "castle",
        "last_checked:addr": "2015-06-21",
        "wikidata": "Q67772797",
        "@geometry": "center"
      },
      "geometry": {
        "type": "Point",
        "coordinates": [
          7.2344652,
          46.8131848
        ]
      },
      "id": "way/213162502"
    },
    {
      "type": "Feature",
      "properties": {
        "@id": "way/213842263",
        "castle_type": "defensive",
        "historic": "castle",
        "name": "Ruine Alt Bechburg",
        "ruins": "yes",
        "wikidata": "Q1552127",
        "wikipedia": "de:Ruine Alt-Bechburg",
        "@geometry": "center"
      },
      "geometry": {
        "type": "Point",
        "coordinates": [
          7.7717789,
          47.3324451
        ]
      },
      "id": "way/213842263"
    },
    {
      "type": "Feature",
      "properties": {
        "@id": "way/215034253",
        "addr:city": "Spiez",
        "addr:country": "CH",
        "addr:housenumber": "8",
        "addr:postcode": "3700",
        "addr:street": "Riedliweg",
        "building": "residential",
        "castle_type": "stately",
        "ele": "627",
        "historic": "castle",
        "image": "https://upload.wikimedia.org/wikipedia/commons/thumb/b/b8/Lattigen,_Jagdschlösschen_2.jpg/800px-Lattigen,_Jagdschlösschen_2.jpg",
        "name": "Jagdschlösschen Lattigen",
        "source": "Gebäudeadressen des Kantons Bern © Amt für Geoinformation des Kantons Bern",
        "wikidata": "Q29675230",
        "wikimedia_commons": "Category:Jagdschlösschen (Lattigen)",
        "@geometry": "center"
      },
      "geometry": {
        "type": "Point",
        "coordinates": [
          7.6513089,
          46.691211
        ]
      },
      "id": "way/215034253"
    },
    {
      "type": "Feature",
      "properties": {
        "@id": "way/215581608",
        "alt_name": "Château de St-Maurice",
        "building": "yes",
        "castle_type": "fortress",
        "check_date:opening_hours": "2025-06-12",
        "contact:instagram": "https://www.instagram.com/chateaudesaintmaurice/",
        "email": "accueil@chateau-stmaurice.ch",
        "historic": "castle",
        "name": "Château de Saint-Maurice",
        "opening_hours": "Tu-Sa 13:30-17:30; Su 11:00-17:00",
        "phone": "+41 24 485 24 58",
        "website": "https://www.chateau-stmaurice.ch",
        "wikidata": "Q2970553",
        "wikipedia": "fr:Château de Saint-Maurice",
        "@geometry": "center"
      },
      "geometry": {
        "type": "Point",
        "coordinates": [
          7.0029121,
          46.2233458
        ]
      },
      "id": "way/215581608"
    },
    {
      "type": "Feature",
      "properties": {
        "@id": "way/215888936",
        "addr:city": "Châtel-St-Denis",
        "addr:country": "CH",
        "addr:housenumber": "11",
        "addr:postcode": "1618",
        "addr:street": "Chemin du Château",
        "building": "yes",
        "castle_type": "stately",
        "historic": "castle",
        "name": "Château de Châtel-Saint-Denis",
        "source": "Office fédéral de la statistique, Registre fédéral des bâtiments et des logements (RegBL), https://www.housing-stat.ch",
        "source:date": "2019-06-06",
        "wikidata": "Q29688444",
        "@geometry": "center"
      },
      "geometry": {
        "type": "Point",
        "coordinates": [
          6.9017256,
          46.52938
        ]
      },
      "id": "way/215888936"
    },
    {
      "type": "Feature",
      "properties": {
        "@id": "way/216452175",
        "access": "yes",
        "addr:street": "Altmattstrasse",
        "alt_name": "Roter Turm",
        "building": "tower",
        "building:material": "stone",
        "castle_type": "defensive",
        "description": "Quadratischer Wehrturm mit Pyramidendach, in der gegen W ansetzenden Letzimauer ein Tor (15. Jh.). Teil der ehemaligen Talsperre, erbaut 1310-14 aus Anlass des Marchenstreites zwischen Schwyz und Kloster Einsiedeln. (Quelle: Burgenverein.ch)",
        "historic": "castle",
        "layer": "1",
        "name": "Letziturm",
        "roof:shape": "pyramidal",
        "start_date": "1323",
        "wikidata": "Q29525551",
        "wikipedia": "de:Wehrturm Rothenthurm",
        "@geometry": "center"
      },
      "geometry": {
        "type": "Point",
        "coordinates": [
          8.6761234,
          47.1060602
        ]
      },
      "id": "way/216452175"
    },
    {
      "type": "Feature",
      "properties": {
        "@id": "way/217724992",
        "access": "private",
        "building": "yes",
        "castle_type": "stately",
        "description": "Dreigeschossiger Bau mit Treppenturm. 1679 erwähnt, im 19. Jh. ausgebaut. (Quelle: Burgenverein.ch)",
        "historic": "castle",
        "historic:civilization": "medieval",
        "name": "Schloss Hattenberg",
        "wikidata": "Q29698218",
        "@geometry": "center"
      },
      "geometry": {
        "type": "Point",
        "coordinates": [
          7.1966241,
          46.8045489
        ]
      },
      "id": "way/217724992"
    },
    {
      "type": "Feature",
      "properties": {
        "@id": "way/218996854",
        "building": "yes",
        "castle_type": "fortress",
        "historic": "castle",
        "historic:civilization": "modern",
        "name": "Tour Dufour",
        "wikidata": "Q67772801",
        "@geometry": "center"
      },
      "geometry": {
        "type": "Point",
        "coordinates": [
          7.0021403,
          46.223314
        ]
      },
      "id": "way/218996854"
    },
    {
      "type": "Feature",
      "properties": {
        "@id": "way/219052601",
        "building": "yes",
        "castle_type": "stately",
        "historic": "castle",
        "name": "Château de Villa",
        "wikidata": "Q2970983",
        "@geometry": "center"
      },
      "geometry": {
        "type": "Point",
        "coordinates": [
          7.5213316,
          46.29414
        ]
      },
      "id": "way/219052601"
    },
    {
      "type": "Feature",
      "properties": {
        "@id": "way/219053203",
        "building": "yes",
        "castle_type": "stately",
        "historic": "castle",
        "name": "Hôtel de Ville",
        "note": "ex Chateau Bellevue",
        "wikidata": "Q29927436",
        "@geometry": "center"
      },
      "geometry": {
        "type": "Point",
        "coordinates": [
          7.5340903,
          46.2930585
        ]
      },
      "id": "way/219053203"
    },
    {
      "type": "Feature",
      "properties": {
        "@id": "way/219186135",
        "access": "yes",
        "castle_type": "defensive",
        "historic": "castle",
        "historic:civilization": "medieval",
        "name": "Burg Obermaggenberg",
        "ruins": "yes",
        "wikidata": "Q29687339",
        "wikipedia": "de:Maggenberg",
        "@geometry": "center"
      },
      "geometry": {
        "type": "Point",
        "coordinates": [
          7.3010342,
          46.7834099
        ]
      },
      "id": "way/219186135"
    },
    {
      "type": "Feature",
      "properties": {
        "@id": "way/219320631",
        "castle_type": "stately",
        "historic": "castle",
        "name": "Schloss Laufen",
        "name:gsw": "Schloss Laufe",
        "website": "https://www.schlosslaufen.ch/",
        "wikidata": "Q678484",
        "wikipedia": "de:Schloss Laufen",
        "@geometry": "center"
      },
      "geometry": {
        "type": "Point",
        "coordinates": [
          8.6149498,
          47.676798
        ]
      },
      "id": "way/219320631"
    },
    {
      "type": "Feature",
      "properties": {
        "@id": "way/219693819",
        "access": "no",
        "addr:city": "Sissach",
        "addr:country": "CH",
        "addr:housenumber": "13",
        "addr:postcode": "4450",
        "addr:street": "Itingerstrasse",
        "building": "yes",
        "castle_type": "stately",
        "historic": "castle",
        "name": "Schloss Ebenrain",
        "start_date": "1774",
        "wikidata": "Q5331756",
        "wikipedia": "de:Schloss Ebenrain",
        "@geometry": "center"
      },
      "geometry": {
        "type": "Point",
        "coordinates": [
          7.8049624,
          47.464104
        ]
      },
      "id": "way/219693819"
    },
    {
      "type": "Feature",
      "properties": {
        "@id": "way/219715608",
        "addr:city": "Raron",
        "addr:country": "CH",
        "addr:housenumber": "1",
        "addr:postcode": "3942",
        "addr:street": "Burgweg",
        "building": "yes",
        "historic": "castle",
        "name": "Wohnturm der Viztume",
        "name:en": "Viztume tower",
        "wikidata": "Q29573890",
        "@geometry": "center"
      },
      "geometry": {
        "type": "Point",
        "coordinates": [
          7.8038118,
          46.3108692
        ]
      },
      "id": "way/219715608"
    },
    {
      "type": "Feature",
      "properties": {
        "@id": "way/219956744",
        "access": "private",
        "addr:city": "Weinfelden",
        "addr:housenumber": "76",
        "addr:postcode": "8570",
        "addr:street": "Bachtobelstrasse",
        "building": "yes",
        "castle_type": "stately",
        "historic": "castle",
        "name": "Schloss Bachtobel",
        "source": "Bing",
        "website": "https://www.bachtobel.ch/",
        "wikidata": "Q1769649",
        "wikipedia": "de:Schloss Bachtobel",
        "@geometry": "center"
      },
      "geometry": {
        "type": "Point",
        "coordinates": [
          9.0898851,
          47.582117
        ]
      },
      "id": "way/219956744"
    },
    {
      "type": "Feature",
      "properties": {
        "@id": "way/220407134",
        "building": "yes",
        "castle_type": "stately",
        "historic": "castle",
        "name": "Château de Prilly",
        "wikidata": "Q67772528",
        "@geometry": "center"
      },
      "geometry": {
        "type": "Point",
        "coordinates": [
          6.6051217,
          46.5351464
        ]
      },
      "id": "way/220407134"
    },
    {
      "type": "Feature",
      "properties": {
        "@id": "way/222745483",
        "access": "customers",
        "building": "yes",
        "castle_type": "chateau",
        "historic": "castle",
        "historic:civilization": "medieval",
        "image": "https://upload.wikimedia.org/wikipedia/commons/thumb/a/a4/Schloss_muenchenwiler2011.JPG/800px-Schloss_muenchenwiler2011.JPG",
        "name": "Schloss Münchenwiler",
        "website": "https://www.schloss-muenchenwiler.ch/",
        "wikidata": "Q2242550",
        "wikimedia_commons": "Category:Schloss Münchenwiler",
        "wikipedia": "de:Schloss Münchenwiler",
        "@geometry": "center"
      },
      "geometry": {
        "type": "Point",
        "coordinates": [
          7.1269824,
          46.912061
        ]
      },
      "id": "way/222745483"
    },
    {
      "type": "Feature",
      "properties": {
        "@id": "way/224251332",
        "access": "private",
        "addr:city": "Zuckenriet",
        "addr:housenumber": "276",
        "addr:postcode": "9526",
        "addr:street": "Schloss",
        "building": "yes",
        "castle_type": "stately",
        "historic": "castle",
        "image": "https://upload.wikimedia.org/wikipedia/commons/thumb/c/cd/Schloss_Zuckenriet_IMG_1553.jpg/500px-Schloss_Zuckenriet_IMG_1553.jpg",
        "name": "Schloss Zuckenriet",
        "wikidata": "Q8074984",
        "wikimedia_commons": "Category:Schloss Zuckenriet",
        "@geometry": "center"
      },
      "geometry": {
        "type": "Point",
        "coordinates": [
          9.1636441,
          47.4886328
        ]
      },
      "id": "way/224251332"
    },
    {
      "type": "Feature",
      "properties": {
        "@id": "way/225822619",
        "addr:city": "Riom",
        "addr:housenumber": "11.1",
        "addr:postcode": "7463",
        "addr:street": "Dinvei",
        "alt_name": "Rätia Ampla",
        "building": "yes",
        "castle_type": "defensive",
        "historic": "castle",
        "historic:civilization": "medieval",
        "name": "Burg Riom",
        "operator": "Origen.ch",
        "ruins": "no",
        "wikidata": "Q1013686",
        "wikipedia": "de:Burg Riom",
        "@geometry": "center"
      },
      "geometry": {
        "type": "Point",
        "coordinates": [
          9.5842938,
          46.6092629
        ]
      },
      "id": "way/225822619"
    },
    {
      "type": "Feature",
      "properties": {
        "@id": "way/226690818",
        "access": "private",
        "building": "castle",
        "historic": "castle",
        "historic:civilization": "medieval",
        "name": "Château de Barberèche",
        "name:de": "Schloss Barberèche",
        "name:en": "Barberêche Castle",
        "name:ru": "Замок Барбереш",
        "wikidata": "Q4859635",
        "wikipedia": "fr:Château de Barberêche",
        "@geometry": "center"
      },
      "geometry": {
        "type": "Point",
        "coordinates": [
          7.1656818,
          46.8578923
        ]
      },
      "id": "way/226690818"
    },
    {
      "type": "Feature",
      "properties": {
        "@id": "way/226690819",
        "access": "private",
        "addr:full": "Grand-Vivy 1, 1b, 1783 Barberêche",
        "building": "castle",
        "castle_type": "stately",
        "historic": "castle",
        "historic:civilization": "medieval",
        "name": "Château de Grand Vivy",
        "name:de": "Schloss Grand Vivy",
        "name:en": "Grand-Vivy Castle",
        "name:ru": "Замок Гран-Виви",
        "wikidata": "Q5594202",
        "wikimedia_commons": "Category:Château de Grand-Vivy",
        "wikipedia:de": "Schloss Grand-Vivy",
        "wikipedia:en": "Grand-Vivy Castle",
        "wikipedia:fr": "Category:Château de Grand-Vivy",
        "@geometry": "center"
      },
      "geometry": {
        "type": "Point",
        "coordinates": [
          7.1766062,
          46.8710404
        ]
      },
      "id": "way/226690819"
    },
    {
      "type": "Feature",
      "properties": {
        "@id": "way/226690821",
        "access": "private",
        "addr:full": "Petit-Vivy 4, 1783 Barberêche",
        "building": "castle",
        "castle_type": "stately",
        "historic": "castle",
        "historic:civilization": "medieval",
        "name": "Château de Petit Vivy",
        "name:de": "Schloss Petit Vivy",
        "name:en": "Petit-Vivy Castle",
        "name:ru": "Замок Пети-Виви",
        "wikidata": "Q7178347",
        "wikimedia_commons": "Category:Château de Petit-Vivy",
        "wikipedia:de": "Burg Petit-Vivy",
        "wikipedia:en": "Petit-Vivy Castle",
        "wikipedia:fr": "Château de Petit-Vivy",
        "@geometry": "center"
      },
      "geometry": {
        "type": "Point",
        "coordinates": [
          7.1721689,
          46.8660434
        ]
      },
      "id": "way/226690821"
    },
    {
      "type": "Feature",
      "properties": {
        "@id": "way/226770568",
        "access": "private",
        "addr:city": "Güttingen",
        "addr:country": "CH",
        "addr:housenumber": "22",
        "addr:postcode": "8594",
        "addr:street": "Seeweg",
        "building": "yes",
        "castle_type": "stately",
        "historic": "castle",
        "historic:civilization": "medieval",
        "name": "Schloss Güttingen",
        "wikidata": "Q29882980",
        "wikimedia_commons": "Category:Landhaus Schloss, Güttingen TG",
        "@geometry": "center"
      },
      "geometry": {
        "type": "Point",
        "coordinates": [
          9.3019349,
          47.6088253
        ]
      },
      "id": "way/226770568"
    },
    {
      "type": "Feature",
      "properties": {
        "@id": "way/226770571",
        "access": "private",
        "addr:city": "Güttingen",
        "addr:country": "CH",
        "addr:housenumber": "16",
        "addr:postcode": "8594",
        "addr:street": "Moosburg",
        "alt_name": "Schloss Moosburg",
        "building": "yes",
        "castle_type": "stately",
        "description": "Dreigeschossiger Bau unter Walmdach, mit Portikus seeseits. Erb. um 1840 mit Steinen der ehem. Burg der Herren v. Güttingen, die bis E.18. Jh. als Sitz des bischöflich-konstanzischen Vogtes diente. (Quelle: Burgenverein.ch)",
        "historic": "castle",
        "historic:civilization": "medieval",
        "name": "Landhaus Moosburg",
        "wikidata": "Q29882983",
        "wikimedia_commons": "Category:Landhaus Moosburg (Güttingen)",
        "@geometry": "center"
      },
      "geometry": {
        "type": "Point",
        "coordinates": [
          9.3079001,
          47.6033166
        ]
      },
      "id": "way/226770571"
    },
    {
      "type": "Feature",
      "properties": {
        "@id": "way/227809384",
        "building": "yes",
        "castle_type": "stately",
        "historic": "castle",
        "name": "Château de Rougemont",
        "wikidata": "Q29891494",
        "@geometry": "center"
      },
      "geometry": {
        "type": "Point",
        "coordinates": [
          7.2062239,
          46.4872929
        ]
      },
      "id": "way/227809384"
    },
    {
      "type": "Feature",
      "properties": {
        "@id": "way/228663561",
        "access": "yes",
        "castle_type": "defensive",
        "fee": "no",
        "historic": "castle",
        "historic:civilization": "medieval",
        "name": "Wildenburg",
        "ruins": "yes",
        "website": "https://ruinewildenburg.wordpress.com/",
        "wikidata": "Q2570563",
        "wikipedia": "de:Wildenburg (Wildhaus)",
        "@geometry": "center"
      },
      "geometry": {
        "type": "Point",
        "coordinates": [
          9.3599631,
          47.205047
        ]
      },
      "id": "way/228663561"
    },
    {
      "type": "Feature",
      "properties": {
        "@id": "way/229041349",
        "castle_type": "defensive",
        "historic": "castle",
        "name": "Ruina dil casti Schiedberg",
        "name:de": "Schiedberg",
        "ruins": "yes",
        "wikidata": "Q971282",
        "wikipedia": "de:Burg Schiedberg",
        "@geometry": "center"
      },
      "geometry": {
        "type": "Point",
        "coordinates": [
          9.266555,
          46.7916808
        ]
      },
      "id": "way/229041349"
    },
    {
      "type": "Feature",
      "properties": {
        "@id": "way/229155354",
        "access": "private",
        "addr:city": "Iseltwald",
        "addr:country": "CH",
        "addr:housenumber": "45",
        "addr:postcode": "3807",
        "addr:street": "Burg",
        "building": "yes",
        "castle_type": "manor",
        "ele": "573",
        "healthcare": "rehabilitation",
        "historic": "castle",
        "image": "https://upload.wikimedia.org/wikipedia/commons/thumb/c/c6/Iseltwald_am_Brienzersee_(cropped).JPG/800px-Iseltwald_am_Brienzersee_(cropped).JPG",
        "name": "Schloss Seeburg",
        "source": "survey",
        "wheelchair": "yes",
        "wikidata": "Q2243478",
        "wikimedia_commons": "Category:Schloss Seeburg (Iseltwald)",
        "wikipedia:de": "Schloss Seeburg (Iseltwald)",
        "@geometry": "center"
      },
      "geometry": {
        "type": "Point",
        "coordinates": [
          7.9658845,
          46.7132117
        ]
      },
      "id": "way/229155354"
    },
    {
      "type": "Feature",
      "properties": {
        "@id": "way/229186485",
        "building": "yes",
        "building:levels": "2",
        "building:part": "yes",
        "castle_type": "manor",
        "historic": "castle",
        "name": "Château de Bossey",
        "note": "This building part is the Château in the exact sense of the word, and is also called the “Chateau”.",
        "roof:levels": "1",
        "roof:shape": "half-hipped",
        "wikidata": "Q22700997",
        "@geometry": "center"
      },
      "geometry": {
        "type": "Point",
        "coordinates": [
          6.1856795,
          46.3476142
        ]
      },
      "id": "way/229186485"
    },
    {
      "type": "Feature",
      "properties": {
        "@id": "way/229499800",
        "building": "school",
        "castle_type": "stately",
        "historic": "castle",
        "historic:civilization": "medieval",
        "name": "Schloss Heitenried",
        "website": "https://www.schule-heitenried.ch/historisches/",
        "wikidata": "Q67772537",
        "@geometry": "center"
      },
      "geometry": {
        "type": "Point",
        "coordinates": [
          7.2994481,
          46.8281472
        ]
      },
      "id": "way/229499800"
    },
    {
      "type": "Feature",
      "properties": {
        "@id": "way/229913512",
        "access": "private",
        "building": "yes",
        "castle_type": "stately",
        "historic": "castle",
        "historic:civilization": "medieval",
        "name": "Schloss Crap da Sass",
        "name:it": "Castello di Silvaplana",
        "name:rm": "Chastè Crap da Sass",
        "wikidata": "Q19308628",
        "wikipedia": "de:Schloss Crap da Sass",
        "@geometry": "center"
      },
      "geometry": {
        "type": "Point",
        "coordinates": [
          9.80376,
          46.458525
        ]
      },
      "id": "way/229913512"
    },
    {
      "type": "Feature",
      "properties": {
        "@id": "way/230180030",
        "addr:city": "Gachnang",
        "addr:housenumber": "9",
        "addr:postcode": "8547",
        "addr:street": "Islikonerstrasse",
        "building": "yes",
        "castle_type": "stately",
        "historic": "castle",
        "name": "Schloss Neu Gachnang",
        "wikidata": "Q29882970",
        "@geometry": "center"
      },
      "geometry": {
        "type": "Point",
        "coordinates": [
          8.8499151,
          47.5397508
        ]
      },
      "id": "way/230180030"
    },
    {
      "type": "Feature",
      "properties": {
        "@id": "way/230238690",
        "addr:city": "Oron-le-Châtel",
        "addr:housenumber": "1",
        "addr:postcode": "1608",
        "addr:street": "Chemin du Château",
        "building": "yes",
        "castle_type": "defensive",
        "historic": "castle",
        "historic:civilization": "medieval",
        "name": "Château d'Oron",
        "website": "http://www.swisscastles.ch/Vaud/Oron/ormusee.html",
        "wikidata": "Q2968320",
        "wikimedia_commons": "Category:Château d'Oron",
        "wikipedia": "fr:Château d'Oron",
        "@geometry": "center"
      },
      "geometry": {
        "type": "Point",
        "coordinates": [
          6.8372512,
          46.5746163
        ]
      },
      "id": "way/230238690"
    },
    {
      "type": "Feature",
      "properties": {
        "@id": "way/231422834",
        "access": "yes",
        "building": "yes",
        "castle_type": "stately",
        "description": "Château médiéval avec donjon circulaire (vers 1230) et une tour carrée, construit par Amédée III de Montfaucon, passe à Louis de Chalon en 1396, détruit par les Confédérés en 1475. (Source: Burgenverein.ch)",
        "historic": "castle",
        "historic:civilization": "medieval",
        "name": "Château d'Orbe",
        "ruins": "yes",
        "wikidata": "Q2968312",
        "wikipedia": "fr:Château d'Orbe",
        "@geometry": "center"
      },
      "geometry": {
        "type": "Point",
        "coordinates": [
          6.5330746,
          46.7258396
        ]
      },
      "id": "way/231422834"
    },
    {
      "type": "Feature",
      "properties": {
        "@id": "way/232405314",
        "addr:city": "Parpan",
        "addr:housenumber": "1",
        "addr:postcode": "7076",
        "addr:street": "Schlössliplatz",
        "building": "yes",
        "castle_type": "stately",
        "historic": "castle",
        "name": "Schlössli Parpan",
        "wikidata": "Q2245313",
        "@geometry": "center"
      },
      "geometry": {
        "type": "Point",
        "coordinates": [
          9.5581029,
          46.760547
        ]
      },
      "id": "way/232405314"
    },
    {
      "type": "Feature",
      "properties": {
        "@id": "way/233388025",
        "alt_name": "Ruine Scheideck",
        "archaeological_site": "fortification",
        "castle_type": "defensive",
        "historic": "castle",
        "image": "https://upload.wikimedia.org/wikipedia/commons/thumb/0/05/Burgruine_Scheidegg,_Gelterkinden,_CHE.jpg/960px-Burgruine_Scheidegg,_Gelterkinden,_CHE.jpg",
        "name": "Ruine Scheidegg",
        "ruins": "yes",
        "wikidata": "Q15127370",
        "wikimedia_commons": "Category:Burgruine Scheidegg (Gelterkinden)",
        "wikipedia:de": "Burgruine Scheidegg",
        "@geometry": "center"
      },
      "geometry": {
        "type": "Point",
        "coordinates": [
          7.8779229,
          47.4476562
        ]
      },
      "id": "way/233388025"
    },
    {
      "type": "Feature",
      "properties": {
        "@id": "way/233551594",
        "building": "yes",
        "castle_type": "stately",
        "historic": "castle",
        "layer": "1",
        "name": "Château de La Sarraz",
        "opening_hours": "Tu-Su 10:00-17:00",
        "tourism": "museum",
        "website": "https://chateau-lasarraz.ch/",
        "wikidata": "Q665441",
        "wikipedia": "fr:Château de La Sarraz",
        "@geometry": "center"
      },
      "geometry": {
        "type": "Point",
        "coordinates": [
          6.5141234,
          46.6603855
        ]
      },
      "id": "way/233551594"
    },
    {
      "type": "Feature",
      "properties": {
        "@id": "way/235090535",
        "addr:full": "Herrengasse 42, 6430 Schwyz",
        "alt_name": "Palais Büeler",
        "building": "yes",
        "castle_type": "stately",
        "historic": "castle",
        "name": "Palais von Weber",
        "wikidata": "Q29525659",
        "wikimedia_commons": "Category:Palais Büeler",
        "@geometry": "center"
      },
      "geometry": {
        "type": "Point",
        "coordinates": [
          8.6488228,
          47.0233054
        ]
      },
      "id": "way/235090535"
    },
    {
      "type": "Feature",
      "properties": {
        "@id": "way/235764676",
        "access": "private",
        "addr:city": "Jona",
        "addr:housenumber": "36",
        "addr:postcode": "8645",
        "addr:street": "Meienbergstrasse",
        "building": "yes",
        "castle_type": "stately",
        "historic": "castle",
        "name": "Schloss Meienberg",
        "wikidata": "Q14541554",
        "wikipedia": "de:Schloss Meienberg",
        "@geometry": "center"
      },
      "geometry": {
        "type": "Point",
        "coordinates": [
          8.8302673,
          47.2351348
        ]
      },
      "id": "way/235764676"
    },
    {
      "type": "Feature",
      "properties": {
        "@id": "way/235808641",
        "building": "yes",
        "castle_type": "stately",
        "historic": "castle",
        "name": "Château de la Poya",
        "start_date": "1701",
        "wikidata": "Q7236968",
        "wikipedia": "fr:Château de la Poya",
        "@geometry": "center"
      },
      "geometry": {
        "type": "Point",
        "coordinates": [
          7.1594641,
          46.8137841
        ]
      },
      "id": "way/235808641"
    },
    {
      "type": "Feature",
      "properties": {
        "@id": "way/237143474",
        "building": "yes",
        "castle_type": "defensive",
        "historic": "castle",
        "historic:civilization": "medieval",
        "name": "Château de Tourbillon",
        "ruins": "yes",
        "wikidata": "Q2970842",
        "wikipedia": "fr:Château de Tourbillon",
        "@geometry": "center"
      },
      "geometry": {
        "type": "Point",
        "coordinates": [
          7.3671829,
          46.2364921
        ]
      },
      "id": "way/237143474"
    },
    {
      "type": "Feature",
      "properties": {
        "@id": "way/237388240",
        "addr:city": "Givisiez",
        "addr:housenumber": "7",
        "addr:place": "Place d'Affry",
        "addr:postcode": "1762",
        "addr:street": "Place d'Affry",
        "building": "yes",
        "historic": "castle",
        "name": "Château d'Affry",
        "@geometry": "center"
      },
      "geometry": {
        "type": "Point",
        "coordinates": [
          7.1270275,
          46.8120964
        ]
      },
      "id": "way/237388240"
    },
    {
      "type": "Feature",
      "properties": {
        "@id": "way/237388276",
        "addr:city": "Givisiez",
        "addr:housenumber": "10",
        "addr:place": "Place de-Boccard",
        "addr:postcode": "1762",
        "addr:street": "Place de-Boccard",
        "building": "yes",
        "castle_type": "stately",
        "historic": "castle",
        "name": "Château de Boccard",
        "@geometry": "center"
      },
      "geometry": {
        "type": "Point",
        "coordinates": [
          7.1255704,
          46.8122076
        ]
      },
      "id": "way/237388276"
    },
    {
      "type": "Feature",
      "properties": {
        "@id": "way/238547982",
        "access": "private",
        "addr:city": "Mauensee",
        "addr:country": "CH",
        "addr:housenumber": "1",
        "addr:postcode": "6216",
        "addr:street": "Schloss",
        "building": "yes",
        "castle_type": "stately",
        "contact:website": "https://www.mauensee.ch/portraet/geschichte/schloss-mauensee.html/63",
        "description": "1275 der Herren v. Grünenberg, 1388 von Luzern zerstört, 1457 an Familie Schnyder v. Sursee, 1605 Neubau durch Kaspar Schnyder v. Mauensee mit Einbezug der Burgruine. Im 19. Jh. Niederlegen der Ringmauer und Wehrtürme. (Quelle: Burgenverein.ch)",
        "historic": "castle",
        "historic:civilization": "medieval",
        "name": "Schloss Mauensee",
        "wikidata": "Q29785751",
        "wikimedia_commons": "Category:Schloss Mauensee (Schloss 1, Mauensee)",
        "@geometry": "center"
      },
      "geometry": {
        "type": "Point",
        "coordinates": [
          8.0740075,
          47.1692113
        ]
      },
      "id": "way/238547982"
    },
    {
      "type": "Feature",
      "properties": {
        "@id": "way/239126985",
        "addr:city": "Renens VD",
        "addr:housenumber": "11",
        "addr:postcode": "1020",
        "addr:street": "Chemin de la Roche",
        "building": "yes",
        "castle_type": "stately",
        "historic": "castle",
        "name": "Château de Renens-sur-Roche",
        "wikidata": "Q29891462",
        "wikimedia_commons": "Category:Sur Roche, maison de campagne avec orangerie (Renens)",
        "@geometry": "center"
      },
      "geometry": {
        "type": "Point",
        "coordinates": [
          6.5956015,
          46.5321147
        ]
      },
      "id": "way/239126985"
    },
    {
      "type": "Feature",
      "properties": {
        "@id": "way/239749375",
        "addr:city": "Nottwil",
        "addr:housenumber": "1",
        "addr:place": "Schloss Tannenfels",
        "addr:postcode": "6207",
        "building": "yes",
        "castle_type": "stately",
        "castle_type:de": "schloss",
        "historic": "castle",
        "image": "https://upload.wikimedia.org/wikipedia/commons/thumb/c/ce/2020-Nottwil-2020-Schloss-Tannenfels.jpg/960px-2020-Nottwil-2020-Schloss-Tannenfels.jpg",
        "name": "Schloss Tannenfels",
        "ref:kgs": "03853",
        "wikidata": "Q29785773",
        "wikimedia_commons": "Category:Schloss Tannenfels (Schloss Tannenfels 1, Nottwil)",
        "@geometry": "center"
      },
      "geometry": {
        "type": "Point",
        "coordinates": [
          8.1088744,
          47.1364988
        ]
      },
      "id": "way/239749375"
    },
    {
      "type": "Feature",
      "properties": {
        "@id": "way/239880255",
        "access": "private",
        "addr:city": "Appenzell",
        "addr:country": "CH",
        "addr:housenumber": "5",
        "addr:postcode": "9050",
        "addr:street": "Poststrasse",
        "building": "yes",
        "castle_type": "manor",
        "historic": "castle",
        "historic:civilization": "medieval",
        "name": "Schloss Appenzell",
        "wikidata": "Q28969986",
        "wikipedia": "en:Appenzell Castle",
        "@geometry": "center"
      },
      "geometry": {
        "type": "Point",
        "coordinates": [
          9.4096266,
          47.3299266
        ]
      },
      "id": "way/239880255"
    },
    {
      "type": "Feature",
      "properties": {
        "@id": "way/239913563",
        "access": "private",
        "addr:city": "Wetzikon ZH",
        "addr:housename": "Schloss Wetzikon",
        "addr:housenumber": "134",
        "addr:postcode": "8620",
        "addr:street": "Bahnhofstrasse",
        "building": "yes",
        "building:condition": "preserved",
        "castle_type": "manor",
        "historic": "castle",
        "name": "Schloss Wetzikon",
        "wheelchair": "no",
        "wikidata": "Q14546843",
        "wikipedia": "de:Schloss_Wetzikon",
        "@geometry": "center"
      },
      "geometry": {
        "type": "Point",
        "coordinates": [
          8.7990577,
          47.3254395
        ]
      },
      "id": "way/239913563"
    },
    {
      "type": "Feature",
      "properties": {
        "@id": "way/240173767",
        "addr:city": "Estavayer-le-Lac",
        "addr:housenumber": "1",
        "addr:postcode": "1470",
        "addr:street": "Chemin du Donjon",
        "building": "yes",
        "castle_type": "defensive",
        "historic": "castle",
        "name": "Chateau de Chenaux",
        "wikidata": "Q2968921",
        "wikipedia": "fr:Château de Chenaux",
        "@geometry": "center"
      },
      "geometry": {
        "type": "Point",
        "coordinates": [
          6.84886,
          46.851497
        ]
      },
      "id": "way/240173767"
    },
    {
      "type": "Feature",
      "properties": {
        "@id": "way/240604939",
        "archaeological_site": "fortification",
        "castle_type": "defensive",
        "castle_type:de": "burg",
        "historic": "castle",
        "image": "https://upload.wikimedia.org/wikipedia/commons/thumb/b/bf/Anlage_Ruine_Farnsburg_2025.jpg/250px-Anlage_Ruine_Farnsburg_2025.jpg",
        "name": "Ruine Farnsburg",
        "ruins": "yes",
        "wikidata": "Q359967",
        "wikimedia_commons": "Category:Ruine Farnsburg",
        "wikipedia:de": "Ruine Farnsburg",
        "@geometry": "center"
      },
      "geometry": {
        "type": "Point",
        "coordinates": [
          7.8704491,
          47.4930505
        ]
      },
      "id": "way/240604939"
    },
    {
      "type": "Feature",
      "properties": {
        "@id": "way/242506947",
        "castle_type": "stately",
        "historic": "castle",
        "name": "Château de Delémont",
        "url": "http://www.delemont.ch/fr/Tourisme-culture-et-loisirs/Curiosites-naturelles-et-historiques/Vieille-Ville/Chateau-de-Delemont/Chateau-de-Delemont.html",
        "wikidata": "Q686528",
        "@geometry": "center"
      },
      "geometry": {
        "type": "Point",
        "coordinates": [
          7.3428106,
          47.363969
        ]
      },
      "id": "way/242506947"
    },
    {
      "type": "Feature",
      "properties": {
        "@id": "way/242983242",
        "addr:city": "Roggwil TG",
        "addr:country": "CH",
        "addr:housenumber": "4",
        "addr:postcode": "9325",
        "addr:street": "Betenwilerstrasse",
        "building": "yes",
        "castle_type": "stately",
        "description": "Ehemaliger Sitz der Herren von Roggwil (13. Jh.), als Lehen der Abtei St. Gallen in verschiedenen Händen bis 1806, danach Privatbesitz. Gesamtrenovation 1976--84, Aussenrestauration 1994/95. Heute Stiftung. (Quelle: Burgenverein.ch)",
        "historic": "castle",
        "historic:civilization": "medieval",
        "name": "Schloss Roggwil",
        "source": "Bing",
        "website": "https://schloss-roggwil.ch",
        "wheelchair": "no",
        "wikidata": "Q29883259",
        "wikimedia_commons": "Category:Schloss Roggwil",
        "@geometry": "center"
      },
      "geometry": {
        "type": "Point",
        "coordinates": [
          9.395024,
          47.5006141
        ]
      },
      "id": "way/242983242"
    },
    {
      "type": "Feature",
      "properties": {
        "@id": "way/245445774",
        "access": "yes",
        "addr:city": "Lauerz",
        "addr:country": "CH",
        "addr:housenumber": "1d",
        "addr:place": "Insel Schwanau",
        "addr:postcode": "6424",
        "building": "ruins",
        "castle_type": "defensive",
        "castle_type:de": "burg",
        "description": "Erbaut 1. Hälfte 13. Jh. und kurz nach 1250 wieder aufgelassen. Insel im 17./18. Jh. von Eremiten bewohnt, Kapelle St. Joseph erbaut 1684. Burg 1959/60 ausgegraben und konserviert. Gaststätte auf der Insel, mit Boot erreichbar. (Quelle: Burgenverein.ch)",
        "historic": "castle",
        "historic:civilization": "medieval",
        "name": "Burgruine Schwanau",
        "ruins": "yes",
        "wikidata": "Q29881748",
        "wikipedia": "de:Burgruine Schwanau",
        "@geometry": "center"
      },
      "geometry": {
        "type": "Point",
        "coordinates": [
          8.5975852,
          47.032556
        ]
      },
      "id": "way/245445774"
    },
    {
      "type": "Feature",
      "properties": {
        "@id": "way/245993670",
        "addr:city": "Erlach",
        "addr:country": "CH",
        "addr:housenumber": "102",
        "addr:place": "Jolimont",
        "addr:postcode": "3235",
        "building": "residential",
        "castle_type": "manor",
        "ele": "555",
        "historic": "castle",
        "name": "Jolimont-Gut",
        "website": "http://www.villa-jolimont.ch",
        "wikidata": "Q19362590",
        "@geometry": "center"
      },
      "geometry": {
        "type": "Point",
        "coordinates": [
          7.0838045,
          47.0380442
        ]
      },
      "id": "way/245993670"
    },
    {
      "type": "Feature",
      "properties": {
        "@id": "way/246350980",
        "access": "private",
        "addr:city": "Lanzenneunforn",
        "addr:housenumber": "1",
        "addr:place": "Liebenfels",
        "addr:postcode": "8506",
        "alt_name": "Burg Liebenfels",
        "building": "yes",
        "castle_type": "defensive",
        "historic": "castle",
        "name": "Schloss Liebenfels",
        "ruins": "no",
        "source": "Bing",
        "website": "https://www.schloss-liebenfels.ch/",
        "wikidata": "Q2242189",
        "wikipedia": "de:Burg Liebenfels (Thurgau)",
        "@geometry": "center"
      },
      "geometry": {
        "type": "Point",
        "coordinates": [
          8.9259277,
          47.6313622
        ]
      },
      "id": "way/246350980"
    },
    {
      "type": "Feature",
      "properties": {
        "@id": "way/246778437",
        "access": "private",
        "building": "yes",
        "castle_type": "stately",
        "historic": "castle",
        "name": "Schloss Blidegg",
        "wikidata": "Q4907645",
        "wikipedia": "en:Bildegg Castle",
        "@geometry": "center"
      },
      "geometry": {
        "type": "Point",
        "coordinates": [
          9.2955657,
          47.5032439
        ]
      },
      "id": "way/246778437"
    },
    {
      "type": "Feature",
      "properties": {
        "@id": "way/247451049",
        "access": "no",
        "addr:city": "Hohentannen",
        "addr:housenumber": "2",
        "addr:postcode": "9216",
        "addr:street": "Schlossweg",
        "building": "yes",
        "castle_type": "stately",
        "historic": "castle",
        "name": "Schloss Oetlishausen",
        "wikidata": "Q2242820",
        "wikimedia_commons": "Category:Schloss Oetlishausen",
        "wikipedia:de": "Schloss Oetlishausen",
        "@geometry": "center"
      },
      "geometry": {
        "type": "Point",
        "coordinates": [
          9.2148805,
          47.5137323
        ]
      },
      "id": "way/247451049"
    },
    {
      "type": "Feature",
      "properties": {
        "@id": "way/247915104",
        "access": "private",
        "building": "yes",
        "castle_type": "stately",
        "historic": "castle",
        "name": "Schloss Heidelberg",
        "wikidata": "Q2241495",
        "wikipedia": "de:Schloss Heidelberg (Thurgau)",
        "@geometry": "center"
      },
      "geometry": {
        "type": "Point",
        "coordinates": [
          9.2241204,
          47.4989558
        ]
      },
      "id": "way/247915104"
    },
    {
      "type": "Feature",
      "properties": {
        "@id": "way/248990764",
        "access": "private",
        "addr:city": "Sempach Station",
        "addr:housenumber": "2",
        "addr:place": "Wartensee",
        "addr:postcode": "6203",
        "building": "house",
        "castle_type": "stately",
        "description": "Ursprünglich Burg der Herren v. Wartensee, 1386 zerstört. Am Platz der ehemalige Burg um 1524 gotisches Steinhaus (1524) und Kapelle (1619) errichtet, von Ringmauer umgeben, 1647-1820 im Besitz der Familie Schnyder v. Wartensee. (Quelle: Burgenverein.ch)",
        "historic": "castle",
        "historic:civilization": "medieval",
        "name": "Schloss Wartensee",
        "note": "WP-Seite zum Schloss fehlt, ist aber erwähnt in https://de.wikipedia.org/wiki/Neuenkirch . Nicht verwechseln mit Schloss Wartensee in Rorschacherberg.",
        "wikidata": "Q29785769",
        "@geometry": "center"
      },
      "geometry": {
        "type": "Point",
        "coordinates": [
          8.1737123,
          47.1162795
        ]
      },
      "id": "way/248990764"
    },
    {
      "type": "Feature",
      "properties": {
        "@id": "way/250505135",
        "addr:city": "Susten",
        "addr:country": "CH",
        "addr:housenumber": "40",
        "addr:postcode": "3952",
        "addr:street": "St. Josef-Allee",
        "building": "yes",
        "castle_type": "stately",
        "historic": "castle",
        "name": "Schloss Mageran / de Werra",
        "wikidata": "Q29892252",
        "@geometry": "center"
      },
      "geometry": {
        "type": "Point",
        "coordinates": [
          7.6504285,
          46.3056909
        ]
      },
      "id": "way/250505135"
    },
    {
      "type": "Feature",
      "properties": {
        "@id": "way/252536565",
        "access": "permissive",
        "addr:city": "Egnach",
        "addr:country": "CH",
        "addr:housenumber": "3",
        "addr:postcode": "9322",
        "addr:street": "Schlossweg",
        "building": "yes",
        "castle_type": "stately",
        "historic": "castle",
        "historic:civilization": "medieval",
        "name": "Schloss Luxburg",
        "website": "https://www.ig-schloss-luxburg.ch/",
        "wikidata": "Q29882758",
        "wikimedia_commons": "Category:Schloss Luxburg",
        "wikipedia:de": "Schloss Luxburg",
        "@geometry": "center"
      },
      "geometry": {
        "type": "Point",
        "coordinates": [
          9.3831467,
          47.5480742
        ]
      },
      "id": "way/252536565"
    },
    {
      "type": "Feature",
      "properties": {
        "@id": "way/253326876",
        "alt_name": "Blarerschloss",
        "building": "yes",
        "castle_type": "stately",
        "historic": "castle",
        "name": "Schloss Aesch",
        "wikidata": "Q1416087",
        "wikipedia": "de:Schloss Aesch",
        "@geometry": "center"
      },
      "geometry": {
        "type": "Point",
        "coordinates": [
          7.5992408,
          47.4657754
        ]
      },
      "id": "way/253326876"
    },
    {
      "type": "Feature",
      "properties": {
        "@id": "way/254218347",
        "addr:city": "Etoy",
        "addr:housenumber": "10",
        "addr:street": "Le Prieuré",
        "building": "yes",
        "castle_type": "stately",
        "historic": "castle",
        "name": "Château d'Étoy",
        "wikidata": "Q29890776",
        "wikimedia_commons": "Category:Château (ancien prieuré) avec parc (Etoy)",
        "@geometry": "center"
      },
      "geometry": {
        "type": "Point",
        "coordinates": [
          6.4211192,
          46.4860225
        ]
      },
      "id": "way/254218347"
    },
    {
      "type": "Feature",
      "properties": {
        "@id": "way/255588816",
        "addr:city": "Schöftland",
        "addr:country": "CH",
        "addr:housename": "Schloss Schöftland",
        "addr:housenumber": "5",
        "addr:postcode": "5040",
        "addr:street": "Bahnhofstrasse",
        "building": "yes",
        "castle_type": "manor",
        "historic": "castle",
        "name": "Schloss Schöftland",
        "office": "government",
        "source": "AGIS OF2011",
        "wikidata": "Q1473154",
        "wikipedia": "de:Schloss Schöftland",
        "@geometry": "center"
      },
      "geometry": {
        "type": "Point",
        "coordinates": [
          8.0500247,
          47.3043352
        ]
      },
      "id": "way/255588816"
    },
    {
      "type": "Feature",
      "properties": {
        "@id": "way/256195241",
        "castle_type": "stately",
        "historic": "castle",
        "name": "Schloss Wildenstein",
        "ruins": "no",
        "wheelchair": "yes",
        "wikidata": "Q683552",
        "wikipedia": "de:Schloss_Wildenstein_(Bubendorf)",
        "@geometry": "center"
      },
      "geometry": {
        "type": "Point",
        "coordinates": [
          7.7360106,
          47.4302033
        ]
      },
      "id": "way/256195241"
    },
    {
      "type": "Feature",
      "properties": {
        "@id": "way/257935789",
        "addr:city": "Arbon",
        "addr:postcode": "9320",
        "addr:street": "Hafenstrasse",
        "building": "yes",
        "castle_type": "castrum",
        "historic": "castle",
        "name": "Kastell Arbon",
        "ruins": "yes",
        "wikidata": "Q1692925",
        "wikipedia": "de:Kastell Arbon",
        "@geometry": "center"
      },
      "geometry": {
        "type": "Point",
        "coordinates": [
          9.4371167,
          47.5148533
        ]
      },
      "id": "way/257935789"
    },
    {
      "type": "Feature",
      "properties": {
        "@id": "way/258348406",
        "building": "yes",
        "castle_type": "stately",
        "email": "info@wasserschloss-wyher.ch",
        "historic": "castle",
        "name": "Wasserschloss Wyher",
        "website": "https://www.wasserschloss-wyher.ch/",
        "wikidata": "Q2244283",
        "wikipedia": "de:Schloss Wyher",
        "@geometry": "center"
      },
      "geometry": {
        "type": "Point",
        "coordinates": [
          8.0236965,
          47.1421209
        ]
      },
      "id": "way/258348406"
    },
    {
      "type": "Feature",
      "properties": {
        "@id": "way/258406300",
        "access": "yes",
        "barrier": "wall",
        "castle_type": "defensive",
        "historic": "castle",
        "name": "Montsalvens",
        "ruins": "yes",
        "wikidata": "Q29688084",
        "@geometry": "center"
      },
      "geometry": {
        "type": "Point",
        "coordinates": [
          7.1153356,
          46.6089793
        ]
      },
      "id": "way/258406300"
    },
    {
      "type": "Feature",
      "properties": {
        "@id": "node/259024613",
        "access": "yes",
        "castle_type": "defensive",
        "ele": "448",
        "historic": "castle",
        "historic:civilization": "medieval",
        "name": "Ruine Stein",
        "name:de": "Ruine Stein",
        "name:gsw": "Ruine Schtei",
        "ruins": "yes",
        "tourism": "attraction",
        "wheelchair": "no",
        "wikidata": "Q687130",
        "wikipedia": "de:Ruine Stein"
      },
      "geometry": {
        "type": "Point",
        "coordinates": [
          8.3053033,
          47.4732192
        ]
      },
      "id": "node/259024613"
    },
    {
      "type": "Feature",
      "properties": {
        "@id": "way/259376131",
        "addr:city": "Amsoldingen",
        "addr:country": "CH",
        "addr:full": "Schloss 1, 3633 Amsoldingen",
        "addr:housenumber": "1",
        "addr:place": "Schloss",
        "addr:postcode": "3633",
        "building": "yes",
        "castle_type": "stately",
        "description:de": "Schloss und Kirche bilden ein Ensemble unter der gleichen KGS-Nr. 594",
        "heritage": "2",
        "heritage:operator": "babs",
        "historic": "castle",
        "image": "https://upload.wikimedia.org/wikipedia/commons/thumb/b/b5/SchlossAmsoldingen_6354.jpg/800px-SchlossAmsoldingen_6354.jpg",
        "name": "Schloss Amsoldingen",
        "note": "KGS-Nr: Nummer des Kulturgutes, zu finden in den KGS-Listen des Bundes und der Kantone. BABS: Bundesamt für Bevölkerungsschutz",
        "ref:kgs": "594",
        "wikidata": "Q2240050",
        "wikimedia_commons": "Category:Schloss Amsoldingen",
        "wikipedia": "de:Schloss Amsoldingen",
        "@geometry": "center"
      },
      "geometry": {
        "type": "Point",
        "coordinates": [
          7.5785313,
          46.7271084
        ]
      },
      "id": "way/259376131"
    },
    {
      "type": "Feature",
      "properties": {
        "@id": "way/259554742",
        "access": "yes",
        "castle_type": "defensive",
        "historic": "castle",
        "historic:civilization": "medieval",
        "name": "Ruine Steinerburg",
        "ruins": "yes",
        "wikidata": "Q1433803",
        "wikipedia": "de:Steinerburg",
        "@geometry": "center"
      },
      "geometry": {
        "type": "Point",
        "coordinates": [
          9.4280346,
          47.4855094
        ]
      },
      "id": "way/259554742"
    },
    {
      "type": "Feature",
      "properties": {
        "@id": "way/259723337",
        "access": "private",
        "addr:city": "Kefikon TG",
        "addr:housenumber": "1",
        "addr:postcode": "8546",
        "addr:street": "Schlossweg",
        "building": "yes",
        "castle_type": "stately",
        "historic": "castle",
        "name": "Schloss Kefikon",
        "wikidata": "Q1677929",
        "wikipedia": "de:Schloss Kefikon",
        "@geometry": "center"
      },
      "geometry": {
        "type": "Point",
        "coordinates": [
          8.8321533,
          47.5492593
        ]
      },
      "id": "way/259723337"
    },
    {
      "type": "Feature",
      "properties": {
        "@id": "way/260207299",
        "addr:city": "Bavois",
        "addr:country": "CH",
        "addr:housenumber": "2",
        "addr:postcode": "1372",
        "addr:street": "Chemin du Château",
        "building": "yes",
        "historic": "castle",
        "name": "Château de Bavois",
        "wikidata": "Q29890509",
        "@geometry": "center"
      },
      "geometry": {
        "type": "Point",
        "coordinates": [
          6.5665404,
          46.6784478
        ]
      },
      "id": "way/260207299"
    },
    {
      "type": "Feature",
      "properties": {
        "@id": "way/261718341",
        "addr:city": "Les Clées",
        "addr:housenumber": "2",
        "addr:place": "Le Château",
        "addr:postcode": "1356",
        "building": "yes",
        "castle_type": "fortress",
        "historic": "castle",
        "name": "Château des Clées",
        "@geometry": "center"
      },
      "geometry": {
        "type": "Point",
        "coordinates": [
          6.4627115,
          46.7307811
        ]
      },
      "id": "way/261718341"
    },
    {
      "type": "Feature",
      "properties": {
        "@id": "way/261879287",
        "addr:city": "Nyon",
        "addr:country": "CH",
        "addr:housenumber": "4",
        "addr:postcode": "1260",
        "addr:street": "Chemin de Bois-Bougy",
        "building": "house",
        "castle_type": "manor",
        "historic": "castle",
        "name": "Bois-Bougy",
        "wikidata": "Q56300825",
        "@geometry": "center"
      },
      "geometry": {
        "type": "Point",
        "coordinates": [
          6.2240019,
          46.3763264
        ]
      },
      "id": "way/261879287"
    },
    {
      "type": "Feature",
      "properties": {
        "@id": "way/262392342",
        "castle_type": "defensive",
        "historic": "castle",
        "name": "Ruine Landegg",
        "ruins": "yes",
        "wikidata": "Q67772581",
        "@geometry": "center"
      },
      "geometry": {
        "type": "Point",
        "coordinates": [
          9.1436009,
          47.4033055
        ]
      },
      "id": "way/262392342"
    },
    {
      "type": "Feature",
      "properties": {
        "@id": "way/262609523",
        "access": "permissive",
        "addr:city": "Seewis Dorf",
        "addr:country": "CH",
        "addr:housename": "Schloss",
        "addr:housenumber": "2",
        "addr:postcode": "7212",
        "addr:street": "Von Salis-Strasse",
        "building": "yes",
        "castle_type": "manor",
        "description": "Massiger Baukubus mit Kreuzfirst und ehemals zwei Fronttürmen. 1630 erbaut für Dietegen v.Salis. 1690 erneuert. Nach Dorfbrand 1863 wiederhergestellt. (Quelle: Burgenverein.ch)",
        "historic": "castle",
        "historic:civilization": "medieval",
        "name": "Schloss Salis",
        "wikidata": "Q29785112",
        "@geometry": "center"
      },
      "geometry": {
        "type": "Point",
        "coordinates": [
          9.6367006,
          46.9887396
        ]
      },
      "id": "way/262609523"
    },
    {
      "type": "Feature",
      "properties": {
        "@id": "way/262700535",
        "access": "private",
        "addr:city": "Staad SG",
        "addr:country": "CH",
        "addr:housenumber": "7",
        "addr:postcode": "9422",
        "addr:street": "Felsenstrasse",
        "building": "yes",
        "castle_type": "stately",
        "historic": "castle",
        "historic:civilization": "medieval",
        "name": "Schloss Greifenstein",
        "wikidata": "Q19957914",
        "@geometry": "center"
      },
      "geometry": {
        "type": "Point",
        "coordinates": [
          9.5544165,
          47.4726407
        ]
      },
      "id": "way/262700535"
    },
    {
      "type": "Feature",
      "properties": {
        "@id": "way/264452248",
        "building": "yes",
        "castle_type": "manor",
        "historic": "castle",
        "name": "Château de Rochefort",
        "tourism": "guest_house",
        "website": "https://chateau-rochefort.ch/",
        "wikidata": "Q29890474",
        "wikipedia": "fr:Château de Rochefort (Allaman)",
        "@geometry": "center"
      },
      "geometry": {
        "type": "Point",
        "coordinates": [
          6.395227,
          46.4706403
        ]
      },
      "id": "way/264452248"
    },
    {
      "type": "Feature",
      "properties": {
        "@id": "node/264764892",
        "castle_type": "defensive",
        "ele": "710",
        "historic": "castle",
        "name": "Ruine Gilgenberg",
        "ruins": "yes",
        "wikidata": "Q2175270",
        "wikipedia:de": "Ruine_Gilgenberg"
      },
      "geometry": {
        "type": "Point",
        "coordinates": [
          7.6074202,
          47.3834918
        ]
      },
      "id": "node/264764892"
    },
    {
      "type": "Feature",
      "properties": {
        "@id": "node/265284963",
        "castle_type": "stately",
        "historic": "castle",
        "historic:civilization": "medieval",
        "name": "Schloss Nidau",
        "wikidata": "Q254290",
        "wikimedia_commons": "Category:Schloss_Nidau",
        "wikipedia": "de:Schloss Nidau"
      },
      "geometry": {
        "type": "Point",
        "coordinates": [
          7.2398866,
          47.1275996
        ]
      },
      "id": "node/265284963"
    },
    {
      "type": "Feature",
      "properties": {
        "@id": "way/266894833",
        "access": "yes",
        "building": "yes",
        "castle_type": "defensive",
        "fee": "no",
        "historic": "castle",
        "historic:civilization": "medieval",
        "int_name": "Tschanüff Castle",
        "layer": "1",
        "name": "Tschanüff",
        "name:rm": "Chastè Tschanüff",
        "nat_name": "Burg Tschanüff",
        "ruins": "yes",
        "wheelchair": "no",
        "wikidata": "Q689981",
        "wikipedia": "de:Burg Tschanüff",
        "@geometry": "center"
      },
      "geometry": {
        "type": "Point",
        "coordinates": [
          10.3755781,
          46.8330038
        ]
      },
      "id": "way/266894833"
    },
    {
      "type": "Feature",
      "properties": {
        "@id": "node/267360293",
        "access": "yes",
        "archaeological_site": "earthwork",
        "castle_type": "defensive",
        "ele": "557",
        "historic": "castle",
        "historic:civilization": "medieval",
        "name": "Teufelsburg",
        "ruins": "yes",
        "wikidata": "Q1157656",
        "wikipedia": "de:Teufelsburg (Schweiz)"
      },
      "geometry": {
        "type": "Point",
        "coordinates": [
          7.4266007,
          47.1473891
        ]
      },
      "id": "node/267360293"
    },
    {
      "type": "Feature",
      "properties": {
        "@id": "way/268224737",
        "access": "yes",
        "castle_type": "defensive",
        "ele": "1521",
        "historic": "castle",
        "historic:civilization": "medieval",
        "name": "Casté Steinsberg",
        "name:de": "Ruine Steinsberg",
        "name:en": "Steinsberg Castle",
        "ruins": "yes",
        "wikidata": "Q1476803",
        "wikipedia": "de:Ruine Steinsberg",
        "@geometry": "center"
      },
      "geometry": {
        "type": "Point",
        "coordinates": [
          10.2050224,
          46.7743473
        ]
      },
      "id": "way/268224737"
    },
    {
      "type": "Feature",
      "properties": {
        "@id": "way/269936954",
        "access": "private",
        "addr:city": "Alberswil",
        "addr:country": "CH",
        "addr:housenumber": "2",
        "addr:place": "Kastelen",
        "addr:postcode": "6248",
        "building": "yes",
        "castle_type": "manor",
        "historic": "castle",
        "historic:civilization": "modern",
        "name": "Schloss Castelen",
        "@geometry": "center"
      },
      "geometry": {
        "type": "Point",
        "coordinates": [
          7.9967796,
          47.1483632
        ]
      },
      "id": "way/269936954"
    },
    {
      "type": "Feature",
      "properties": {
        "@id": "way/269953071",
        "access": "yes",
        "addr:full": "Kastelen 2.7, 6248 Alberswil",
        "archaeological_site": "fortification",
        "castle_type": "tower",
        "historic": "castle",
        "historic:civilization": "medieval",
        "image": "https://upload.wikimedia.org/wikipedia/commons/thumb/1/1d/Alberswil-Ruine-Kastelen.jpg/800px-Alberswil-Ruine-Kastelen.jpg",
        "man_made": "tower",
        "name": "Burg Kastelen",
        "ruins": "yes",
        "website": "https://www.kastelen.ch/burganlage/",
        "wikidata": "Q6374795",
        "wikimedia_commons": "Category:Ruine Kastelen",
        "wikipedia:de": "Ruine Kastelen",
        "@geometry": "center"
      },
      "geometry": {
        "type": "Point",
        "coordinates": [
          7.9929978,
          47.146935
        ]
      },
      "id": "way/269953071"
    },
    {
      "type": "Feature",
      "properties": {
        "@id": "node/270412067",
        "access": "yes",
        "castle_type": "defensive",
        "description": "Mauerrest des Wohnturmes einer Wasserburg, der am Ufer des damaligen Tuggener-Sees stand. Erbaut vermutlich im 13. Jh., erwiesen 1358, vermutlich im Alten Zürichkrieg 1444 zerstört. Sondierung 1897, Ausgrabung 1936/37. (Quelle: Burgenverein.ch)",
        "historic": "castle",
        "historic:civilization": "medieval",
        "name": "Burgruine Bibiton",
        "ruins": "yes",
        "wikidata": "Q1010994",
        "wikipedia": "de:Burg Bibiton"
      },
      "geometry": {
        "type": "Point",
        "coordinates": [
          9.010376,
          47.2087139
        ]
      },
      "id": "node/270412067"
    },
    {
      "type": "Feature",
      "properties": {
        "@id": "way/275716703",
        "building": "yes",
        "castle_type": "stately",
        "historic": "castle",
        "name": "Schloss Beringen",
        "wikidata": "Q2240261",
        "wikipedia": "de:Schloss Beringen",
        "@geometry": "center"
      },
      "geometry": {
        "type": "Point",
        "coordinates": [
          8.5744624,
          47.6991255
        ]
      },
      "id": "way/275716703"
    },
    {
      "type": "Feature",
      "properties": {
        "@id": "node/278138119",
        "alt_name": "Château baillival de Vuissens",
        "castle_type": "stately",
        "historic": "castle",
        "name": "Château de Vuissens",
        "website": "https://www.lechateaudevuissens.com/",
        "wikidata": "Q29689566"
      },
      "geometry": {
        "type": "Point",
        "coordinates": [
          6.7665865,
          46.7373061
        ]
      },
      "id": "node/278138119"
    },
    {
      "type": "Feature",
      "properties": {
        "@id": "node/278572856",
        "access": "yes",
        "castle_type": "defensive",
        "historic": "castle",
        "historic:civilization": "medieval",
        "name": "Ruine Schloss Alt-Wädenswil",
        "ruins": "yes",
        "wheelchair": "no",
        "wikidata": "Q2175194",
        "wikipedia": "de:Ruine Alt-Wädenswil"
      },
      "geometry": {
        "type": "Point",
        "coordinates": [
          8.6848175,
          47.2132668
        ]
      },
      "id": "node/278572856"
    },
    {
      "type": "Feature",
      "properties": {
        "@id": "node/281744674",
        "access": "private",
        "castle_type": "defensive",
        "description": "Wohnbauten und ihre Nebenanlagen / Burgruinen / Archäologische Objekte / Mittelalter",
        "heritage": "2",
        "heritage:operator": "Kulturgüterschutz KGS",
        "historic": "castle",
        "historic:civilization": "medieval",
        "name": "Neu-Aspermont",
        "protect_class": "22",
        "ref": "3051",
        "ruins": "yes",
        "tourism": "attraction",
        "website": "https://www.bv-neuaspermont.ch/",
        "wikidata": "Q1013226",
        "wikipedia": "de:Burg Neu-Aspermont"
      },
      "geometry": {
        "type": "Point",
        "coordinates": [
          9.5652261,
          47.0032475
        ]
      },
      "id": "node/281744674"
    },
    {
      "type": "Feature",
      "properties": {
        "@id": "way/282026358",
        "building": "yes",
        "building:condition": "completely_ruinous",
        "castle_type": "defensive",
        "historic": "castle",
        "name": "Felsenburg",
        "ruins": "yes",
        "wikidata": "Q1404205",
        "wikipedia": "de:Felsenburg (Kandergrund)",
        "@geometry": "center"
      },
      "geometry": {
        "type": "Point",
        "coordinates": [
          7.6732585,
          46.5319451
        ]
      },
      "id": "way/282026358"
    },
    {
      "type": "Feature",
      "properties": {
        "@id": "way/282120051",
        "building": "yes",
        "castle_type": "manor",
        "historic": "castle",
        "name": "Château de Grimisuat",
        "wikidata": "Q29892194",
        "@geometry": "center"
      },
      "geometry": {
        "type": "Point",
        "coordinates": [
          7.3833221,
          46.2600685
        ]
      },
      "id": "way/282120051"
    },
    {
      "type": "Feature",
      "properties": {
        "@id": "way/282340334",
        "access": "private",
        "building": "yes",
        "castle_type": "defensive",
        "description": "Wehrturm erbaut um 1185(d), 1276-78 erweitert, 1318(d) errichteten die Truchsessen v. Diessenhofen Palas und weitere Anbauten. 1988-92 archäol. untersucht und umgebaut. Privatbesitz. (Quelle: Burgenverein.ch)",
        "historic": "castle",
        "historic:civilization": "medieval",
        "name": "Unterhof",
        "wikidata": "Q7897586",
        "wikipedia": "en:Unterhof Castle",
        "@geometry": "center"
      },
      "geometry": {
        "type": "Point",
        "coordinates": [
          8.74772,
          47.6900444
        ]
      },
      "id": "way/282340334"
    },
    {
      "type": "Feature",
      "properties": {
        "@id": "way/284581246",
        "addr:city": "Wil SG",
        "addr:housenumber": "88",
        "addr:postcode": "9500",
        "addr:street": "Marktgasse",
        "building": "yes",
        "building:levels": "4",
        "historic": "castle",
        "name": "Hof zu Wil",
        "note": "https://www.stadtwil.ch/sehenswuerdigkeiten/9958",
        "roof:levels": "3",
        "wikidata": "Q29524102",
        "@geometry": "center"
      },
      "geometry": {
        "type": "Point",
        "coordinates": [
          9.0501134,
          47.4676806
        ]
      },
      "id": "way/284581246"
    },
    {
      "type": "Feature",
      "properties": {
        "@id": "way/284581268",
        "addr:city": "Wil SG",
        "addr:housenumber": "73",
        "addr:postcode": "9500",
        "addr:street": "Marktgasse",
        "building": "yes",
        "historic": "castle",
        "image": "https://api.i-web.ch/public/guest/getImageString/g553/ad75b540e709da922d05bf73409b267c/600/0/61eff2d0ace30//",
        "name": "Baronenhaus",
        "note": "https://www.stadtwil.ch/sehenswuerdigkeiten/9960",
        "@geometry": "center"
      },
      "geometry": {
        "type": "Point",
        "coordinates": [
          9.0499919,
          47.4672518
        ]
      },
      "id": "way/284581268"
    },
    {
      "type": "Feature",
      "properties": {
        "@id": "node/286986621",
        "alt_name": "Burg Neu-Thierstein",
        "castle_type": "defensive",
        "historic": "castle",
        "name": "Schloss Thierstein",
        "ruins": "yes",
        "wikidata": "Q1013243",
        "wikipedia": "de:Burg Neu-Thierstein"
      },
      "geometry": {
        "type": "Point",
        "coordinates": [
          7.5383324,
          47.3850013
        ]
      },
      "id": "node/286986621"
    },
    {
      "type": "Feature",
      "properties": {
        "@id": "way/287244596",
        "access": "private",
        "building": "yes",
        "castle_type": "stately",
        "email": "info@schloss-glarisegg.ch",
        "fax": "+41 52 770 21 90",
        "historic": "castle",
        "historic:civilization": "medieval",
        "identity": "global_ecovillage_network",
        "name": "Schloss Glarisegg",
        "phone": "+41 52 770 21 88",
        "website": "https://www.schloss-glarisegg.ch/",
        "wikidata": "Q1529284",
        "wikipedia": "de:Glarisegg",
        "@geometry": "center"
      },
      "geometry": {
        "type": "Point",
        "coordinates": [
          8.9568559,
          47.6547929
        ]
      },
      "id": "way/287244596"
    },
    {
      "type": "Feature",
      "properties": {
        "@id": "way/288723066",
        "addr:city": "Altikon",
        "addr:housenumber": "2",
        "addr:postcode": "8479",
        "addr:street": "Schloss",
        "building": "detached",
        "building:roof": "tile",
        "castle_type": "stately",
        "description": "Klassizist. Bau mit Mittelrisalit. Ehemalige Burgstelle der Herren v. Altikon (erwiesen 1122), im 16. Jh. überbaut (Altes Schloss), 1791-93 durch Neues Schloss für den Zürcher Obervogt Felix Vögeli ersetzt. (Quelle: Burgenverein.ch)",
        "historic": "castle",
        "historic:civilization": "medieval",
        "name": "Schloss Altikon",
        "wikidata": "Q67772592",
        "wikimedia_commons": "Category:Schloss Altikon",
        "wikipedia": "de:Schloss Altikon",
        "@geometry": "center"
      },
      "geometry": {
        "type": "Point",
        "coordinates": [
          8.7820425,
          47.5717584
        ]
      },
      "id": "way/288723066"
    },
    {
      "type": "Feature",
      "properties": {
        "@id": "way/288754750",
        "access": "private",
        "castle_type": "defensive",
        "historic": "castle",
        "name": "Schloss Brunegg",
        "wikidata": "Q687290",
        "wikipedia": "de:Schloss Brunegg",
        "@geometry": "center"
      },
      "geometry": {
        "type": "Point",
        "coordinates": [
          8.2147015,
          47.4222687
        ]
      },
      "id": "way/288754750"
    },
    {
      "type": "Feature",
      "properties": {
        "@id": "way/289329862",
        "castle_type": "defensive",
        "historic": "castle",
        "name": "Ruine Bernegg",
        "ruins": "yes",
        "wheelchair": "no",
        "wikidata": "Q1757902",
        "wikipedia": "de:Ruine Bernegg",
        "@geometry": "center"
      },
      "geometry": {
        "type": "Point",
        "coordinates": [
          8.8670507,
          47.3088729
        ]
      },
      "id": "way/289329862"
    },
    {
      "type": "Feature",
      "properties": {
        "@id": "way/290064698",
        "addr:city": "Hospental",
        "addr:place": "Turmmatte",
        "addr:postcode": "6493",
        "alt_name": "Langobardenturm",
        "building": "historic",
        "castle_type": "defensive",
        "historic": "castle",
        "inscription": "STAMMSITZ DER EDLEN VON HOSPENTAL 1203-1400",
        "name": "Burg Hospental",
        "ruins": "yes",
        "start_date": "1203",
        "wikidata": "Q15225693",
        "wikipedia": "de:Turm der Herren von Hospental",
        "@geometry": "center"
      },
      "geometry": {
        "type": "Point",
        "coordinates": [
          8.5667967,
          46.6186836
        ]
      },
      "id": "way/290064698"
    },
    {
      "type": "Feature",
      "properties": {
        "@id": "way/290974000",
        "addr:full": "Lenkstrasse 70, 3771 Blankenburg",
        "building": "yes",
        "castle_type": "stately",
        "ele": "977",
        "heritage": "3",
        "heritage:operator": "babs",
        "historic": "castle",
        "image": "https://upload.wikimedia.org/wikipedia/commons/2/28/Schloss_Blankenburg_S%C3%BCdansicht.jpg",
        "name": "Schloss Blankenburg",
        "ref:kgs": "1370",
        "wikidata": "Q455214",
        "wikimedia_commons": "Category:Schloss Blankenburg",
        "wikipedia": "de:Schloss Blankenburg (Bern)",
        "@geometry": "center"
      },
      "geometry": {
        "type": "Point",
        "coordinates": [
          7.3877858,
          46.5391483
        ]
      },
      "id": "way/290974000"
    },
    {
      "type": "Feature",
      "properties": {
        "@id": "way/294047535",
        "access": "private",
        "addr:city": "Buttisholz",
        "addr:country": "CH",
        "addr:housenumber": "1",
        "addr:place": "Schloss",
        "addr:postcode": "6018",
        "addr:street": "Schloss",
        "building": "yes",
        "castle_type": "stately",
        "historic": "castle",
        "name": "Schloss Buttisholz",
        "wikidata": "Q5003066",
        "wikipedia": "de:Schloss Buttisholz",
        "@geometry": "center"
      },
      "geometry": {
        "type": "Point",
        "coordinates": [
          8.0970445,
          47.115094
        ]
      },
      "id": "way/294047535"
    },
    {
      "type": "Feature",
      "properties": {
        "@id": "node/295433236",
        "access": "private",
        "castle_type": "stately",
        "historic": "castle",
        "historic:civilization": "medieval",
        "name": "Schloss Weinfelden",
        "wikidata": "Q16867546",
        "wikimedia_commons": "Category:Schloss Weinfelden",
        "wikipedia": "de:Schloss Weinfelden"
      },
      "geometry": {
        "type": "Point",
        "coordinates": [
          9.1086601,
          47.5763875
        ]
      },
      "id": "node/295433236"
    },
    {
      "type": "Feature",
      "properties": {
        "@id": "way/296189667",
        "addr:city": "Benken ZH",
        "addr:housenumber": "2",
        "addr:postcode": "8463",
        "addr:street": "Landstrasse",
        "alt_name": "Untervogthaus",
        "building": "yes",
        "castle_type": "stately",
        "description": "Ehemaliger Sitz des Untervogtes, 1509 erbaut, später erweitert. Giebelhaus mit turmartigem Anbau (18. Jh.). (Quelle: Burgenverein.ch)",
        "historic": "castle",
        "historic:civilization": "medieval",
        "name": "Schlössli",
        "start_date": "1500",
        "wikidata": "Q67772594",
        "wikipedia": "de:Untervogthaus Benken",
        "@geometry": "center"
      },
      "geometry": {
        "type": "Point",
        "coordinates": [
          8.6550858,
          47.6526955
        ]
      },
      "id": "way/296189667"
    },
    {
      "type": "Feature",
      "properties": {
        "@id": "node/297007116",
        "castle_type": "defensive",
        "historic": "castle",
        "name": "Ruine Wolkenstein",
        "name:gsw": "Wulchestaa",
        "ruins": "yes",
        "wikidata": "Q2175501",
        "wikipedia": "de:Ruine Wolkenstein (Hemishofen)"
      },
      "geometry": {
        "type": "Point",
        "coordinates": [
          8.8380794,
          47.6801789
        ]
      },
      "id": "node/297007116"
    },
    {
      "type": "Feature",
      "properties": {
        "@id": "way/297146278",
        "access": "private",
        "building": "yes",
        "castle_type": "defensive",
        "historic": "castle",
        "name": "Schloss Wyden",
        "wikidata": "Q1403097",
        "wikipedia": "de:Schloss Wyden",
        "@geometry": "center"
      },
      "geometry": {
        "type": "Point",
        "coordinates": [
          8.7153725,
          47.6079118
        ]
      },
      "id": "way/297146278"
    },
    {
      "type": "Feature",
      "properties": {
        "@id": "way/297517948",
        "access": "customers",
        "addr:city": "Salavaux",
        "addr:country": "CH",
        "addr:housenumber": "12",
        "addr:postcode": "1585",
        "addr:street": "Route de Villars",
        "building": "yes",
        "castle_type": "stately",
        "historic": "castle",
        "name": "Château de Salavaux",
        "rooms": "17",
        "website": "https://www.chateausalavaux.ch/",
        "wikidata": "Q29891646",
        "@geometry": "center"
      },
      "geometry": {
        "type": "Point",
        "coordinates": [
          7.0182133,
          46.9178967
        ]
      },
      "id": "way/297517948"
    },
    {
      "type": "Feature",
      "properties": {
        "@id": "way/297756336",
        "addr:city": "Turbenthal",
        "addr:housenumber": "8",
        "addr:postcode": "8488",
        "addr:street": "St. Gallerstrasse",
        "alt_name": "Unteres Schloss",
        "building": "yes",
        "castle_type": "manor",
        "email": "gehoerlosendorf@schlosst.ch",
        "historic": "castle",
        "historic:civilization": "medieval",
        "name": "Stiftung Schloss Turbenthal Gehörlosendorf",
        "phone": "+41 52 396 26 26",
        "start_date": "1662",
        "website": "https://www.gehoerlosendorf.ch/kontakt",
        "wikidata": "Q29933148",
        "wikipedia": "de:Schloss Turbenthal",
        "@geometry": "center"
      },
      "geometry": {
        "type": "Point",
        "coordinates": [
          8.8491916,
          47.4353302
        ]
      },
      "id": "way/297756336"
    },
    {
      "type": "Feature",
      "properties": {
        "@id": "way/299028532",
        "addr:city": "Delley",
        "addr:country": "CH",
        "addr:housenumber": "40",
        "addr:postcode": "1567",
        "addr:street": "Route de Portalban",
        "building": "yes",
        "castle_type": "stately",
        "historic": "castle",
        "name": "Château de Delley",
        "wikidata": "Q5049678",
        "wikipedia": "en:Castella Castle",
        "@geometry": "center"
      },
      "geometry": {
        "type": "Point",
        "coordinates": [
          6.9678895,
          46.9158824
        ]
      },
      "id": "way/299028532"
    },
    {
      "type": "Feature",
      "properties": {
        "@id": "way/299591208",
        "access": "private",
        "building": "apartments",
        "castle_type": "stately",
        "historic": "castle",
        "historic:civilization": "medieval",
        "name": "Schloss Gündelhart",
        "wikidata": "Q29883060",
        "@geometry": "center"
      },
      "geometry": {
        "type": "Point",
        "coordinates": [
          8.9480766,
          47.6351138
        ]
      },
      "id": "way/299591208"
    },
    {
      "type": "Feature",
      "properties": {
        "@id": "way/300382875",
        "access": "private",
        "building": "yes",
        "castle_type": "stately",
        "historic": "castle",
        "historic:civilization": "medieval",
        "name": "Schloss Steinegg",
        "wikidata": "Q2243598",
        "wikipedia": "de:Schloss Steinegg",
        "@geometry": "center"
      },
      "geometry": {
        "type": "Point",
        "coordinates": [
          8.8558374,
          47.6186915
        ]
      },
      "id": "way/300382875"
    },
    {
      "type": "Feature",
      "properties": {
        "@id": "way/300815464",
        "access": "no",
        "addr:city": "Ependes FR",
        "addr:housenumber": "2",
        "addr:postcode": "1731",
        "addr:street": "Route de Ferpicloz",
        "building": "yes",
        "castle_type": "stately",
        "historic": "castle",
        "name": "Château d'Ependes",
        "wikidata": "Q29689491",
        "@geometry": "center"
      },
      "geometry": {
        "type": "Point",
        "coordinates": [
          7.1460123,
          46.7534328
        ]
      },
      "id": "way/300815464"
    },
    {
      "type": "Feature",
      "properties": {
        "@id": "way/300815781",
        "addr:city": "Mathod",
        "addr:country": "CH",
        "addr:housenumber": "4",
        "addr:postcode": "1438",
        "addr:street": "Route de Suscévaz",
        "building": "yes",
        "castle_type": "stately",
        "historic": "castle",
        "name": "Château de Mathod",
        "name:de": "Schloss Mathod",
        "name:en": "Mathod Castle",
        "wikidata": "Q2969836",
        "@geometry": "center"
      },
      "geometry": {
        "type": "Point",
        "coordinates": [
          6.5660705,
          46.7658749
        ]
      },
      "id": "way/300815781"
    },
    {
      "type": "Feature",
      "properties": {
        "@id": "way/302538620",
        "addr:city": "Vouvry",
        "addr:housenumber": "1",
        "addr:postcode": "1896",
        "addr:street": "Route du Château",
        "building": "yes",
        "castle_type": "defensive",
        "historic": "castle",
        "name": "Château de la Porte du Scex",
        "source": "plan de numérotation commune de Vouvry 2008",
        "wikidata": "Q2971343",
        "wikipedia": "fr:Château de la Porte du Scex",
        "@geometry": "center"
      },
      "geometry": {
        "type": "Point",
        "coordinates": [
          6.8869704,
          46.3488674
        ]
      },
      "id": "way/302538620"
    },
    {
      "type": "Feature",
      "properties": {
        "@id": "way/303917341",
        "access": "customers",
        "addr:city": "Lavigny",
        "addr:housenumber": "14",
        "addr:postcode": "1175",
        "addr:street": "Route d'Etoy",
        "building": "yes",
        "castle_type": "stately",
        "historic": "castle",
        "name": "Château de Lavigny",
        "website": "https://www.chateaudelavigny.ch/",
        "wikidata": "Q2969685",
        "@geometry": "center"
      },
      "geometry": {
        "type": "Point",
        "coordinates": [
          6.4075213,
          46.500033
        ]
      },
      "id": "way/303917341"
    },
    {
      "type": "Feature",
      "properties": {
        "@id": "way/305683894",
        "addr:city": "Bern",
        "addr:housenumber": "89",
        "addr:postcode": "3018",
        "addr:street": "Bümplizstrasse",
        "building": "yes",
        "castle_type": "defensive",
        "description": "Anmerkung: Altes Schloss und Neues Schloss haben die gleiche KGS Nummer.",
        "heritage": "3",
        "heritage:operator": "babs",
        "historic": "castle",
        "historic:civilization": "medieval",
        "image": "https://upload.wikimedia.org/wikipedia/commons/thumb/3/3b/AltesSchlossBuempliz.JPG/450px-AltesSchlossBuempliz.JPG",
        "name": "Altes Schloss Bümpliz",
        "note": "Altes Schloss und Neues Schloss haben gleiche KGS-Nr: - KGS-Nr: Nummer des Kulturgutes, zu finden in den KGS-Listen des Bundes und der Kantone. BABS: Bundesamt für Bevölkerungsschutz",
        "ref:kgs": "676",
        "website": "http://www.schloss-buempliz.ch",
        "wikidata": "Q439584",
        "wikimedia_commons": "Category:Altes Schloss Bümpliz",
        "wikipedia": "de:Altes Schloss Bümpliz",
        "@geometry": "center"
      },
      "geometry": {
        "type": "Point",
        "coordinates": [
          7.3919632,
          46.9441611
        ]
      },
      "id": "way/305683894"
    },
    {
      "type": "Feature",
      "properties": {
        "@id": "way/306208629",
        "access": "permissive",
        "building": "yes",
        "castle_type": "tower",
        "historic": "castle",
        "historic:civilization": "medieval",
        "name": "Tour de la Molière",
        "wikidata": "Q3533599",
        "wikimedia_commons": "Category:La Molière",
        "@geometry": "center"
      },
      "geometry": {
        "type": "Point",
        "coordinates": [
          6.8219229,
          46.7979335
        ]
      },
      "id": "way/306208629"
    },
    {
      "type": "Feature",
      "properties": {
        "@id": "way/306911429",
        "access": "permissive",
        "building": "yes",
        "castle_type": "stately",
        "historic": "castle",
        "layer": "1",
        "name": "Schloss Mammern",
        "wikidata": "Q6745797",
        "wikimedia_commons": "Category:Schloss Mammern",
        "wikipedia:en": "Mammern Castle",
        "@geometry": "center"
      },
      "geometry": {
        "type": "Point",
        "coordinates": [
          8.9172639,
          47.6465995
        ]
      },
      "id": "way/306911429"
    },
    {
      "type": "Feature",
      "properties": {
        "@id": "way/307134328",
        "addr:city": "Giez",
        "addr:country": "CH",
        "addr:housenumber": "9",
        "addr:postcode": "1429",
        "addr:street": "Route En Pierre",
        "building": "yes",
        "castle_type": "stately",
        "historic": "castle",
        "wikidata": "Q29890836",
        "@geometry": "center"
      },
      "geometry": {
        "type": "Point",
        "coordinates": [
          6.6155717,
          46.8094801
        ]
      },
      "id": "way/307134328"
    },
    {
      "type": "Feature",
      "properties": {
        "@id": "way/307292894",
        "addr:city": "Corcelles-Près-Concise",
        "addr:country": "CH",
        "addr:housenumber": "3",
        "addr:postcode": "1426",
        "addr:street": "Clos du Château",
        "building": "yes",
        "castle_type": "stately",
        "historic": "castle",
        "wikidata": "Q29890697",
        "@geometry": "center"
      },
      "geometry": {
        "type": "Point",
        "coordinates": [
          6.7070968,
          46.8457645
        ]
      },
      "id": "way/307292894"
    },
    {
      "type": "Feature",
      "properties": {
        "@id": "way/308296616",
        "access": "private",
        "addr:city": "Knonau",
        "addr:housenumber": "1",
        "addr:place": "Schloss",
        "addr:postcode": "8934",
        "building": "yes",
        "castle_type": "stately",
        "description": "Ursprüngliche Burg erweitert um 1290, 1399 Sitz der Meier v. Knonau, 1523-25 Neubau des Landvogteisitzes als Weiherhaus mit Ringmauer und Graben, 1740 Abbruch der Ringmauer, 1798-1832 Sitz des Oberamtmannes. (Quelle: Burgenverein.ch)",
        "historic": "castle",
        "historic:civilization": "medieval",
        "name": "Schloss Knonau",
        "website": "https://www.schlossknonau.ch/",
        "wikidata": "Q2241891",
        "wikipedia": "de:Schloss Knonau",
        "@geometry": "center"
      },
      "geometry": {
        "type": "Point",
        "coordinates": [
          8.4643336,
          47.2228723
        ]
      },
      "id": "way/308296616"
    },
    {
      "type": "Feature",
      "properties": {
        "@id": "way/309211165",
        "addr:city": "St. Gallen",
        "addr:housenumber": "94",
        "addr:postcode": "9014",
        "addr:street": "Haggenstrasse",
        "building": "yes",
        "castle_type": "stately",
        "description": "Barocker Herrensitz mit Satteldach, Risalit an der W-Seite und Eckerker; Inschriftentafel im Giebelfeld. 1642-44 für Johannes Boppart erbaut. Gebäude ursprünglich mit Ringmauer umgeben. Seit 1918 Gaststätte. (Quelle: Burgenverein.ch)",
        "historic": "castle",
        "historic:civilization": "medieval",
        "name": "Schlössli Haggen",
        "wikidata": "Q1568627",
        "wikipedia": "de:Haggenschlössli",
        "@geometry": "center"
      },
      "geometry": {
        "type": "Point",
        "coordinates": [
          9.3390924,
          47.4031643
        ]
      },
      "id": "way/309211165"
    },
    {
      "type": "Feature",
      "properties": {
        "@id": "way/309434954",
        "building": "yes",
        "castle_type": "defensive",
        "description": "Von der ausgedehnten Burganlage sind noch die Reste der Umfassungsmauer zu sehen. Prähist. Siedlung nachgewiesen, lenzburgische Gründung im 11. Jh., um 1200 aufgelassen. Ruine 1895 ausgegraben, 1982--83 archäol. untersucht.",
        "historic": "castle",
        "name": "Burg Landenberg",
        "wikidata": "Q28969839",
        "wikipedia": "de:Burg Landenberg",
        "@geometry": "center"
      },
      "geometry": {
        "type": "Point",
        "coordinates": [
          8.2439645,
          46.8967176
        ]
      },
      "id": "way/309434954"
    },
    {
      "type": "Feature",
      "properties": {
        "@id": "way/309435196",
        "building": "yes",
        "historic": "castle",
        "name": "Burg Landenberg",
        "@geometry": "center"
      },
      "geometry": {
        "type": "Point",
        "coordinates": [
          8.2444461,
          46.8969539
        ]
      },
      "id": "way/309435196"
    },
    {
      "type": "Feature",
      "properties": {
        "@id": "way/309435231",
        "addr:city": "Sarnen",
        "addr:housenumber": "3.5",
        "addr:postcode": "6060",
        "addr:street": "Kirchstrasse",
        "building": "yes",
        "castle_type": "tower",
        "historic": "castle",
        "image": "https://upload.wikimedia.org/wikipedia/commons/thumb/1/1f/Sarnen-Hexenturm-und-Archivturm.jpg/800px-Sarnen-Hexenturm-und-Archivturm.jpg",
        "name": "Hexenturm",
        "wikidata": "Q1616849",
        "wikimedia_commons": "Category:Hexenturm, Sarnen",
        "@geometry": "center"
      },
      "geometry": {
        "type": "Point",
        "coordinates": [
          8.2436515,
          46.8958053
        ]
      },
      "id": "way/309435231"
    },
    {
      "type": "Feature",
      "properties": {
        "@id": "way/309556510",
        "addr:city": "Mörschwil",
        "addr:housenumber": "317",
        "addr:place": "Schloss Watt",
        "addr:postcode": "9402",
        "building": "yes",
        "castle_type": "stately",
        "historic": "castle",
        "name": "Schloss Watt",
        "wikidata": "Q135470422",
        "@geometry": "center"
      },
      "geometry": {
        "type": "Point",
        "coordinates": [
          9.4199675,
          47.4603994
        ]
      },
      "id": "way/309556510"
    },
    {
      "type": "Feature",
      "properties": {
        "@id": "way/309756364",
        "access": "private",
        "addr:city": "St. Gallen",
        "addr:housenumber": "5",
        "addr:postcode": "9000",
        "addr:street": "Fürstenlandstrasse",
        "building": "yes",
        "castle_type": "stately",
        "historic": "castle",
        "name": "Burg Waldegg",
        "wikidata": "Q67772601",
        "@geometry": "center"
      },
      "geometry": {
        "type": "Point",
        "coordinates": [
          9.3545162,
          47.4156156
        ]
      },
      "id": "way/309756364"
    },
    {
      "type": "Feature",
      "properties": {
        "@id": "way/310876542",
        "building": "yes",
        "castle_type": "stately",
        "description": "Spätgotisches Steinhaus, 1652 und 1784 ausgebaut. Von der Ringmauer aus dem 17. Jh. noch Teile erhalten. (Quelle: Burgenverein.ch)",
        "historic": "castle",
        "historic:civilization": "medieval",
        "name": "Schloss Oberneunforn",
        "website": "http://www.psneunforn.ch/doerfer/oberneunforn/schloss.htm",
        "wikidata": "Q67772604",
        "wikimedia_commons": "Category:Schloss Oberneunforn",
        "@geometry": "center"
      },
      "geometry": {
        "type": "Point",
        "coordinates": [
          8.7684922,
          47.6064808
        ]
      },
      "id": "way/310876542"
    },
    {
      "type": "Feature",
      "properties": {
        "@id": "way/312354134",
        "access": "private",
        "addr:city": "Donneloye",
        "addr:country": "CH",
        "addr:housenumber": "4",
        "addr:postcode": "1407",
        "addr:street": "Chemin du Château",
        "building": "residential",
        "castle_type": "manor",
        "historic": "castle",
        "historic:civilization": "medieval",
        "name": "Château de Donneloye",
        "wikidata": "Q5296602",
        "wikipedia": "en:Donneloye Castle",
        "@geometry": "center"
      },
      "geometry": {
        "type": "Point",
        "coordinates": [
          6.7161091,
          46.7448933
        ]
      },
      "id": "way/312354134"
    },
    {
      "type": "Feature",
      "properties": {
        "@id": "node/313192014",
        "access": "yes",
        "castle_type": "defensive",
        "description": "Mauerspuren eines Turmes. Ehemaliges Städtchen (ohne sichtbare Mauern) als Zentrum für das Tannegger Amt erbaut. Burg um 1240 von Bischof von Konstanz erworben. 1407 durch die Appenzeller zerstört. (Quelle: Burgenverein.ch)",
        "historic": "castle",
        "historic:civilization": "medieval",
        "name": "Ruine Tannegg",
        "ruins": "yes",
        "wikidata": "Q29525893",
        "wikipedia": "de:Ruine Tannegg"
      },
      "geometry": {
        "type": "Point",
        "coordinates": [
          8.9504574,
          47.4304134
        ]
      },
      "id": "node/313192014"
    },
    {
      "type": "Feature",
      "properties": {
        "@id": "way/313448128",
        "addr:city": "S. Vittore",
        "addr:country": "CH",
        "addr:housenumber": "11",
        "addr:postcode": "6534",
        "addr:street": "Caraa di Nos",
        "alt_name": "Tor di Pala",
        "castle_type": "tower",
        "historic": "castle",
        "name": "Torre Palas",
        "ruins": "yes",
        "wikidata": "Q1493269",
        "wikipedia": "it:Torre di Pala",
        "@geometry": "center"
      },
      "geometry": {
        "type": "Point",
        "coordinates": [
          9.1053498,
          46.2398958
        ]
      },
      "id": "way/313448128"
    },
    {
      "type": "Feature",
      "properties": {
        "@id": "way/315318914",
        "alt_name": "Oberhof",
        "building": "yes",
        "castle_type": "stately",
        "historic": "castle",
        "historic:civilization": "medieval",
        "name": "Schloss Neunkirch",
        "wikidata": "Q2242661",
        "wikipedia": "de:Schloss Neunkirch",
        "@geometry": "center"
      },
      "geometry": {
        "type": "Point",
        "coordinates": [
          8.5008493,
          47.6909155
        ]
      },
      "id": "way/315318914"
    },
    {
      "type": "Feature",
      "properties": {
        "@id": "way/315436348",
        "access": "private",
        "addr:city": "Zollikofen",
        "addr:country": "CH",
        "addr:housenumber": "11",
        "addr:place": "Schloss Reichenbach",
        "addr:postcode": "3052",
        "building": "yes",
        "castle_type": "stately",
        "historic": "castle",
        "historic:civilization": "medieval",
        "image": "https://commons.wikimedia.org/wiki/Category:Schloss_Reichenbach_(Zollikofen)",
        "name": "Schloss Reichenbach",
        "note": "KGS-Nr: Nummer des Kulturgutes, zu finden in den KGS-Listen des Bundes und der Kantone.",
        "ref:kgs": "1364",
        "source": "survey and Orthofoto Bern",
        "wikidata": "Q1436072",
        "wikipedia": "de:Schloss Reichenbach (Zollikofen)",
        "@geometry": "center"
      },
      "geometry": {
        "type": "Point",
        "coordinates": [
          7.4494892,
          46.9907581
        ]
      },
      "id": "way/315436348"
    },
    {
      "type": "Feature",
      "properties": {
        "@id": "way/317299013",
        "addr:city": "Schwyz",
        "addr:housenumber": "1",
        "addr:postcode": "6430",
        "addr:street": "Maihof",
        "building": "yes",
        "castle_type": "stately",
        "historic": "castle",
        "name": "Palais Nideröst",
        "wikidata": "Q29525653",
        "@geometry": "center"
      },
      "geometry": {
        "type": "Point",
        "coordinates": [
          8.6456496,
          47.0280748
        ]
      },
      "id": "way/317299013"
    },
    {
      "type": "Feature",
      "properties": {
        "@id": "way/317356795",
        "building": "yes",
        "building:levels": "5",
        "castle_type": "defensive",
        "historic": "castle",
        "name": "Castello Visconteo",
        "ruins": "no",
        "wikidata": "Q3662393",
        "wikipedia": "it:Castello Visconteo (Locarno)",
        "@geometry": "center"
      },
      "geometry": {
        "type": "Point",
        "coordinates": [
          8.7932647,
          46.16789
        ]
      },
      "id": "way/317356795"
    },
    {
      "type": "Feature",
      "properties": {
        "@id": "way/317381753",
        "addr:city": "Rorschacherberg",
        "addr:housenumber": "120",
        "addr:postcode": "9404",
        "addr:street": "Hofstrasse",
        "building": "castle",
        "castle_type": "stately",
        "historic": "castle",
        "historic:civilization": "medieval",
        "name": "St. Anna-Schloss",
        "wikidata": "Q29786781",
        "wikipedia": "de:St. Annaschloss",
        "@geometry": "center"
      },
      "geometry": {
        "type": "Point",
        "coordinates": [
          9.4950225,
          47.4643875
        ]
      },
      "id": "way/317381753"
    },
    {
      "type": "Feature",
      "properties": {
        "@id": "way/317932844",
        "addr:city": "Montévraz",
        "addr:housenumber": "20",
        "addr:postcode": "1724",
        "addr:street": "Chemin de la Riedera",
        "building": "residential",
        "castle_type": "manor",
        "historic": "castle",
        "image": "https://upload.wikimedia.org/wikipedia/commons/thumb/b/be/2021-Montevraz-Herrenhaus-Gottrau_(cropped).jpg/800px-2021-Montevraz-Herrenhaus-Gottrau_(cropped).jpg",
        "wikidata": "Q29696065",
        "wikimedia_commons": "Category:La Petite-Riedera",
        "@geometry": "center"
      },
      "geometry": {
        "type": "Point",
        "coordinates": [
          7.1717645,
          46.7318461
        ]
      },
      "id": "way/317932844"
    },
    {
      "type": "Feature",
      "properties": {
        "@id": "way/317932978",
        "building": "castle",
        "castle_type": "manor",
        "historic": "castle",
        "name": "Château de la Grande Riedera",
        "name:de": "Schloss La Grande Riedera",
        "tourism": "guest_house",
        "website": "https://www.chateau-grande-riedera.ch/",
        "wikidata": "Q2241985",
        "wikipedia": "fr:Château de la Grande Riedera",
        "@geometry": "center"
      },
      "geometry": {
        "type": "Point",
        "coordinates": [
          7.1668519,
          46.7322226
        ]
      },
      "id": "way/317932978"
    },
    {
      "type": "Feature",
      "properties": {
        "@id": "way/318240050",
        "building": "yes",
        "castle_type": "chateau",
        "historic": "castle",
        "name": "Château Ravire",
        "name:de": "Rawyr",
        "wikidata": "Q104222279",
        "@geometry": "center"
      },
      "geometry": {
        "type": "Point",
        "coordinates": [
          7.5459284,
          46.3010335
        ]
      },
      "id": "way/318240050"
    },
    {
      "type": "Feature",
      "properties": {
        "@id": "way/318777734",
        "access": "yes",
        "building": "yes",
        "castle_type": "defensive",
        "historic": "castle",
        "name": "Burgruine Canaschal",
        "ruins": "yes",
        "wikidata": "Q1011313",
        "wikipedia": "de:Burg Canaschal",
        "@geometry": "center"
      },
      "geometry": {
        "type": "Point",
        "coordinates": [
          9.3655004,
          46.8280056
        ]
      },
      "id": "way/318777734"
    },
    {
      "type": "Feature",
      "properties": {
        "@id": "way/318899890",
        "access": "private",
        "building": "yes",
        "castle_type": "defensive",
        "description": "Ehem. Ruine mit Ringmauer und Palas. 1970/71 ausgegraben, dann unter Einbezug der originalen Bausubstanz frei rekonstruiert. Erbaut 1272 wahrsch. als Sitz der 1275 erw. Herren v. Reischen (Rexno), nach 1350 aufgelassen. Privat. (Quelle: Burgenverein.ch)",
        "historic": "castle",
        "historic:civilization": "medieval",
        "name": "Burg Haselstein",
        "name:it": "Castello di Haselstein",
        "reconstruction": "yes",
        "ruins": "no",
        "website": "https://pro-castellis.ch/burg-haselstein-1273",
        "wikidata": "Q67772611",
        "wikimedia_commons": "File:Haselstein_Ansicht.jpg",
        "@geometry": "center"
      },
      "geometry": {
        "type": "Point",
        "coordinates": [
          9.4553943,
          46.6421583
        ]
      },
      "id": "way/318899890"
    },
    {
      "type": "Feature",
      "properties": {
        "@id": "way/319069948",
        "access": "private",
        "building": "castle",
        "castle_type": "stately",
        "historic": "castle",
        "name": "Château de Corbières",
        "name:de": "Schloss Corbières",
        "wikidata": "Q4848470",
        "wikipedia": "en:Baillival Castle (Corbières)",
        "@geometry": "center"
      },
      "geometry": {
        "type": "Point",
        "coordinates": [
          7.099412,
          46.6603111
        ]
      },
      "id": "way/319069948"
    },
    {
      "type": "Feature",
      "properties": {
        "@id": "way/321161464",
        "building": "yes",
        "castle_type": "stately",
        "historic": "castle",
        "name": "Schloss Altishofen",
        "office": "government",
        "wikidata": "Q29785521",
        "@geometry": "center"
      },
      "geometry": {
        "type": "Point",
        "coordinates": [
          7.9594188,
          47.2010232
        ]
      },
      "id": "way/321161464"
    },
    {
      "type": "Feature",
      "properties": {
        "@id": "way/321265860",
        "addr:city": "Sierre",
        "addr:housenumber": "26",
        "addr:postcode": "3960",
        "addr:street": "Rue du Bourg",
        "building": "yes",
        "castle_type": "stately",
        "historic": "castle",
        "name": "Château des Vidômes",
        "website": "https://www.sierretourisme.ch/fr/chateau-vidomes-385.html",
        "wikidata": "Q29927439",
        "@geometry": "center"
      },
      "geometry": {
        "type": "Point",
        "coordinates": [
          7.5350048,
          46.2933695
        ]
      },
      "id": "way/321265860"
    },
    {
      "type": "Feature",
      "properties": {
        "@id": "way/321365747",
        "addr:city": "Prangins",
        "addr:housenumber": "3",
        "addr:postcode": "1197",
        "addr:street": "Avenue du Général Guiguer",
        "building": "yes",
        "castle_type": "stately",
        "historic": "castle",
        "historic:civilization": "medieval",
        "image": "https://en.wikipedia.org/wiki/Prangins_Castle#/media/File:Prangins-Castle.JPG",
        "name": "Château de Prangins",
        "website": "https://www.chateaudeprangins.ch/de",
        "wikidata": "Q530659",
        "wikipedia": "fr:Château de Prangins",
        "@geometry": "center"
      },
      "geometry": {
        "type": "Point",
        "coordinates": [
          6.2517998,
          46.3941491
        ]
      },
      "id": "way/321365747"
    },
    {
      "type": "Feature",
      "properties": {
        "@id": "way/321595345",
        "building": "yes",
        "castle_type": "stately",
        "historic": "castle",
        "image": "https://upload.wikimedia.org/wikipedia/commons/thumb/9/98/Bailiffs_Castle_Vuippens_Sep_2010.jpg/400px-Bailiffs_Castle_Vuippens_Sep_2010.jpg",
        "name": "Château baillival de Vuippens",
        "name:en": "Baillival Castle in Vuippens",
        "wikidata": "Q4848472",
        "wikimedia_commons": "Category:Château baillival, Marsens",
        "@geometry": "center"
      },
      "geometry": {
        "type": "Point",
        "coordinates": [
          7.0781175,
          46.6583359
        ]
      },
      "id": "way/321595345"
    },
    {
      "type": "Feature",
      "properties": {
        "@id": "way/322650563",
        "access": "yes",
        "castle_type": "defensive",
        "description": "Vermutlich Sitz habsburgischer Ministeriale, um 1300 erwiesen, nach Verwüstungen 1351 weiterbenutzt, im 15. Jh. aufgelassen. Sanierungen um 1900, Sondierung 1972. Ehemalige Sperrmauer 1997 archäologisch nachgewiesen. (Quelle: Burgenverein.ch)",
        "description:en": "Medieval Castle built by the knights of Uranen in the 13th century, 1351, after an attack of the glaronians in Näfels and the destruction of the castle \"Stadion\", the Vorburg was inhabited by the Stucki-Family - but left after 1388 (battle of Näfels).",
        "historic": "castle",
        "historic:civilization": "medieval",
        "name": "Ruine Vorburg",
        "ruins": "yes",
        "start_date": "~C14",
        "website": "https://www.provorburg.ch/",
        "wikidata": "Q29712660",
        "wikipedia": "de:Vorburg (Oberurnen)",
        "@geometry": "center"
      },
      "geometry": {
        "type": "Point",
        "coordinates": [
          9.0572755,
          47.1180289
        ]
      },
      "id": "way/322650563"
    },
    {
      "type": "Feature",
      "properties": {
        "@id": "way/325550790",
        "addr:city": "Sta. Maria in Calanca",
        "addr:country": "CH",
        "addr:housenumber": "19",
        "addr:postcode": "6541",
        "addr:street": "A la Gescia",
        "castle_type": "tower",
        "historic": "castle",
        "name": "Sta. Maria in Calanca",
        "wikidata": "Q1566608",
        "wikipedia": "de:Turm von Sta. Maria in Calanca",
        "@geometry": "center"
      },
      "geometry": {
        "type": "Point",
        "coordinates": [
          9.1458187,
          46.2623175
        ]
      },
      "id": "way/325550790"
    },
    {
      "type": "Feature",
      "properties": {
        "@id": "way/327856009",
        "addr:city": "Heerbrugg",
        "addr:housenumber": "209",
        "addr:postcode": "9435",
        "addr:street": "Schlossstrasse",
        "building": "yes",
        "castle_type": "stately",
        "historic": "castle",
        "name": "Schloss Heerbrugg",
        "source": "GeoImage.at",
        "wikidata": "Q15844463",
        "wikimedia_commons": "Category:Schloss Heerbrugg",
        "wikipedia:de": "Schloss Heerbrugg",
        "@geometry": "center"
      },
      "geometry": {
        "type": "Point",
        "coordinates": [
          9.6230462,
          47.4102421
        ]
      },
      "id": "way/327856009"
    },
    {
      "type": "Feature",
      "properties": {
        "@id": "way/328337926",
        "building": "yes",
        "castle_type": "fortress",
        "historic": "castle",
        "@geometry": "center"
      },
      "geometry": {
        "type": "Point",
        "coordinates": [
          6.3474382,
          46.6601674
        ]
      },
      "id": "way/328337926"
    },
    {
      "type": "Feature",
      "properties": {
        "@id": "way/329016835",
        "amenity": "school",
        "building": "residential",
        "castle_type": "stately",
        "historic": "castle",
        "name": "Château de Pampigny",
        "wikidata": "Q15944592",
        "wikimedia_commons": "Category:Château de Pampigny",
        "wikipedia:fr": "Château de Pampigny",
        "@geometry": "center"
      },
      "geometry": {
        "type": "Point",
        "coordinates": [
          6.42899,
          46.581221
        ]
      },
      "id": "way/329016835"
    },
    {
      "type": "Feature",
      "properties": {
        "@id": "way/329021552",
        "building": "yes",
        "castle_type": "stately",
        "historic": "castle",
        "name": "Château de Mollens",
        "wikidata": "Q29891121",
        "@geometry": "center"
      },
      "geometry": {
        "type": "Point",
        "coordinates": [
          6.363629,
          46.5776478
        ]
      },
      "id": "way/329021552"
    },
    {
      "type": "Feature",
      "properties": {
        "@id": "way/330039144",
        "access": "yes",
        "building": "yes",
        "castle_type": "defensive",
        "historic": "castle",
        "historic:civilization": "medieval",
        "name": "Chateau d'Illens",
        "ruins": "yes",
        "website": "https://illens.ch/",
        "wikidata": "Q2968272",
        "wikipedia": "fr:Château d'Illens",
        "@geometry": "center"
      },
      "geometry": {
        "type": "Point",
        "coordinates": [
          7.1105303,
          46.7385406
        ]
      },
      "id": "way/330039144"
    },
    {
      "type": "Feature",
      "properties": {
        "@id": "way/330369893",
        "building": "yes",
        "castle_type": "defensive",
        "historic": "castle",
        "historic:civilization": "medieval",
        "layer": "1",
        "name": "Ruine Pfeffingen",
        "ruins": "yes",
        "wheelchair": "no",
        "wikidata": "Q2175376",
        "wikipedia": "de:Ruine Pfeffingen",
        "@geometry": "center"
      },
      "geometry": {
        "type": "Point",
        "coordinates": [
          7.5919247,
          47.4533149
        ]
      },
      "id": "way/330369893"
    },
    {
      "type": "Feature",
      "properties": {
        "@id": "way/330492536",
        "access": "private",
        "addr:city": "Rorschacherberg",
        "addr:housenumber": "1",
        "addr:postcode": "9404",
        "addr:street": "Wiggenweg",
        "building": "yes",
        "castle_type": "stately",
        "historic": "castle",
        "name": "Schloss Wiggen",
        "wikidata": "Q67772613",
        "@geometry": "center"
      },
      "geometry": {
        "type": "Point",
        "coordinates": [
          9.5166098,
          47.4758606
        ]
      },
      "id": "way/330492536"
    },
    {
      "type": "Feature",
      "properties": {
        "@id": "way/330914775",
        "access": "customers",
        "addr:city": "Rorschacherberg",
        "addr:country": "CH",
        "addr:housenumber": "1",
        "addr:place": "Wartensee",
        "addr:postcode": "9404",
        "building": "residential",
        "castle_type": "stately",
        "historic": "castle",
        "name": "Schloss Wartensee",
        "website": "https://www.wartensee.ch/",
        "wikidata": "Q1802932",
        "wikipedia": "de:Schloss Wartensee",
        "@geometry": "center"
      },
      "geometry": {
        "type": "Point",
        "coordinates": [
          9.5307725,
          47.4716975
        ]
      },
      "id": "way/330914775"
    },
    {
      "type": "Feature",
      "properties": {
        "@id": "way/331476797",
        "addr:full": "Route de Seedorf 115, 1757 Noréaz",
        "alt_name": "Schloss von Nicolas-Joseph-Emmanuel Von der Weid",
        "alt_name:fr": "Château de Nicolas-Joseph-Emmanuel Von der Weid",
        "building": "castle",
        "castle_type": "stately",
        "historic": "castle",
        "name": "Château de Seedorf",
        "name:fr": "Château de Seedorf",
        "wikidata": "Q29697202",
        "@geometry": "center"
      },
      "geometry": {
        "type": "Point",
        "coordinates": [
          7.0476253,
          46.7988321
        ]
      },
      "id": "way/331476797"
    },
    {
      "type": "Feature",
      "properties": {
        "@id": "way/331588964",
        "addr:full": "Le Pavé 2a–c, 1113 St-Saphorin-sur-Morges",
        "building": "house",
        "castle_type": "stately",
        "historic": "castle",
        "name": "Château de Mestral",
        "wikidata": "Q2243294",
        "wikipedia:de": "Schloss Saint-Saphorin",
        "wikipedia:fr": "Château de Saint-Saphorin-sur-Morges",
        "@geometry": "center"
      },
      "geometry": {
        "type": "Point",
        "coordinates": [
          6.487585,
          46.5453031
        ]
      },
      "id": "way/331588964"
    },
    {
      "type": "Feature",
      "properties": {
        "@id": "way/331769156",
        "access": "yes",
        "castle_type": "defensive",
        "historic": "castle",
        "historic:civilization": "medieval",
        "name": "Burg Castels",
        "ruins": "yes",
        "website": "https://www.burgcastels.ch/",
        "wikidata": "Q1011335",
        "wikipedia": "de:Burg Castels",
        "@geometry": "center"
      },
      "geometry": {
        "type": "Point",
        "coordinates": [
          9.7452994,
          46.9246641
        ]
      },
      "id": "way/331769156"
    },
    {
      "type": "Feature",
      "properties": {
        "@id": "way/331859622",
        "building": "yes",
        "castle_type": "stately",
        "historic": "castle",
        "name": "Château de Grancy",
        "name:en": "Grancy Castle",
        "wikidata": "Q29890865",
        "@geometry": "center"
      },
      "geometry": {
        "type": "Point",
        "coordinates": [
          6.4669328,
          46.5919894
        ]
      },
      "id": "way/331859622"
    },
    {
      "type": "Feature",
      "properties": {
        "@id": "way/333037271",
        "castle_type": "stately",
        "description": "Erb. A. 13. Jh. , M. 13. Jh. erweitert, Erwähnt 1254, Sitz des Meiers. Nach Beschädigung 1415 umgebaut 1475, nach 1804 Privatbesitz, 1934 in Gemeindebesitz, 1937/38, 1958, 1988-91 restauriert. (Quelle: Buergenverein.ch)",
        "historic": "castle",
        "historic:civilization": "medieval",
        "name": "Schloss Leuk",
        "website": "https://schlossleuk.ch/schloss-leuk/",
        "wheelchair": "limited",
        "wikidata": "Q6534487",
        "@geometry": "center"
      },
      "geometry": {
        "type": "Point",
        "coordinates": [
          7.6344519,
          46.3162326
        ]
      },
      "id": "way/333037271"
    },
    {
      "type": "Feature",
      "properties": {
        "@id": "way/333409025",
        "access": "yes",
        "castle_type": "defensive",
        "historic": "castle",
        "historic:civilization": "medieval",
        "name": "Ruine du Château de Beauregard",
        "ruins": "yes",
        "start_date": "1100",
        "wikidata": "Q99512010",
        "wikipedia": "fr:Château de Beauregard (Valais)",
        "@geometry": "center"
      },
      "geometry": {
        "type": "Point",
        "coordinates": [
          7.5519014,
          46.27803
        ]
      },
      "id": "way/333409025"
    },
    {
      "type": "Feature",
      "properties": {
        "@id": "way/335082104",
        "addr:full": "Impasse Morestel 6, 3979 Grône",
        "building": "yes",
        "castle_type": "defensive",
        "historic": "castle",
        "name": "Château de Morestel",
        "wikidata": "Q29892197",
        "wikimedia_commons": "Category:Château Morestel (Impasse Morestel 6, Grône)",
        "@geometry": "center"
      },
      "geometry": {
        "type": "Point",
        "coordinates": [
          7.4572657,
          46.2505989
        ]
      },
      "id": "way/335082104"
    },
    {
      "type": "Feature",
      "properties": {
        "@id": "way/335815079",
        "access": "private",
        "addr:city": "Arnex-sur-Orbe",
        "addr:country": "CH",
        "addr:housenumber": "5a",
        "addr:postcode": "1321",
        "addr:street": "Chemin du Château",
        "building": "yes",
        "castle_type": "manor",
        "description": "Manoir d'origine médiévale reconstruit au XVIIe s. avec une tourelle d'escalier. Ancien siège des mayors du prieuré de Romainmôtier. (Source: Burgenverein.ch)",
        "historic": "castle",
        "name": "Château d'Arnex",
        "wikidata": "Q67772619",
        "@geometry": "center"
      },
      "geometry": {
        "type": "Point",
        "coordinates": [
          6.5209623,
          46.6937731
        ]
      },
      "id": "way/335815079"
    },
    {
      "type": "Feature",
      "properties": {
        "@id": "way/336043367",
        "addr:city": "Niedergesteln",
        "addr:housenumber": "3",
        "addr:postcode": "3942",
        "addr:street": "Kirchgasse",
        "amenity": "place_of_worship",
        "building": "church",
        "denomination": "catholic",
        "historic": "castle",
        "name": "Prioratskirche Niedergesteln",
        "religion": "christian",
        "tourism": "museum",
        "wheelchair": "yes",
        "wikidata": "Q29892366",
        "@geometry": "center"
      },
      "geometry": {
        "type": "Point",
        "coordinates": [
          7.7825222,
          46.3136323
        ]
      },
      "id": "way/336043367"
    },
    {
      "type": "Feature",
      "properties": {
        "@id": "way/336964503",
        "castle_type": "defensive",
        "historic": "castle",
        "name": "Château de Bulle",
        "wikidata": "Q2968029",
        "wikimedia_commons": "Category:Château de Bulle",
        "wikipedia:de": "Schloss Bulle",
        "@geometry": "center"
      },
      "geometry": {
        "type": "Point",
        "coordinates": [
          7.0579822,
          46.61742
        ]
      },
      "id": "way/336964503"
    },
    {
      "type": "Feature",
      "properties": {
        "@id": "way/337807167",
        "building": "yes",
        "castle_type": "stately",
        "historic": "castle",
        "wikidata": "Q29891550",
        "@geometry": "center"
      },
      "geometry": {
        "type": "Point",
        "coordinates": [
          6.8010326,
          46.771272
        ]
      },
      "id": "way/337807167"
    },
    {
      "type": "Feature",
      "properties": {
        "@id": "way/338004679",
        "access": "private",
        "addr:city": "Rümligen",
        "addr:country": "CH",
        "addr:housenumber": "20",
        "addr:postcode": "3128",
        "addr:street": "Schulhausstrasse",
        "building": "yes",
        "ele": "724",
        "historic": "castle",
        "name": "Schloss Rümligen",
        "wikidata": "Q870167",
        "wikipedia": "de:Schloss Rümligen",
        "@geometry": "center"
      },
      "geometry": {
        "type": "Point",
        "coordinates": [
          7.4898859,
          46.8292737
        ]
      },
      "id": "way/338004679"
    },
    {
      "type": "Feature",
      "properties": {
        "@id": "way/344080644",
        "access": "private",
        "addr:city": "Cressier",
        "addr:housenumber": "27",
        "addr:street": "Route de Frochaux",
        "building": "yes",
        "castle_type": "stately",
        "historic": "castle",
        "name": "Château Jeanjaquet",
        "wikidata": "Q6171988",
        "wikipedia": "en:Jeanjaquet Castle",
        "@geometry": "center"
      },
      "geometry": {
        "type": "Point",
        "coordinates": [
          7.0260336,
          47.04851
        ]
      },
      "id": "way/344080644"
    },
    {
      "type": "Feature",
      "properties": {
        "@id": "way/344644848",
        "building": "yes",
        "castle_type": "stately",
        "historic": "castle",
        "name": "Château baillival",
        "wikidata": "Q29694551",
        "@geometry": "center"
      },
      "geometry": {
        "type": "Point",
        "coordinates": [
          7.0657174,
          46.7224881
        ]
      },
      "id": "way/344644848"
    },
    {
      "type": "Feature",
      "properties": {
        "@id": "way/347274857",
        "castle_type": "defensive",
        "historic": "castle",
        "name": "Ruine Homburg",
        "ruins": "yes",
        "wikidata": "Q2175325",
        "wikipedia": "de:Ruine Homburg",
        "@geometry": "center"
      },
      "geometry": {
        "type": "Point",
        "coordinates": [
          7.8550327,
          47.4028913
        ]
      },
      "id": "way/347274857"
    },
    {
      "type": "Feature",
      "properties": {
        "@id": "way/348442340",
        "access": "private",
        "addr:city": "Lumbrein",
        "addr:housenumber": "26",
        "addr:place": "Maus",
        "addr:postcode": "7148",
        "building": "yes",
        "castle_type": "defensive",
        "historic": "castle",
        "historic:civilization": "medieval",
        "name": "Chisti",
        "ruins": "yes",
        "start_date": "1316",
        "wikidata": "Q2588118",
        "wikipedia": "de:Wohnturm Chisti",
        "@geometry": "center"
      },
      "geometry": {
        "type": "Point",
        "coordinates": [
          9.1353211,
          46.6829782
        ]
      },
      "id": "way/348442340"
    },
    {
      "type": "Feature",
      "properties": {
        "@id": "way/350184481",
        "access": "private",
        "addr:city": "Vella",
        "addr:housenumber": "43",
        "addr:place": "Casti",
        "building": "yes",
        "castle_type": "stately",
        "historic": "castle",
        "name": "Casti de Mont",
        "name:de": "Schloss de Mont",
        "start_date": "1666",
        "wikidata": "Q2244350",
        "wikipedia": "de:Schloss de Mont",
        "@geometry": "center"
      },
      "geometry": {
        "type": "Point",
        "coordinates": [
          9.1733201,
          46.7177839
        ]
      },
      "id": "way/350184481"
    },
    {
      "type": "Feature",
      "properties": {
        "@id": "way/351108732",
        "access": "private",
        "addr:city": "Perroy",
        "addr:housenumber": "6",
        "addr:street": "Route Suisse",
        "building": "yes",
        "castle_type": "manor",
        "historic": "castle",
        "name": "Château La Gordanne",
        "postal_code": "1166",
        "wikidata": "Q3209429",
        "wikipedia": "fr:La Gordanne",
        "@geometry": "center"
      },
      "geometry": {
        "type": "Point",
        "coordinates": [
          6.3774077,
          46.4672031
        ]
      },
      "id": "way/351108732"
    },
    {
      "type": "Feature",
      "properties": {
        "@id": "way/352802499",
        "building": "yes",
        "historic": "castle",
        "wikidata": "Q5118815",
        "wikipedia": "en:Château de Muzot",
        "@geometry": "center"
      },
      "geometry": {
        "type": "Point",
        "coordinates": [
          7.5273127,
          46.2941166
        ]
      },
      "id": "way/352802499"
    },
    {
      "type": "Feature",
      "properties": {
        "@id": "way/352802503",
        "building": "yes",
        "castle_type": "stately",
        "historic": "castle",
        "historic:civilization": "medieval",
        "name": "Château Mercier",
        "wikidata": "Q2967944",
        "wikipedia": "fr:Château Mercier (Sierre)",
        "@geometry": "center"
      },
      "geometry": {
        "type": "Point",
        "coordinates": [
          7.5275565,
          46.2940695
        ]
      },
      "id": "way/352802503"
    },
    {
      "type": "Feature",
      "properties": {
        "@id": "way/355036190",
        "access": "private",
        "addr:street": "Passage Voltaire",
        "building": "yes",
        "castle_type": "stately",
        "historic": "castle",
        "historic:civilization": "medieval",
        "name": "Château d'Ussières",
        "wikidata": "Q22484326",
        "wikimedia_commons": "Category:Château d' Ussières (Passage Voltaire 2, Ropraz)",
        "@geometry": "center"
      },
      "geometry": {
        "type": "Point",
        "coordinates": [
          6.7555771,
          46.6011621
        ]
      },
      "id": "way/355036190"
    },
    {
      "type": "Feature",
      "properties": {
        "@id": "way/355453368",
        "addr:city": "Rickenbach b. Schwyz",
        "addr:housenumber": "1",
        "addr:place": "Waldegg",
        "addr:postcode": "6432",
        "building": "yes",
        "castle_type": "stately",
        "description": "Um 1600 für Sebastian Ab Yberg (1580-1657) erbaut. Mehrfache Veränderungen im 17. und 18. Jh. (Quelle: Burgenverein.ch)",
        "historic": "castle",
        "historic:civilization": "medieval",
        "name": "Schloss Waldegg",
        "wikidata": "Q29525630",
        "@geometry": "center"
      },
      "geometry": {
        "type": "Point",
        "coordinates": [
          8.6621577,
          47.015087
        ]
      },
      "id": "way/355453368"
    },
    {
      "type": "Feature",
      "properties": {
        "@id": "way/355537804",
        "access": "private",
        "addr:city": "Bischofszell",
        "addr:country": "CH",
        "addr:housenumber": "1",
        "addr:place": "Hofplatz",
        "addr:postcode": "9220",
        "building": "yes",
        "castle_type": "stately",
        "historic": "castle",
        "name": "Schloss Bischofszell",
        "wikidata": "Q17041679",
        "wikimedia_commons": "Category:Schloss Bischofszell",
        "wikipedia:de": "Schloss Bischofszell",
        "@geometry": "center"
      },
      "geometry": {
        "type": "Point",
        "coordinates": [
          9.2375059,
          47.4935363
        ]
      },
      "id": "way/355537804"
    },
    {
      "type": "Feature",
      "properties": {
        "@id": "way/358509974",
        "building": "yes",
        "castle_type": "manor",
        "description": "1609 für Ital Reding erbaut. Seit 1982 Museum für Wohnkultur und Erinnerung an die Familie Reding. (Quelle: Burgenverein.ch)",
        "heritage": "2",
        "heritage:operator": "BABS",
        "historic": "castle",
        "historic:civilization": "medieval",
        "name": "Ital-Reding-Haus",
        "ref:kgs": "4852",
        "tourism": "yes",
        "website": "https://www.irh.ch/",
        "wikidata": "Q1675019",
        "wikimedia_commons": "Category:Hofstatt Ital Reding",
        "wikipedia": "de:Ital-Reding-Haus",
        "@geometry": "center"
      },
      "geometry": {
        "type": "Point",
        "coordinates": [
          8.6558993,
          47.02167
        ]
      },
      "id": "way/358509974"
    },
    {
      "type": "Feature",
      "properties": {
        "@id": "way/358927805",
        "addr:city": "Chardonne",
        "addr:housenumber": "9",
        "addr:postcode": "1803",
        "addr:street": "Rue Jacques Chardonne",
        "building": "yes",
        "castle_type": "stately",
        "historic": "castle",
        "name": "Château de Chardonne",
        "wikidata": "Q29890628",
        "wikimedia_commons": "Category:Château de Chardonne avec dépendances",
        "@geometry": "center"
      },
      "geometry": {
        "type": "Point",
        "coordinates": [
          6.8296203,
          46.4775571
        ]
      },
      "id": "way/358927805"
    },
    {
      "type": "Feature",
      "properties": {
        "@id": "way/362285470",
        "building": "yes",
        "castle_type": "stately",
        "historic": "castle",
        "name": "Château de Guévaux",
        "name:de": "Schloss Guévaux",
        "name:en": "Guevaux Castle",
        "name:fr": "Château de Guévaux",
        "wikidata": "Q2969375",
        "wikipedia": "fr:Château de Guévaux",
        "@geometry": "center"
      },
      "geometry": {
        "type": "Point",
        "coordinates": [
          7.0566155,
          46.9379253
        ]
      },
      "id": "way/362285470"
    },
    {
      "type": "Feature",
      "properties": {
        "@id": "way/362490190",
        "access": "private",
        "addr:city": "Tamins",
        "addr:housenumber": "59",
        "addr:postcode": "7015",
        "addr:street": "Reichenauerstrasse",
        "building": "yes",
        "castle_type": "stately",
        "historic": "castle",
        "name": "Schloss Reichenau",
        "website": "https://www.reichenau.ch/",
        "wikidata": "Q29785197",
        "@geometry": "center"
      },
      "geometry": {
        "type": "Point",
        "coordinates": [
          9.4095626,
          46.8244629
        ]
      },
      "id": "way/362490190"
    },
    {
      "type": "Feature",
      "properties": {
        "@id": "way/363467503",
        "building": "yes",
        "castle_type": "defensive",
        "description": "Ruine eines Rundhauses mit einem Innendurchmesser von 4,5 m. Möglicherweise Rest eines Rundbau aus dem 11. Jh. Urk. Nachrichten fehlen. (Quelle: Burgenverein.ch)",
        "historic": "castle",
        "historic:civilization": "medieval",
        "name": "Ruine Rentiel",
        "ruins": "yes",
        "wikidata": "Q67772634",
        "@geometry": "center"
      },
      "geometry": {
        "type": "Point",
        "coordinates": [
          9.4218329,
          46.7291474
        ]
      },
      "id": "way/363467503"
    },
    {
      "type": "Feature",
      "properties": {
        "@id": "way/363518780",
        "amenity": "prison",
        "building": "yes",
        "castle_type": "stately",
        "historic": "castle",
        "name": "Schloss Hindelbank",
        "source": "Bing",
        "wikidata": "Q2241578",
        "wikipedia": "de:Schloss Hindelbank",
        "@geometry": "center"
      },
      "geometry": {
        "type": "Point",
        "coordinates": [
          7.5410312,
          47.0331886
        ]
      },
      "id": "way/363518780"
    },
    {
      "type": "Feature",
      "properties": {
        "@id": "way/365913348",
        "access": "private",
        "castle_type": "stately",
        "description": "Landsitz in spätgotischem Stil mit zwei durch einen Zwischentrakt verbundenen Wohnbauten mit Treppengiebeln an der Südseite. 1588 für den Schaffhauser Junker Georg Rietmann erbaut. Heute Privatbesitz. (Quelle: Burgenverein.ch)",
        "historic": "castle",
        "historic:civilization": "medieval",
        "name": "Schloss Eigenthal",
        "ruins": "no",
        "start_date": "1588",
        "website": "http://www.schloss-eigenthal.ch/",
        "wikidata": "Q29932503",
        "wikipedia": "de:Schloss Eigenthal",
        "@geometry": "center"
      },
      "geometry": {
        "type": "Point",
        "coordinates": [
          8.6063959,
          47.5691499
        ]
      },
      "id": "way/365913348"
    },
    {
      "type": "Feature",
      "properties": {
        "@id": "way/368716257",
        "addr:city": "Vevey",
        "addr:country": "CH",
        "addr:housenumber": "1",
        "addr:postcode": "1800",
        "addr:street": "Grande Place",
        "building": "yes",
        "castle_type": "stately",
        "historic": "castle",
        "name": "Château de l’Aile",
        "source": "Orthophoto Cartoriviera 2012",
        "wikidata": "Q2971078",
        "wikimedia_commons": "Category:Château de l'Aile",
        "wikipedia": "fr:Château de l'Aile",
        "@geometry": "center"
      },
      "geometry": {
        "type": "Point",
        "coordinates": [
          6.8410565,
          46.4593218
        ]
      },
      "id": "way/368716257"
    },
    {
      "type": "Feature",
      "properties": {
        "@id": "way/374300299",
        "access": "yes",
        "building": "yes",
        "castle_type": "defensive",
        "description": "Dreistöckiger mittelalterlicher Wohnturm aus dem 13. Jh., der wahrscheinlich Sitz eines habsburgischen Verwalters war. Diente ab dem 15. Jh. bis 1936 als Staatsarchiv.",
        "historic": "castle",
        "historic:civilization": "medieval",
        "image": "https://upload.wikimedia.org/wikipedia/commons/1/18/Schwyz_Schatzturm.JPG",
        "name": "Archivturm",
        "start_date": "C13",
        "wikidata": "Q29167262",
        "wikipedia": "de:Archivturm (Schwyz)",
        "@geometry": "center"
      },
      "geometry": {
        "type": "Point",
        "coordinates": [
          8.6538044,
          47.0203754
        ]
      },
      "id": "way/374300299"
    },
    {
      "type": "Feature",
      "properties": {
        "@id": "way/375091463",
        "addr:city": "Seedorf UR",
        "addr:housenumber": "50",
        "addr:postcode": "6462",
        "addr:street": "A Pro-Strasse",
        "building": "yes",
        "castle_type": "defensive",
        "email": "info@schlossapro.ch",
        "historic": "castle",
        "name": "Schloss A Pro",
        "opening_hours": "closed \"geschlossen bis und mit 10. August 2023 laut Website\"",
        "phone": "+41 41 870 65 32",
        "website": "https://schlossapro.ch/",
        "wikidata": "Q24289763",
        "wikipedia": "de:Schloss A Pro",
        "@geometry": "center"
      },
      "geometry": {
        "type": "Point",
        "coordinates": [
          8.6063557,
          46.8865955
        ]
      },
      "id": "way/375091463"
    },
    {
      "type": "Feature",
      "properties": {
        "@id": "way/375522107",
        "alt_name": "Schwandiholz",
        "castle_type": "defensive",
        "historic": "ruins",
        "name": "Burgruine Schwandiburg",
        "ruins": "castle",
        "wikidata": "Q2175432",
        "wikipedia": "de:Ruine_Schwandiholz",
        "@geometry": "center"
      },
      "geometry": {
        "type": "Point",
        "coordinates": [
          7.5124228,
          46.9637695
        ]
      },
      "id": "way/375522107"
    },
    {
      "type": "Feature",
      "properties": {
        "@id": "way/376206089",
        "access": "private",
        "addr:city": "Utzigen",
        "addr:country": "CH",
        "addr:housenumber": "110",
        "addr:postcode": "3068",
        "addr:street": "Wuhlstrasse",
        "building": "yes",
        "castle_type": "stately",
        "historic": "castle",
        "name": "Schloss Utzigen",
        "wikidata": "Q29676175",
        "wikipedia": "de:Schloss Utzigen",
        "@geometry": "center"
      },
      "geometry": {
        "type": "Point",
        "coordinates": [
          7.5614777,
          46.9620413
        ]
      },
      "id": "way/376206089"
    },
    {
      "type": "Feature",
      "properties": {
        "@id": "node/377859248",
        "access": "yes",
        "alt_name": "Vorder-Schalberg",
        "castle_type": "defensive",
        "historic": "castle",
        "historic:civilization": "medieval",
        "name": "Ruine Engenstein",
        "ruins": "yes",
        "wikidata": "Q1576670",
        "wikimedia_commons": "Category:Ruins Engenstein",
        "wikipedia": "de:Ruine Engenstein"
      },
      "geometry": {
        "type": "Point",
        "coordinates": [
          7.5692255,
          47.4642232
        ]
      },
      "id": "node/377859248"
    },
    {
      "type": "Feature",
      "properties": {
        "@id": "way/378105596",
        "addr:city": "Büren an der Aare",
        "addr:country": "CH",
        "addr:housenumber": "7",
        "addr:postcode": "3294",
        "addr:street": "Hauptgasse",
        "building": "yes",
        "castle_type": "stately",
        "ele": "434",
        "historic": "castle",
        "historic:civilization": "medieval",
        "image": "https://upload.wikimedia.org/wikipedia/commons/thumb/b/ba/Bueren-a-A-Schloss.jpg/400px-Bueren-a-A-Schloss.jpg",
        "name": "Schloss Büren",
        "start_date": "1621/1624",
        "wikidata": "Q2240497",
        "wikimedia_commons": "Category:Schloss Büren",
        "wikipedia": "de:Schloss Büren",
        "@geometry": "center"
      },
      "geometry": {
        "type": "Point",
        "coordinates": [
          7.371418,
          47.1400938
        ]
      },
      "id": "way/378105596"
    },
    {
      "type": "Feature",
      "properties": {
        "@id": "node/381006614",
        "access": "yes",
        "alt_name": "Burgruine Unter-Windegg",
        "castle_type": "defensive",
        "description": "Kyburger Lehen der Herren v. Windegg, 1265 habsburgischer Vogteisitz für das Glarnerland, 1359/1384 unter Vogt Eglolf v. Ems neu befestigt, 1406 pfandweise an die Grafen v. Toggenburg, nach 1486 aufgelassen. Sondierung 1953. (Quelle: Burgenverein.ch)",
        "historic": "castle",
        "historic:civilization": "medieval",
        "name": "Burgruine Niederwindegg",
        "ruins": "yes",
        "wikidata": "Q1013327",
        "wikimedia_commons": "Category:Burg Niederwindegg",
        "wikipedia:de": "Burg Niederwindegg"
      },
      "geometry": {
        "type": "Point",
        "coordinates": [
          9.0532095,
          47.1438249
        ]
      },
      "id": "node/381006614"
    },
    {
      "type": "Feature",
      "properties": {
        "@id": "way/384554532",
        "addr:city": "Châbles FR",
        "addr:housenumber": "23",
        "addr:postcode": "1474",
        "addr:street": "Chemin des Cibles",
        "building": "yes",
        "castle_type": "stately",
        "historic": "castle",
        "name": "Château de Font",
        "wikidata": "Q29688634",
        "@geometry": "center"
      },
      "geometry": {
        "type": "Point",
        "coordinates": [
          6.8121713,
          46.8342118
        ]
      },
      "id": "way/384554532"
    },
    {
      "type": "Feature",
      "properties": {
        "@id": "way/384555929",
        "building": "yes",
        "castle_type": "stately",
        "historic": "castle",
        "wikidata": "Q29890604",
        "wikimedia_commons": "Category:Château de Bournens",
        "@geometry": "center"
      },
      "geometry": {
        "type": "Point",
        "coordinates": [
          6.5632855,
          46.6035009
        ]
      },
      "id": "way/384555929"
    },
    {
      "type": "Feature",
      "properties": {
        "@id": "way/386126029",
        "building": "yes",
        "castle_type": "tower",
        "historic": "castle",
        "name": "Iberg",
        "roof:material": "roof_tiles",
        "roof:shape": "half-hipped",
        "@geometry": "center"
      },
      "geometry": {
        "type": "Point",
        "coordinates": [
          9.0798711,
          47.297453
        ]
      },
      "id": "way/386126029"
    },
    {
      "type": "Feature",
      "properties": {
        "@id": "way/386432701",
        "castle_type": "defensive",
        "heritage": "2",
        "heritage:operator": "babs",
        "heritage:ref": "795",
        "historic": "castle",
        "historic:civilization": "middle-ages",
        "name": "Burg Geristein",
        "ruins": "yes",
        "wikidata": "Q1011937",
        "wikipedia": "de:Burg Geristein",
        "@geometry": "center"
      },
      "geometry": {
        "type": "Point",
        "coordinates": [
          7.5237833,
          46.9906053
        ]
      },
      "id": "way/386432701"
    },
    {
      "type": "Feature",
      "properties": {
        "@id": "way/386737311",
        "building": "yes",
        "castle_type": "defensive",
        "historic": "castle",
        "name": "Ruine Gaffer Tschingge",
        "ruins": "yes",
        "wikidata": "Q23784083",
        "wikipedia": "de:Ruine Gaffer Tschinge",
        "@geometry": "center"
      },
      "geometry": {
        "type": "Point",
        "coordinates": [
          7.5830216,
          46.6705976
        ]
      },
      "id": "way/386737311"
    },
    {
      "type": "Feature",
      "properties": {
        "@id": "way/386739088",
        "building": "yes",
        "castle_type": "defensive",
        "historic": "castle",
        "historic:civilization": "prehistoric",
        "name": "Ruine Kronegg",
        "ruins": "yes",
        "wikidata": "Q67772648",
        "@geometry": "center"
      },
      "geometry": {
        "type": "Point",
        "coordinates": [
          7.612522,
          46.6611814
        ]
      },
      "id": "way/386739088"
    },
    {
      "type": "Feature",
      "properties": {
        "@id": "way/387204315",
        "addr:city": "Magliaso",
        "addr:country": "CH",
        "addr:postcode": "6983",
        "addr:street": "Via San Giorgio",
        "building": "yes",
        "castle_type": "manor",
        "heritage": "2",
        "heritage:operator": "babs",
        "historic": "castle",
        "image": "https://upload.wikimedia.org/wikipedia/commons/b/bf/Castello_Magliaso_511.jpg",
        "name": "Castello di San Giorgio",
        "note": "KGS-Nr: Nummer des Kulturgutes, zu finden in den KGS-Listen des Bundes und der Kantone. BABS: Bundesamt für Bevölkerungsschutz",
        "ref:kgs": "10393",
        "wikidata": "Q7387495",
        "wikimedia_commons": "Category:Castello di San Giorgio (Magliaso)",
        "@geometry": "center"
      },
      "geometry": {
        "type": "Point",
        "coordinates": [
          8.8885506,
          45.9869465
        ]
      },
      "id": "way/387204315"
    },
    {
      "type": "Feature",
      "properties": {
        "@id": "way/387544802",
        "historic": "castle",
        "name": "Festi",
        "wikidata": "Q67772651",
        "@geometry": "center"
      },
      "geometry": {
        "type": "Point",
        "coordinates": [
          7.4065338,
          46.6490564
        ]
      },
      "id": "way/387544802"
    },
    {
      "type": "Feature",
      "properties": {
        "@id": "way/387545138",
        "alt_name": "Rosenstein",
        "historic": "castle",
        "name": "Heidenmauer",
        "ruins": "castle",
        "wikidata": "Q23784098",
        "wikipedia": "de:Ruine Heidenmauer",
        "@geometry": "center"
      },
      "geometry": {
        "type": "Point",
        "coordinates": [
          7.4363538,
          46.6556495
        ]
      },
      "id": "way/387545138"
    },
    {
      "type": "Feature",
      "properties": {
        "@id": "way/387576053",
        "addr:city": "Zuoz",
        "addr:housenumber": "92",
        "addr:postcode": "7524",
        "addr:street": "Stradun",
        "building": "yes",
        "castle_type": "maison",
        "historic": "castle",
        "name": "Tuor Planta",
        "name:de": "Planta-Turm",
        "wikidata": "Q29785287",
        "wikipedia": "en:Planta Castle",
        "@geometry": "center"
      },
      "geometry": {
        "type": "Point",
        "coordinates": [
          9.9596433,
          46.6022131
        ]
      },
      "id": "way/387576053"
    },
    {
      "type": "Feature",
      "properties": {
        "@id": "way/387741444",
        "historic": "castle",
        "name": "Domaine du Château de Collex",
        "@geometry": "center"
      },
      "geometry": {
        "type": "Point",
        "coordinates": [
          6.1191376,
          46.2702383
        ]
      },
      "id": "way/387741444"
    },
    {
      "type": "Feature",
      "properties": {
        "@id": "way/387891591",
        "addr:city": "Magliaso",
        "addr:country": "CH",
        "addr:housenumber": "14",
        "addr:postcode": "6983",
        "addr:street": "Via Chiesa",
        "building": "yes",
        "castle_type": "stately",
        "description": "Le origini del castello risalgono all' XI sec. Fu caposaldo di un pretendente nella lotta per il seggio vescovile di Como. Il castello venne distrutto prob. intorno al 1156. Nel 1667 il landfogto Corrado di Beroldingen acquistò il castello e le adiacenze.",
        "historic": "castle",
        "historic:civilization": "medieval",
        "name": "Castello di S. Giorgio",
        "wikidata": "Q29527362",
        "@geometry": "center"
      },
      "geometry": {
        "type": "Point",
        "coordinates": [
          8.8885284,
          45.9849964
        ]
      },
      "id": "way/387891591"
    },
    {
      "type": "Feature",
      "properties": {
        "@id": "node/387904945",
        "access": "yes",
        "archaeological_site": "fortification",
        "castle_type": "defensive",
        "description": "Fundamentreste des Wohnturmes und der Bauten, Abschnittsgraben. Erbaut im 11. Jh. als Sitz habsburgischen Ministerialen, im 13. Jh. nach Brand Wiederaufbau begonnen aber nicht mehr vollendet. 1997 konserviert. (Quelle: Burgenverein.ch)",
        "historic": "castle",
        "historic:civilization": "medieval",
        "name": "Ruine Iberg",
        "ruins": "yes",
        "wheelchair": "no",
        "wikidata": "Q687225",
        "wikipedia": "de:Ruine_Iberg"
      },
      "geometry": {
        "type": "Point",
        "coordinates": [
          8.186316,
          47.5049801
        ]
      },
      "id": "node/387904945"
    },
    {
      "type": "Feature",
      "properties": {
        "@id": "way/388941720",
        "building": "yes",
        "castle_type": "defensive",
        "historic": "castle",
        "name": "Burg Grafenstein",
        "note": "http://doi.org/10.5169/seals-238233",
        "ruins": "yes",
        "wikidata": "Q67772654",
        "@geometry": "center"
      },
      "geometry": {
        "type": "Point",
        "coordinates": [
          7.5820283,
          46.655125
        ]
      },
      "id": "way/388941720"
    },
    {
      "type": "Feature",
      "properties": {
        "@id": "way/390064615",
        "access": "yes",
        "castle_type": "defensive",
        "fee": "no",
        "historic": "castle",
        "historic:civilization": "medieval",
        "name": "Burgruine Belfort",
        "name:de": "Burgruine Belfort",
        "name:en": "Belfort Ruins",
        "name:rm": "Ruina Belfort",
        "ruins": "yes",
        "tourism": "attraction",
        "wikidata": "Q458673",
        "wikimedia_commons": "File:Belfort_Ansicht.jpg",
        "wikipedia": "de:Burg Belfort",
        "@geometry": "center"
      },
      "geometry": {
        "type": "Point",
        "coordinates": [
          9.6103561,
          46.6709962
        ]
      },
      "id": "way/390064615"
    },
    {
      "type": "Feature",
      "properties": {
        "@id": "way/392324366",
        "building": "yes",
        "castle_type": "defensive",
        "historic": "castle",
        "name": "Château de la Bâtiaz",
        "tourism": "attraction",
        "wikidata": "Q1012791",
        "@geometry": "center"
      },
      "geometry": {
        "type": "Point",
        "coordinates": [
          7.0692673,
          46.1050351
        ]
      },
      "id": "way/392324366"
    },
    {
      "type": "Feature",
      "properties": {
        "@id": "way/394753500",
        "access": "yes",
        "building": "yes",
        "castle_type": "defensive",
        "historic": "castle",
        "historic:civilization": "medieval",
        "name": "Burgruine Strassberg",
        "ruins": "yes",
        "website": "https://burgstrassbergmalix.ch/",
        "wikidata": "Q251766",
        "wikipedia": "de:Burg Strassberg",
        "@geometry": "center"
      },
      "geometry": {
        "type": "Point",
        "coordinates": [
          9.5338161,
          46.8063432
        ]
      },
      "id": "way/394753500"
    },
    {
      "type": "Feature",
      "properties": {
        "@id": "way/395304974",
        "addr:city": "Zwingen",
        "addr:country": "CH",
        "addr:housenumber": "2",
        "addr:postcode": "4222",
        "addr:street": "Schlossgasse",
        "building": "yes",
        "castle_type": "defensive",
        "historic": "castle",
        "name": "Schloss Zwingen",
        "ruins": "no",
        "wikidata": "Q1541728",
        "wikipedia": "de:Schloss Zwingen",
        "@geometry": "center"
      },
      "geometry": {
        "type": "Point",
        "coordinates": [
          7.5269207,
          47.4375821
        ]
      },
      "id": "way/395304974"
    },
    {
      "type": "Feature",
      "properties": {
        "@id": "way/397124746",
        "access": "private",
        "addr:city": "Réchy",
        "addr:housenumber": "6",
        "addr:postcode": "3966",
        "addr:street": "Route du Tombec",
        "alt_name": "Maison Siegen",
        "building": "residential",
        "castle_type": "manor",
        "historic": "castle",
        "historic:civilization": "medieval",
        "name": "Chateau de Réchy",
        "wikidata": "Q29891977",
        "@geometry": "center"
      },
      "geometry": {
        "type": "Point",
        "coordinates": [
          7.4959247,
          46.2615752
        ]
      },
      "id": "way/397124746"
    },
    {
      "type": "Feature",
      "properties": {
        "@id": "way/399078723",
        "access": "yes",
        "alt_name": "Ruine Oberwangen",
        "archaeological_site": "fortification",
        "building": "yes",
        "castle_type": "defensive",
        "contact:addr": "3173 Oberwangen b Bern",
        "description": "Mittelalterlicher Wohnturm.",
        "historic": "castle",
        "historic:civilization": "medieval",
        "name": "Burgstelle Oberwangen",
        "wikidata": "Q2175373",
        "wikipedia": "de:Ruine Oberwangen",
        "@geometry": "center"
      },
      "geometry": {
        "type": "Point",
        "coordinates": [
          7.3578909,
          46.9138934
        ]
      },
      "id": "way/399078723"
    },
    {
      "type": "Feature",
      "properties": {
        "@id": "way/401830351",
        "access": "private",
        "addr:full": "Dorfstrasse 5, 7240 Küblis",
        "building": "yes",
        "castle_type": "stately",
        "historic": "castle",
        "name": "Schlössli Küblis",
        "start_date": "1642",
        "wikidata": "Q29784849",
        "wikimedia_commons": "Category:Schlössli (Dorfstrasse 5, Küblis)",
        "@geometry": "center"
      },
      "geometry": {
        "type": "Point",
        "coordinates": [
          9.7769789,
          46.9146058
        ]
      },
      "id": "way/401830351"
    },
    {
      "type": "Feature",
      "properties": {
        "@id": "way/402758024",
        "building": "yes",
        "historic": "castle",
        "name": "Château d'Hauteville",
        "wikidata": "Q2968251",
        "@geometry": "center"
      },
      "geometry": {
        "type": "Point",
        "coordinates": [
          6.8685788,
          46.4671091
        ]
      },
      "id": "way/402758024"
    },
    {
      "type": "Feature",
      "properties": {
        "@id": "way/404306712",
        "addr:city": "Bursinel",
        "addr:housenumber": "3",
        "addr:street": "Route de Suisse",
        "building": "yes",
        "castle_type": "stately",
        "historic": "castle",
        "name": "Villa Choisi",
        "wikidata": "Q3558488",
        "@geometry": "center"
      },
      "geometry": {
        "type": "Point",
        "coordinates": [
          6.316397,
          46.4397851
        ]
      },
      "id": "way/404306712"
    },
    {
      "type": "Feature",
      "properties": {
        "@id": "way/404805110",
        "access": "private",
        "building": "yes",
        "castle_type": "defensive",
        "historic": "castle",
        "historic:civilization": "medieval",
        "name": "Burg Friedau",
        "ruins": "yes",
        "wikidata": "Q1011842",
        "wikipedia": "de:Burg Friedau",
        "@geometry": "center"
      },
      "geometry": {
        "type": "Point",
        "coordinates": [
          9.5627641,
          46.934258
        ]
      },
      "id": "way/404805110"
    },
    {
      "type": "Feature",
      "properties": {
        "@id": "way/405006321",
        "addr:city": "Bursinel",
        "addr:housenumber": "1",
        "addr:street": "Route du Château",
        "building": "yes",
        "castle_type": "stately",
        "historic": "castle",
        "wikidata": "Q29890609",
        "@geometry": "center"
      },
      "geometry": {
        "type": "Point",
        "coordinates": [
          6.3069035,
          46.4405847
        ]
      },
      "id": "way/405006321"
    },
    {
      "type": "Feature",
      "properties": {
        "@id": "way/405008222",
        "building": "yes",
        "historic": "castle",
        "name": "Château de Rolle",
        "name:en": "Rolle Castle",
        "name:es": "Castillo de Rolle",
        "name:fr": "Château de Rolle",
        "name:ru": "Замок Ролле",
        "wikidata": "Q2970420",
        "wikipedia": "en:Rolle Castle",
        "@geometry": "center"
      },
      "geometry": {
        "type": "Point",
        "coordinates": [
          6.3413321,
          46.4586727
        ]
      },
      "id": "way/405008222"
    },
    {
      "type": "Feature",
      "properties": {
        "@id": "way/405941361",
        "castle_type": "defensive",
        "historic": "castle",
        "name": "Burgruine Oberes Baliken",
        "ruins": "yes",
        "wheelchair": "no",
        "wikidata": "Q2175371",
        "wikipedia": "de:Ruine Oberes Baliken",
        "@geometry": "center"
      },
      "geometry": {
        "type": "Point",
        "coordinates": [
          8.8974454,
          47.2741771
        ]
      },
      "id": "way/405941361"
    },
    {
      "type": "Feature",
      "properties": {
        "@id": "way/406170095",
        "addr:city": "La Neuveville",
        "addr:country": "CH",
        "addr:housenumber": "56",
        "addr:postcode": "2520",
        "addr:street": "Route du Château",
        "alt_name": "Burg Schlossberg",
        "building": "yes",
        "ele": "535",
        "historic": "castle",
        "image": "https://upload.wikimedia.org/wikipedia/commons/thumb/5/53/B-La-Neuveville-Schlossberg.jpg/800px-B-La-Neuveville-Schlossberg.jpg",
        "name": "Château du Schlossberg",
        "name:de": "Burg Schlossberg",
        "name:fr": "Château du Schlossberg",
        "wikidata": "Q1013891",
        "wikimedia_commons": "Category:Schlossberg Castle",
        "wikipedia:de": "Burg Schlossberg (La Neuveville)",
        "wikipedia:fr": "Château du Schlossberg",
        "@geometry": "center"
      },
      "geometry": {
        "type": "Point",
        "coordinates": [
          7.0842581,
          47.0663089
        ]
      },
      "id": "way/406170095"
    },
    {
      "type": "Feature",
      "properties": {
        "@id": "way/406232454",
        "alt_name": "Gryffenberg",
        "castle_type": "defensive",
        "historic": "castle",
        "name": "Burgruine Greifenberg",
        "ruins": "yes",
        "wikidata": "Q29573997",
        "wikipedia": "de:Burg Greifenberg",
        "@geometry": "center"
      },
      "geometry": {
        "type": "Point",
        "coordinates": [
          8.8641506,
          47.3463454
        ]
      },
      "id": "way/406232454"
    },
    {
      "type": "Feature",
      "properties": {
        "@id": "node/408806844",
        "addr:city": "Sargans",
        "addr:postcode": "7320",
        "castle_type": "defensive",
        "email": "info@museumsargans.ch",
        "historic": "castle",
        "historic:civilization": "medieval",
        "name": "Schloss Sargans",
        "opening_hours": "Apr 01-Oct 31 Tu-Fr 10:00-12:00, 13:30-17:30, Sa-Su 10:00-17:30; Mo off",
        "phone": "+41 81 723 65 69",
        "website": "https://www.museumsargans.ch/neu/museum-sarganserland",
        "wikidata": "Q1604828",
        "wikipedia": "de:Schloss Sargans"
      },
      "geometry": {
        "type": "Point",
        "coordinates": [
          9.4376669,
          47.0499539
        ]
      },
      "id": "node/408806844"
    },
    {
      "type": "Feature",
      "properties": {
        "@id": "node/409181646",
        "castle_type": "stately",
        "historic": "castle",
        "historic:civilization": "medieval",
        "name": "Schloss Wartenfels",
        "website": "https://www.wartenfels.ch/",
        "wikidata": "Q20012602",
        "wikipedia": "de:Schloss Wartenfels (Lostorf)"
      },
      "geometry": {
        "type": "Point",
        "coordinates": [
          7.9346945,
          47.3906954
        ]
      },
      "id": "node/409181646"
    },
    {
      "type": "Feature",
      "properties": {
        "@id": "way/409525865",
        "building": "office",
        "building:levels": "3",
        "castle_type": "stately",
        "historic": "castle",
        "name": "Château de Saint-Gingolph",
        "roof:material": "tile",
        "roof:orientation": "along/across",
        "roof:shape": "half-hipped",
        "start_date": "1585",
        "wikidata": "Q2970518",
        "@geometry": "center"
      },
      "geometry": {
        "type": "Point",
        "coordinates": [
          6.8043457,
          46.3927461
        ]
      },
      "id": "way/409525865"
    },
    {
      "type": "Feature",
      "properties": {
        "@id": "node/413673790",
        "access": "yes",
        "alt_name": "Ruine Rabenstein",
        "castle_type": "defensive",
        "historic": "castle",
        "historic:civilization": "medieval",
        "name": "Ruine Alt-Ramschwag",
        "ruins": "yes",
        "wikidata": "Q29786484"
      },
      "geometry": {
        "type": "Point",
        "coordinates": [
          9.3222776,
          47.4899694
        ]
      },
      "id": "node/413673790"
    },
    {
      "type": "Feature",
      "properties": {
        "@id": "way/414961426",
        "addr:city": "Surpierre",
        "addr:housenumber": "1",
        "addr:postcode": "1528",
        "building": "yes",
        "castle_type": "stately",
        "historic": "castle",
        "name": "Château de Surpierre",
        "website": "http://www.swisscastles.ch/Fribourg/surpierre.html",
        "wikidata": "Q4848471",
        "wikipedia": "en:Baillival Castle (Surpierre)",
        "@geometry": "center"
      },
      "geometry": {
        "type": "Point",
        "coordinates": [
          6.8638003,
          46.7450584
        ]
      },
      "id": "way/414961426"
    },
    {
      "type": "Feature",
      "properties": {
        "@id": "way/415513652",
        "access": "yes",
        "building": "yes",
        "castle_type": "defensive",
        "historic": "castle",
        "historic:civilization": "medieval",
        "layer": "1",
        "name": "Ruine Grasburg",
        "ruins": "yes",
        "start_date": "1220",
        "wheelchair": "no",
        "wikidata": "Q1315504",
        "wikipedia": "de:Grasburg (Wahlern)",
        "@geometry": "center"
      },
      "geometry": {
        "type": "Point",
        "coordinates": [
          7.3314458,
          46.8337944
        ]
      },
      "id": "way/415513652"
    },
    {
      "type": "Feature",
      "properties": {
        "@id": "way/416489880",
        "access": "yes",
        "alt_name": "Burgruine Sax",
        "building": "yes",
        "castle_type": "defensive",
        "historic": "castle",
        "historic:civilization": "medieval",
        "name": "Burgruine Hohensax",
        "ruins": "yes",
        "wikidata": "Q1012438",
        "wikipedia": "de:Burg Hohensax",
        "@geometry": "center"
      },
      "geometry": {
        "type": "Point",
        "coordinates": [
          9.4439763,
          47.2305036
        ]
      },
      "id": "way/416489880"
    },
    {
      "type": "Feature",
      "properties": {
        "@id": "way/416797220",
        "access": "customers",
        "addr:city": "Sax",
        "addr:housenumber": "1",
        "addr:postcode": "9468",
        "addr:street": "Gaditsch",
        "building": "yes",
        "castle_type": "stately",
        "historic": "castle",
        "name": "Schlössli Sax",
        "website": "https://www.schloesslisax.com/",
        "wikidata": "Q67772670",
        "@geometry": "center"
      },
      "geometry": {
        "type": "Point",
        "coordinates": [
          9.4565504,
          47.2308757
        ]
      },
      "id": "way/416797220"
    },
    {
      "type": "Feature",
      "properties": {
        "@id": "way/418178008",
        "access": "private",
        "building": "yes",
        "castle_type": "defensive",
        "historic": "castle",
        "name": "Burg Forstegg",
        "wikidata": "Q1011745",
        "wikipedia": "de:Burg Forstegg",
        "@geometry": "center"
      },
      "geometry": {
        "type": "Point",
        "coordinates": [
          9.4959494,
          47.2457847
        ]
      },
      "id": "way/418178008"
    },
    {
      "type": "Feature",
      "properties": {
        "@id": "way/420780142",
        "building": "yes",
        "castle_type": "defensive",
        "historic": "castle",
        "name": "Burg Surcasti",
        "ruins": "yes",
        "tourism": "attraction",
        "wikidata": "Q1014188",
        "wikipedia": "de:Burg Surcasti",
        "@geometry": "center"
      },
      "geometry": {
        "type": "Point",
        "coordinates": [
          9.1802315,
          46.7014984
        ]
      },
      "id": "way/420780142"
    },
    {
      "type": "Feature",
      "properties": {
        "@id": "way/425513673",
        "access": "private",
        "addr:city": "Nürensdorf",
        "addr:housenumber": "1",
        "addr:postcode": "8309",
        "addr:street": "Neuhofstrasse",
        "building": "house",
        "building:levels": "3",
        "castle_type": "manor",
        "historic": "castle",
        "historic:civilization": "modern",
        "image": "https://commons.wikimedia.org/wiki/File:N%C3%BCrensdorf_Schloss.JPG",
        "name": "Schloss Nürensdorf",
        "operator": "Gemeinde Nürensdorf",
        "roof:levels": "1",
        "roof:shape": "gabled",
        "start_date": "1760",
        "wikidata": "Q101064272",
        "wikipedia": "de:Schloss Nürensdorf",
        "@geometry": "center"
      },
      "geometry": {
        "type": "Point",
        "coordinates": [
          8.649571,
          47.4472343
        ]
      },
      "id": "way/425513673"
    },
    {
      "type": "Feature",
      "properties": {
        "@id": "way/426361828",
        "access": "private",
        "addr:city": "Cotterd",
        "addr:housenumber": "24",
        "addr:place": "Cotterd",
        "addr:postcode": "1585",
        "building": "yes",
        "castle_type": "stately",
        "historic": "castle",
        "name": "Schloss Cotterd",
        "wikidata": "Q27926385",
        "wikipedia": "de:Schloss Cotterd",
        "@geometry": "center"
      },
      "geometry": {
        "type": "Point",
        "coordinates": [
          7.023804,
          46.9209086
        ]
      },
      "id": "way/426361828"
    },
    {
      "type": "Feature",
      "properties": {
        "@id": "way/426735052",
        "building": "yes",
        "castle_type": "stately",
        "historic": "castle",
        "name": "Château de Renens",
        "wikidata": "Q104228683",
        "@geometry": "center"
      },
      "geometry": {
        "type": "Point",
        "coordinates": [
          6.5944841,
          46.5348364
        ]
      },
      "id": "way/426735052"
    },
    {
      "type": "Feature",
      "properties": {
        "@id": "way/427172414",
        "access": "yes",
        "alt_name": "Altburg",
        "castle_type": "defensive",
        "fee": "no",
        "historic": "castle",
        "historic:civilization": "medieval",
        "name": "Ruine Alt-Regensberg",
        "ruins": "yes",
        "start_date": "1040",
        "wheelchair": "no",
        "wikidata": "Q2175174",
        "wikipedia": "de:Ruine Alt-Regensberg",
        "@geometry": "center"
      },
      "geometry": {
        "type": "Point",
        "coordinates": [
          8.4820237,
          47.4285437
        ]
      },
      "id": "way/427172414"
    },
    {
      "type": "Feature",
      "properties": {
        "@id": "way/427596883",
        "addr:full": "Schlossgut 163, 3664 Burgistein",
        "historic": "castle",
        "name": "Schloss Burgistein",
        "wikidata": "Q2240463",
        "wikimedia_commons": "Category:Schloss Burgistein",
        "wikipedia:de": "Schloss Burgistein",
        "@geometry": "center"
      },
      "geometry": {
        "type": "Point",
        "coordinates": [
          7.5049972,
          46.7871525
        ]
      },
      "id": "way/427596883"
    },
    {
      "type": "Feature",
      "properties": {
        "@id": "node/427703390",
        "castle_type": "defensive",
        "historic": "castle",
        "historic:civilization": "medieval",
        "name": "Ruine Balm",
        "ruins": "yes",
        "wikidata": "Q1624444",
        "wikipedia": "de:Ruine Balm"
      },
      "geometry": {
        "type": "Point",
        "coordinates": [
          7.5551221,
          47.2555053
        ]
      },
      "id": "node/427703390"
    },
    {
      "type": "Feature",
      "properties": {
        "@id": "node/429361921",
        "historic": "castle",
        "name": "Genolier Castle ( earth mound )",
        "wikidata": "Q67771693"
      },
      "geometry": {
        "type": "Point",
        "coordinates": [
          6.2239227,
          46.4329106
        ]
      },
      "id": "node/429361921"
    },
    {
      "type": "Feature",
      "properties": {
        "@id": "node/430049760",
        "access": "yes",
        "alt_name": "Katzenburg",
        "castle_type": "defensive",
        "historic": "castle",
        "historic:civilization": "medieval",
        "name": "Ruine Lichtenstein",
        "ruins": "yes",
        "tourism": "attraction",
        "wikidata": "Q1012938",
        "wikipedia": "de:Burg Lichtenstein (Haldenstein)"
      },
      "geometry": {
        "type": "Point",
        "coordinates": [
          9.5265368,
          46.8845717
        ]
      },
      "id": "node/430049760"
    },
    {
      "type": "Feature",
      "properties": {
        "@id": "node/430148697",
        "access": "yes",
        "addr:housenumber": "27",
        "addr:street": "Strada al Castel",
        "castle_type": "defensive",
        "email": "info@castellodimorcote.ch",
        "historic": "castle",
        "historic:civilization": "medieval",
        "name": "Castello di Morcote",
        "name:de": "Burg Morcote",
        "phone": "+41 91 996 12 30",
        "ruins": "yes",
        "start_date": "1100",
        "tourism": "attraction",
        "wikidata": "Q21100352",
        "wikipedia": "it:Castello di Morcote"
      },
      "geometry": {
        "type": "Point",
        "coordinates": [
          8.9137231,
          45.9257964
        ]
      },
      "id": "node/430148697"
    },
    {
      "type": "Feature",
      "properties": {
        "@id": "node/430272457",
        "castle_type": "fortress",
        "ele": "753",
        "historic": "castle",
        "image": "https://photos.app.goo.gl/6XKDMvK1Q4fLHKU59",
        "name": "Castello di Mesocco",
        "ruins": "yes",
        "tourism": "attraction",
        "website": "https://www.castellomesocco.ch/",
        "wikidata": "Q474938",
        "wikipedia": "de:Castello di Mesocco"
      },
      "geometry": {
        "type": "Point",
        "coordinates": [
          9.2326256,
          46.3801961
        ]
      },
      "id": "node/430272457"
    },
    {
      "type": "Feature",
      "properties": {
        "@id": "way/434826918",
        "addr:city": "La Tour-de-Peilz",
        "addr:country": "CH",
        "addr:postcode": "1814",
        "building": "yes",
        "castle_type": "stately",
        "description": "Château avec 2 tours rondes d'angle et la base du donjon rectangulaire, construit ou reconstruit par les Savoie après 1251, dévasté par les Confédérés en 1476, reconstruit en 1747. (Source: Burgenverein.ch)",
        "historic": "castle",
        "historic:civilization": "medieval",
        "name": "Château de La Tour-de-Peilz",
        "wikidata": "Q36698297",
        "wikipedia": "fr:Château de La Tour-de-Peilz",
        "@geometry": "center"
      },
      "geometry": {
        "type": "Point",
        "coordinates": [
          6.8550807,
          46.4526542
        ]
      },
      "id": "way/434826918"
    },
    {
      "type": "Feature",
      "properties": {
        "@id": "way/434856010",
        "building": "yes",
        "castle_type": "stately",
        "historic": "castle",
        "name": "Château de La Tour-de-Peilz",
        "wikidata": "Q29890913",
        "@geometry": "center"
      },
      "geometry": {
        "type": "Point",
        "coordinates": [
          6.8546945,
          46.4526984
        ]
      },
      "id": "way/434856010"
    },
    {
      "type": "Feature",
      "properties": {
        "@id": "way/434913238",
        "addr:city": "Dotzigen",
        "addr:country": "CH",
        "addr:housenumber": "6",
        "addr:postcode": "3293",
        "addr:street": "Hohlenweg",
        "building": "residential",
        "castle_type": "stately",
        "ele": "461",
        "historic": "castle",
        "historic:civilization": "modern",
        "image": "https://upload.wikimedia.org/wikipedia/commons/thumb/7/7d/Dotzigen_Schloss.jpg/400px-Dotzigen_Schloss.jpg",
        "name": "Schlössli Dotzingen",
        "wikidata": "Q67772676",
        "wikimedia_commons": "Category:Schlössli (Hohlenweg 6, Dotzigen)",
        "@geometry": "center"
      },
      "geometry": {
        "type": "Point",
        "coordinates": [
          7.3435872,
          47.1208885
        ]
      },
      "id": "way/434913238"
    },
    {
      "type": "Feature",
      "properties": {
        "@id": "way/435793121",
        "addr:city": "Villars-le-Grand",
        "addr:country": "CH",
        "addr:housenumber": "2",
        "addr:postcode": "1584",
        "addr:street": "Chemin des Vergers",
        "building": "yes",
        "castle_type": "stately",
        "historic": "castle",
        "name": "Château Villars-le-Grand",
        "wikidata": "Q29891636",
        "@geometry": "center"
      },
      "geometry": {
        "type": "Point",
        "coordinates": [
          6.9903494,
          46.906061
        ]
      },
      "id": "way/435793121"
    },
    {
      "type": "Feature",
      "properties": {
        "@id": "way/435831591",
        "access": "private",
        "addr:full": "Place du Château 1, 1566 Saint-Aubin",
        "building": "castle",
        "castle_type": "stately",
        "historic": "castle",
        "name": "Château Wallier",
        "wikidata": "Q29698020",
        "wikimedia_commons": "Category:Château Wallier",
        "@geometry": "center"
      },
      "geometry": {
        "type": "Point",
        "coordinates": [
          6.9802314,
          46.8895979
        ]
      },
      "id": "way/435831591"
    },
    {
      "type": "Feature",
      "properties": {
        "@id": "way/436162797",
        "addr:full": "Chemin du Château 1, 3, 5, 1543 Grandcour",
        "building": "yes",
        "castle_type": "stately",
        "historic": "castle",
        "name": "Château de Grandcour",
        "wheelchair": "no",
        "wikidata": "Q2969346",
        "wikimedia_commons": "Category:Château de Grandcour",
        "wikipedia:en": "Grandcour Castle",
        "wikipedia:fr": "Château de Grandcour",
        "@geometry": "center"
      },
      "geometry": {
        "type": "Point",
        "coordinates": [
          6.9299217,
          46.8736042
        ]
      },
      "id": "way/436162797"
    },
    {
      "type": "Feature",
      "properties": {
        "@id": "node/444011388",
        "access": "private",
        "castle_type": "stately",
        "description": "Erbaut im 16. Jh. für Leonhard Zollikofer anstelle der um 1200 errichteten Burg der Herren v. Klingen; von der mittelalterlichen Burg nur noch Halsgraben erkennbar. (Quelle: Burgenverein.ch)",
        "historic": "castle",
        "historic:civilization": "medieval",
        "name": "Schloss Altenklingen",
        "wheelchair": "limited",
        "wikidata": "Q685343",
        "wikimedia_commons": "Category:Schloss Altenklingen",
        "wikipedia": "de:Schloss Altenklingen"
      },
      "geometry": {
        "type": "Point",
        "coordinates": [
          9.0780434,
          47.602131
        ]
      },
      "id": "node/444011388"
    },
    {
      "type": "Feature",
      "properties": {
        "@id": "way/444184303",
        "building": "yes",
        "castle_type": "stately",
        "ele": "510",
        "historic": "castle",
        "name": "Schloss Rued",
        "wikidata": "Q1425828",
        "wikipedia": "de:Schloss Rued",
        "@geometry": "center"
      },
      "geometry": {
        "type": "Point",
        "coordinates": [
          8.089133,
          47.2927694
        ]
      },
      "id": "way/444184303"
    },
    {
      "type": "Feature",
      "properties": {
        "@id": "way/444477543",
        "access": "private",
        "addr:city": "Untereggen",
        "addr:housenumber": "1",
        "addr:place": "Schloss Sulzberg",
        "addr:postcode": "9033",
        "alt_name": "Möttelischloss",
        "building": "yes",
        "building:levels": "3",
        "castle_type": "defensive",
        "historic": "castle",
        "historic:civilization": "medieval",
        "name": "Schloss Sulzberg",
        "wikidata": "Q2243649",
        "wikipedia": "de:Schloss Sulzberg",
        "@geometry": "center"
      },
      "geometry": {
        "type": "Point",
        "coordinates": [
          9.4671699,
          47.4641583
        ]
      },
      "id": "way/444477543"
    },
    {
      "type": "Feature",
      "properties": {
        "@id": "way/445048995",
        "building": "yes",
        "castle_type": "manor",
        "historic": "castle",
        "wikidata": "Q29890791",
        "@geometry": "center"
      },
      "geometry": {
        "type": "Point",
        "coordinates": [
          6.3719178,
          46.4792627
        ]
      },
      "id": "way/445048995"
    },
    {
      "type": "Feature",
      "properties": {
        "@id": "node/445356014",
        "castle_type": "defensive",
        "historic": "castle",
        "name": "Ruine Ober-Ruchenberg",
        "ruins": "yes",
        "tourism": "viewpoint",
        "wikidata": "Q1013367",
        "wikipedia": "de:Burg Ober-Ruchenberg"
      },
      "geometry": {
        "type": "Point",
        "coordinates": [
          9.5720838,
          46.8807123
        ]
      },
      "id": "node/445356014"
    },
    {
      "type": "Feature",
      "properties": {
        "@id": "way/446681570",
        "addr:city": "Vaulruz",
        "addr:housenumber": "1",
        "addr:place": "Le Château",
        "addr:postcode": "1627",
        "building": "yes",
        "castle_type": "stately",
        "historic": "castle",
        "image": "https://upload.wikimedia.org/wikipedia/commons/thumb/c/c4/2004-Vaulruz-Schloss.jpg/800px-2004-Vaulruz-Schloss.jpg",
        "name": "Château de Vaulruz",
        "source": "survey",
        "tourism": "attraction",
        "website": "https://www.chateau-vaulruz.ch",
        "wikidata": "Q29698908",
        "wikimedia_commons": "Category:Château de Vaulruz",
        "wikipedia:de": "Schloss Vaulruz",
        "wikipedia:fr": "Château de Vaulruz",
        "@geometry": "center"
      },
      "geometry": {
        "type": "Point",
        "coordinates": [
          6.9944017,
          46.624875
        ]
      },
      "id": "way/446681570"
    },
    {
      "type": "Feature",
      "properties": {
        "@id": "way/448992329",
        "access": "permit",
        "addr:city": "Ligerz",
        "addr:housenumber": "66",
        "addr:postcode": "2514",
        "addr:street": "Route de Bienne",
        "building": "yes",
        "castle_type": "manor",
        "ele": "434",
        "historic": "castle",
        "historic:civilization": "medieval",
        "name": "Hof Ligerz",
        "start_date": "1555",
        "wikidata": "Q1170119",
        "wikipedia": "de:Hof Ligerz",
        "@geometry": "center"
      },
      "geometry": {
        "type": "Point",
        "coordinates": [
          7.1337069,
          47.083402
        ]
      },
      "id": "way/448992329"
    },
    {
      "type": "Feature",
      "properties": {
        "@id": "way/452495197",
        "access": "permit",
        "addr:housenumber": "12",
        "addr:street": "Le Château",
        "building": "castle",
        "castle_type": "defensive",
        "historic": "castle",
        "historic:civilization": "medieval",
        "layer": "1",
        "name": "Château de Porrentruy",
        "wikidata": "Q2970284",
        "wikipedia": "fr:Château de Porrentruy",
        "@geometry": "center"
      },
      "geometry": {
        "type": "Point",
        "coordinates": [
          7.0723389,
          47.4194596
        ]
      },
      "id": "way/452495197"
    },
    {
      "type": "Feature",
      "properties": {
        "@id": "way/456107952",
        "access": "yes",
        "alt_name": "Ruine Nünegg",
        "archaeological_site": "fortification",
        "castle_type": "defensive",
        "description": "Burgruine mit Burggraben, Wohnturm (M.13. Jh.) und einer Ringmauer mit polygonalem Verlauf (Neuneck). Sitz der Kyburger Ministerialen v. Lieli (1223), 1386 von Luzern zerstört. 1929-31 und 1984 ausgegraben und konserviert. (Quelle: Burgenverein.ch)",
        "historic": "castle",
        "historic:civilization": "medieval",
        "name": "Ruine Lieli",
        "opening_hours": "24/7",
        "ruins": "yes",
        "wikidata": "Q56526644",
        "wikipedia": "de:Ruine Lieli",
        "@geometry": "center"
      },
      "geometry": {
        "type": "Point",
        "coordinates": [
          8.3038492,
          47.2088874
        ]
      },
      "id": "way/456107952"
    },
    {
      "type": "Feature",
      "properties": {
        "@id": "way/456813781",
        "access": "yes",
        "castle_type": "defensive",
        "historic": "ruins",
        "historic:civilization": "medieval",
        "name": "Burgruine Wackenau",
        "ruins": "castle",
        "wikidata": "Q912500",
        "wikipedia": "de:Burg Wackenau",
        "@geometry": "center"
      },
      "geometry": {
        "type": "Point",
        "coordinates": [
          9.3749347,
          46.8232274
        ]
      },
      "id": "way/456813781"
    },
    {
      "type": "Feature",
      "properties": {
        "@id": "way/458341357",
        "access": "private",
        "addr:city": "Seelisberg",
        "addr:housenumber": "1",
        "addr:postcode": "6377",
        "addr:street": "Beroldingen",
        "building": "yes",
        "castle_type": "stately",
        "historic": "castle",
        "historic:civilization": "medieval",
        "name": "Schlösschen Beroldingen",
        "wikidata": "Q24326442",
        "wikimedia_commons": "Category:Schlösschen Beroldingen",
        "wikipedia": "de:Schlösschen Beroldingen",
        "@geometry": "center"
      },
      "geometry": {
        "type": "Point",
        "coordinates": [
          8.5826972,
          46.9544214
        ]
      },
      "id": "way/458341357"
    },
    {
      "type": "Feature",
      "properties": {
        "@id": "way/458341945",
        "addr:city": "Brione (Verzasca)",
        "addr:housenumber": "2",
        "addr:postcode": "6634",
        "addr:street": "Vicolo Castello",
        "building": "castle",
        "castle_type": "palace",
        "historic": "castle",
        "image": "https://upload.wikimedia.org/wikipedia/commons/thumb/0/09/Brione._Castello_dei_Marcacci._2019-06-23_16-01-46.jpg/800px-Brione._Castello_dei_Marcacci._2019-06-23_16-01-46.jpg",
        "name": "Castello dei Marcacci",
        "wikidata": "Q29884114",
        "wikimedia_commons": "Category:Castello dei Marcacci (Brione)",
        "@geometry": "center"
      },
      "geometry": {
        "type": "Point",
        "coordinates": [
          8.7908617,
          46.2965728
        ]
      },
      "id": "way/458341945"
    },
    {
      "type": "Feature",
      "properties": {
        "@id": "node/461144261",
        "historic": "castle",
        "name": "Château de Rue",
        "website": "https://fribourg.ch/fr/romontregion/architecture-et-monuments/chateau-de-rue/",
        "wikidata": "Q2970455"
      },
      "geometry": {
        "type": "Point",
        "coordinates": [
          6.8228129,
          46.6203651
        ]
      },
      "id": "node/461144261"
    },
    {
      "type": "Feature",
      "properties": {
        "@id": "node/469281641",
        "access": "yes",
        "castle_type": "defensive",
        "ele": "586",
        "historic": "castle",
        "historic:civilization": "medieval",
        "name": "Ruine Radegg",
        "ruins": "yes",
        "wikidata": "Q2175385",
        "wikipedia": "de:Ruine Radegg"
      },
      "geometry": {
        "type": "Point",
        "coordinates": [
          8.506737,
          47.6518137
        ]
      },
      "id": "node/469281641"
    },
    {
      "type": "Feature",
      "properties": {
        "@id": "way/475404779",
        "building": "yes",
        "castle_type": "stately",
        "historic": "castle",
        "historic:civilization": "medieval",
        "name": "Château d'Échandens",
        "wikidata": "Q29890753",
        "wikimedia_commons": "Category:Château avec dépendances (Échandens)",
        "@geometry": "center"
      },
      "geometry": {
        "type": "Point",
        "coordinates": [
          6.542199,
          46.5355895
        ]
      },
      "id": "way/475404779"
    },
    {
      "type": "Feature",
      "properties": {
        "@id": "way/476054681",
        "castle_type": "defensive",
        "historic": "castle",
        "image": "https://upload.wikimedia.org/wikipedia/commons/thumb/f/fc/Ringgenberg_Kirche_und_Burgruine_DSC06225.jpg/800px-Ringgenberg_Kirche_und_Burgruine_DSC06225.jpg",
        "name": "Burgruine Ringgenberg",
        "ruins": "yes",
        "source": "local_knowledge",
        "wikidata": "Q1483036",
        "wikimedia_commons": "Category:Kirche und Burgruine Ringgenberg",
        "wikipedia": "de:Ruine Ringgenberg (Bern)",
        "@geometry": "center"
      },
      "geometry": {
        "type": "Point",
        "coordinates": [
          7.8968558,
          46.7009512
        ]
      },
      "id": "way/476054681"
    },
    {
      "type": "Feature",
      "properties": {
        "@id": "way/482186765",
        "addr:city": "Gilly",
        "addr:housenumber": "2",
        "addr:street": "Route de Vincy",
        "building": "yes",
        "castle_type": "stately",
        "historic": "castle",
        "wikidata": "Q2971040",
        "@geometry": "center"
      },
      "geometry": {
        "type": "Point",
        "coordinates": [
          6.301044,
          46.4621708
        ]
      },
      "id": "way/482186765"
    },
    {
      "type": "Feature",
      "properties": {
        "@id": "node/491527188",
        "castle_type": "stately",
        "historic": "castle",
        "name": "Château de Gorgier",
        "wikidata": "Q5586285",
        "wikipedia": "en:Gorgier Castle"
      },
      "geometry": {
        "type": "Point",
        "coordinates": [
          6.7857559,
          46.908318
        ]
      },
      "id": "node/491527188"
    },
    {
      "type": "Feature",
      "properties": {
        "@id": "node/495077298",
        "castle_type": "defensive",
        "castle_type:de": "burgruine",
        "historic": "castle",
        "name": "Ruine Rotenfluh",
        "ruins": "yes",
        "tourism": "attraction",
        "wikidata": "Q67772034"
      },
      "geometry": {
        "type": "Point",
        "coordinates": [
          7.8644699,
          46.6533468
        ]
      },
      "id": "node/495077298"
    },
    {
      "type": "Feature",
      "properties": {
        "@id": "way/502779612",
        "building": "yes",
        "castle_type": "defensive",
        "historic": "castle",
        "name": "Château de Morges",
        "phone": "+41 21 316 09 90",
        "start_date": "1286",
        "website": "https://www.chateau-morges.ch/le-chateau/",
        "wikidata": "Q1108722",
        "wikimedia_commons": "Category:Château de Morges",
        "wikipedia": "fr:Château de Morges",
        "@geometry": "center"
      },
      "geometry": {
        "type": "Point",
        "coordinates": [
          6.4967047,
          46.5066945
        ]
      },
      "id": "way/502779612"
    },
    {
      "type": "Feature",
      "properties": {
        "@id": "node/513751098",
        "access": "yes",
        "castle_type": "defensive",
        "description": "Ehemalige Burg der Ritter v. Werdegg, 1383 Besitz der Herren v. Breitenlandenberg, später der Herren v. Hinwil, 1444 von den Eidgenossen zerstört. 1892, 1902 Ausgrabungen. (Quelle: Burgenverein.ch)",
        "ele": "705",
        "historic": "castle",
        "historic:civilization": "medieval",
        "name": "Burgstelle Werdegg",
        "start_date": "C13",
        "wikidata": "Q102884812",
        "wikipedia": "de:Burg Werdegg"
      },
      "geometry": {
        "type": "Point",
        "coordinates": [
          8.8329079,
          47.3668948
        ]
      },
      "id": "node/513751098"
    },
    {
      "type": "Feature",
      "properties": {
        "@id": "way/540638969",
        "access": "customers",
        "addr:city": "Eclépens",
        "addr:housenumber": "3",
        "addr:postcode": "1312",
        "addr:street": "Château d'En-Haut",
        "castle_type": "manor",
        "description": "Eines der ältesten Weingüter der Schweiz",
        "email": "info@chateau-eclepens.ch",
        "historic": "castle",
        "historic:civilization": "medieval",
        "name": "Château d'Eclépens",
        "start_date": "814",
        "website": "https://www.chateau-eclepens.ch/",
        "wikidata": "Q23784238",
        "wikipedia": "de:Seigneurie d’Eclépens",
        "@geometry": "center"
      },
      "geometry": {
        "type": "Point",
        "coordinates": [
          6.5249688,
          46.6530052
        ]
      },
      "id": "way/540638969"
    },
    {
      "type": "Feature",
      "properties": {
        "@id": "way/542569938",
        "building": "ruins",
        "castle_type": "defensive",
        "historic": "castle",
        "name": "Ruina da Guardaval",
        "name:de": "Burgruine Guardaval",
        "ruins": "yes",
        "wikidata": "Q1012107",
        "@geometry": "center"
      },
      "geometry": {
        "type": "Point",
        "coordinates": [
          9.9331772,
          46.5856053
        ]
      },
      "id": "way/542569938"
    },
    {
      "type": "Feature",
      "properties": {
        "@id": "way/548140156",
        "castle_type": "manor",
        "email": "info@ritterhaus.ch",
        "historic": "castle",
        "name": "Ritterhaus Bubikon",
        "opening_hours": "Apr-Oct: Tu-Fr 13:00-17:00; Apr-Oct: Sa,Su,PH 10:00-17:00",
        "website": "https://www.ritterhaus.ch/",
        "wikidata": "Q638821",
        "wikipedia": "de:Ritterhaus Bubikon",
        "@geometry": "center"
      },
      "geometry": {
        "type": "Point",
        "coordinates": [
          8.8280077,
          47.2664913
        ]
      },
      "id": "way/548140156"
    },
    {
      "type": "Feature",
      "properties": {
        "@id": "node/552402325",
        "addr:full": "Ruine Alt-Oberhofen, 3653 Oberhofen am Thunersee",
        "alt_name": "Burg Alt-Oberhofen",
        "castle_type": "defensive",
        "ele": "677",
        "historic": "castle",
        "image": "https://upload.wikimedia.org/wikipedia/commons/thumb/0/0a/Burg_Balm_Burghuegel_Oberhofen_am_Thunersee.jpg/800px-Burg_Balm_Burghuegel_Oberhofen_am_Thunersee.jpg",
        "name": "Ruine Alt Oberhofen",
        "ruins": "yes",
        "wikidata": "Q1010722",
        "wikimedia_commons": "Category:Burgruine Alt-Oberhofen",
        "wikipedia": "de:Burg Alt-Oberhofen"
      },
      "geometry": {
        "type": "Point",
        "coordinates": [
          7.6740598,
          46.7327103
        ]
      },
      "id": "node/552402325"
    },
    {
      "type": "Feature",
      "properties": {
        "@id": "way/560230132",
        "historic": "ruins",
        "name": "Castrum Romain",
        "ruins": "castle",
        "wikimedia_commons": "File:Castrum-Romain-map.jpg",
        "@geometry": "center"
      },
      "geometry": {
        "type": "Point",
        "coordinates": [
          5.9679338,
          46.1379071
        ]
      },
      "id": "way/560230132"
    },
    {
      "type": "Feature",
      "properties": {
        "@id": "way/561626450",
        "castle_type": "defensive",
        "ele": "1253",
        "historic": "castle",
        "name": "Ruine Greifenstein",
        "ruins": "yes",
        "wikidata": "Q258518",
        "wikipedia": "de:Burg_Greifenstein_(Filisur)",
        "@geometry": "center"
      },
      "geometry": {
        "type": "Point",
        "coordinates": [
          9.6929059,
          46.6759929
        ]
      },
      "id": "way/561626450"
    },
    {
      "type": "Feature",
      "properties": {
        "@id": "way/571122833",
        "access": "permissive",
        "castle_type": "defensive",
        "historic": "castle",
        "historic:civilization": "medieval",
        "name": "Schloss Grüningen",
        "website": "https://www.schlossgrueningen.ch/",
        "wheelchair": "yes",
        "wikidata": "Q2241325",
        "wikipedia": "de:Schloss Grüningen (Schweiz)",
        "@geometry": "center"
      },
      "geometry": {
        "type": "Point",
        "coordinates": [
          8.7617137,
          47.2846656
        ]
      },
      "id": "way/571122833"
    },
    {
      "type": "Feature",
      "properties": {
        "@id": "node/572206579",
        "access": "yes",
        "castle_type": "defensive",
        "historic": "castle",
        "historic:civilization": "medieval",
        "name": "Burg Gräpplang",
        "opening_hours": "24/7",
        "ruins": "yes",
        "wikidata": "Q1012088",
        "wikipedia": "de:Burg Gräpplang"
      },
      "geometry": {
        "type": "Point",
        "coordinates": [
          9.3320483,
          47.1029189
        ]
      },
      "id": "node/572206579"
    },
    {
      "type": "Feature",
      "properties": {
        "@id": "node/573262035",
        "access": "yes",
        "archaeological_site": "fortification",
        "castle_type": "defensive",
        "historic": "castle",
        "historic:civilization": "medieval",
        "name": "Wildenburg",
        "ruins": "yes",
        "wikidata": "Q1014600",
        "wikipedia": "de:Burg Wildenburg (Zug)"
      },
      "geometry": {
        "type": "Point",
        "coordinates": [
          8.5571651,
          47.176796
        ]
      },
      "id": "node/573262035"
    },
    {
      "type": "Feature",
      "properties": {
        "@id": "way/588501280",
        "building": "yes",
        "castle_type": "defensive",
        "historic": "castle",
        "name": "Burg Bernegg",
        "ruins": "no",
        "wikidata": "Q1010967",
        "wikipedia": "en:Bernegg Castle, Graubünden",
        "@geometry": "center"
      },
      "geometry": {
        "type": "Point",
        "coordinates": [
          9.5965057,
          46.8413293
        ]
      },
      "id": "way/588501280"
    },
    {
      "type": "Feature",
      "properties": {
        "@id": "way/588504451",
        "building": "ruins",
        "castle_type": "defensive",
        "historic": "castle",
        "name": "Burg Grafenberg",
        "wikidata": "Q1012010",
        "wikipedia": "de:Burg Grafenberg",
        "@geometry": "center"
      },
      "geometry": {
        "type": "Point",
        "coordinates": [
          9.5130834,
          47.0460987
        ]
      },
      "id": "way/588504451"
    },
    {
      "type": "Feature",
      "properties": {
        "@id": "way/588505971",
        "access": "yes",
        "alt_name": "Ruina da Frundsberg",
        "building": "ruins",
        "castle_type": "defensive",
        "historic": "castle",
        "historic:civilization": "medieval",
        "name": "Burg Frauenberg",
        "ruins": "yes",
        "website": "https://www.pro-castellis.ch/ruine-frauenberg.shtml",
        "wikidata": "Q1011782",
        "wikipedia": "de:Burg_Frauenberg_(Ruschein)",
        "@geometry": "center"
      },
      "geometry": {
        "type": "Point",
        "coordinates": [
          9.1885556,
          46.7841619
        ]
      },
      "id": "way/588505971"
    },
    {
      "type": "Feature",
      "properties": {
        "@id": "way/589308329",
        "access": "customers",
        "addr:city": "Coppet",
        "addr:housenumber": "2",
        "addr:street": "Route de la Gare",
        "building": "yes",
        "castle_type": "stately",
        "fee": "yes",
        "historic": "castle",
        "name": "Château de Coppet",
        "opening_hours": "Apr 01-Oct 31: Tu-Su 14:00-18:00",
        "website": "https://www.chateaudecoppet.ch/",
        "wikidata": "Q2969038",
        "wikipedia": "fr:Château de Coppet",
        "@geometry": "center"
      },
      "geometry": {
        "type": "Point",
        "coordinates": [
          6.1918631,
          46.3171275
        ]
      },
      "id": "way/589308329"
    },
    {
      "type": "Feature",
      "properties": {
        "@id": "way/589310653",
        "building": "yes",
        "castle_type": "defensive",
        "historic": "castle",
        "name": "Cartatscha",
        "ruins": "yes",
        "wikidata": "Q1011319",
        "wikipedia": "de:Burg Cartatscha",
        "@geometry": "center"
      },
      "geometry": {
        "type": "Point",
        "coordinates": [
          8.9872995,
          46.7478709
        ]
      },
      "id": "way/589310653"
    },
    {
      "type": "Feature",
      "properties": {
        "@id": "way/589311864",
        "access": "yes",
        "building": "yes",
        "castle_type": "defensive",
        "historic": "castle",
        "historic:civilization": "medieval",
        "name": "Burgruine Castelberg",
        "ruins": "yes",
        "wikidata": "Q1011323",
        "wikipedia": "de:Burg Castelberg",
        "@geometry": "center"
      },
      "geometry": {
        "type": "Point",
        "coordinates": [
          9.2098064,
          46.7566097
        ]
      },
      "id": "way/589311864"
    },
    {
      "type": "Feature",
      "properties": {
        "@id": "way/589327134",
        "castle_type": "fortress",
        "description": "Militärische Anlagen und Wehrbauten / Wehrbauten / Archäologische Objekte / Mittelalter",
        "heritage": "2",
        "heritage:operator": "Kulturgüterschutz KGS",
        "historic": "castle",
        "name": "Kleine Schanze",
        "protect_class": "22",
        "ref": "10477",
        "ruins": "yes",
        "wikidata": "Q29521337",
        "@geometry": "center"
      },
      "geometry": {
        "type": "Point",
        "coordinates": [
          9.5306268,
          47.0294711
        ]
      },
      "id": "way/589327134"
    },
    {
      "type": "Feature",
      "properties": {
        "@id": "way/589327750",
        "access": "yes",
        "castle_type": "defensive",
        "historic": "castle",
        "historic:civilization": "medieval",
        "name": "Burg La Tur",
        "ruins": "yes",
        "website": "https://pro-castellis.ch/ruine-reischen-i-tur.shtml",
        "wikidata": "Q1012792",
        "wikipedia": "de:Burg La Tur",
        "@geometry": "center"
      },
      "geometry": {
        "type": "Point",
        "coordinates": [
          9.4561963,
          46.6400594
        ]
      },
      "id": "way/589327750"
    },
    {
      "type": "Feature",
      "properties": {
        "@id": "way/589421124",
        "access": "private",
        "building": "yes",
        "castle_type": "defensive",
        "historic": "castle",
        "historic:civilization": "medieval",
        "name": "Burg Pontaningen",
        "ruins": "yes",
        "website": "https://www.pro-castellis.ch/ruine-pontaningen.shtml",
        "wikidata": "Q1013513",
        "wikipedia": "de:Burg Pontaningen",
        "@geometry": "center"
      },
      "geometry": {
        "type": "Point",
        "coordinates": [
          8.7469752,
          46.6704687
        ]
      },
      "id": "way/589421124"
    },
    {
      "type": "Feature",
      "properties": {
        "@id": "node/592526781",
        "castle_type": "defensive",
        "historic": "castle",
        "historic:civilization": "medieval",
        "name": "Château de Pleujouse",
        "name:fr": "Château de Pleujouse",
        "ruins": "yes",
        "toilets:wheelchair": "no",
        "wheelchair": "no",
        "wikidata": "Q2970241",
        "wikipedia": "fr:Château de Pleujouse"
      },
      "geometry": {
        "type": "Point",
        "coordinates": [
          7.2117241,
          47.4117152
        ]
      },
      "id": "node/592526781"
    },
    {
      "type": "Feature",
      "properties": {
        "@id": "way/595556945",
        "archaeological_site": "fortification",
        "castle_type": "defensive",
        "description": "Es sind kaum noch Mauern sichtbar.",
        "historic": "castle",
        "name": "Ruine Manegg",
        "ruins": "yes",
        "source": "survey;gps",
        "wikidata": "Q691236",
        "wikimedia_commons": "Category:Burg Manegg",
        "wikipedia": "de:Burg Manegg",
        "@geometry": "center"
      },
      "geometry": {
        "type": "Point",
        "coordinates": [
          8.5101542,
          47.3368572
        ]
      },
      "id": "way/595556945"
    },
    {
      "type": "Feature",
      "properties": {
        "@id": "way/596079024",
        "addr:city": "Arlesheim",
        "addr:country": "CH",
        "addr:housenumber": "40",
        "addr:postcode": "4144",
        "addr:street": "Reichensteinweg",
        "building": "yes",
        "castle_type": "castle",
        "description": "Not accessible (privately owned), but available for rent for events up to 50 people (weddings etc.)",
        "historic": "castle",
        "historic:civilization": "medieval",
        "name": "Burg Reichenstein",
        "wikidata": "Q683914",
        "wikipedia": "de:Burg Reichenstein (Schweiz)",
        "@geometry": "center"
      },
      "geometry": {
        "type": "Point",
        "coordinates": [
          7.628957,
          47.4968021
        ]
      },
      "id": "way/596079024"
    },
    {
      "type": "Feature",
      "properties": {
        "@id": "node/601484095",
        "alt_name": "Burg Kindhausen",
        "castle_type": "defensive",
        "historic": "castle",
        "name": "Ruine Kindhausen",
        "ruins": "yes",
        "source": "knowledge",
        "wikidata": "Q2175329",
        "wikipedia": "de:Ruine Kindhausen"
      },
      "geometry": {
        "type": "Point",
        "coordinates": [
          8.366162,
          47.3901874
        ]
      },
      "id": "node/601484095"
    },
    {
      "type": "Feature",
      "properties": {
        "@id": "way/604989410",
        "access": "yes",
        "castle_type": "defensive",
        "historic": "castle",
        "historic:civilization": "medieval",
        "name": "Ruine Schnabelburg",
        "ruins": "yes",
        "source": "survey;gps;bing",
        "wikidata": "Q2246884",
        "wikimedia_commons": "Category:Ruine Schnabelburg (Albis)",
        "wikipedia": "de:Schnabelburg (Albis)",
        "@geometry": "center"
      },
      "geometry": {
        "type": "Point",
        "coordinates": [
          8.5333978,
          47.2631613
        ]
      },
      "id": "way/604989410"
    },
    {
      "type": "Feature",
      "properties": {
        "@id": "way/606832444",
        "access": "private",
        "addr:full": "Schauenburg 16, 4402 Frenkendorf",
        "castle_type": "defensive",
        "historic": "castle",
        "name": "Neu-Schauenburg",
        "ruins": "yes",
        "source": "Bing;survey",
        "website": "https://www.burgenwelt.org/schweiz/neu_schauenburg/object.php",
        "wikidata": "Q2175365",
        "wikipedia:de": "Ruine Neu-Schauenburg",
        "@geometry": "center"
      },
      "geometry": {
        "type": "Point",
        "coordinates": [
          7.6823249,
          47.5005703
        ]
      },
      "id": "way/606832444"
    },
    {
      "type": "Feature",
      "properties": {
        "@id": "way/610337211",
        "access": "yes",
        "castle_type": "defensive",
        "description": "Wohnbauten und ihre Nebenanlagen / Burgruinen / Archäologische Objekte / Mittelalter",
        "heritage": "2",
        "heritage:operator": "Kulturgüterschutz KGS",
        "historic": "castle",
        "historic:civilization": "medieval",
        "name": "Ruine Wartenstein",
        "protect_class": "22",
        "ref": "8225",
        "ruins": "yes",
        "tourism": "attraction",
        "wikidata": "Q1014494",
        "wikimedia_commons": "Category:Burg Wartenstein Pfäfers",
        "wikipedia:de": "Burg Wartenstein (Pfäfers)",
        "@geometry": "center"
      },
      "geometry": {
        "type": "Point",
        "coordinates": [
          9.5108933,
          46.9941956
        ]
      },
      "id": "way/610337211"
    },
    {
      "type": "Feature",
      "properties": {
        "@id": "way/624220303",
        "access": "customers",
        "addr:city": "Konolfingen",
        "addr:country": "CH",
        "addr:housenumber": "9",
        "addr:postcode": "3510",
        "addr:street": "Freimettigenstrasse",
        "building": "yes",
        "castle_type": "stately",
        "ele": "656",
        "historic": "castle",
        "name": "Schloss Hünigen",
        "wikidata": "Q1423722",
        "wikipedia": "de:Schloss Hünigen",
        "@geometry": "center"
      },
      "geometry": {
        "type": "Point",
        "coordinates": [
          7.6227446,
          46.8728062
        ]
      },
      "id": "way/624220303"
    },
    {
      "type": "Feature",
      "properties": {
        "@id": "way/633300212",
        "access": "yes",
        "building": "yes",
        "castle_type": "defensive",
        "description": "Bergfried mit Resten der Umfassungsmauer. Erb. wohl um 1200 durch die Grafen v. Habsburg-Laufenburg, 1408 an Österreich, 1443 durch die Eidgenossen verwüstet, im 18. Jh. aufgelassen. Urspr. Standort eines spätröm. Wachtturmes. (Quelle: Burgenverein.ch)",
        "historic": "castle",
        "historic:civilization": "medieval",
        "image": "https://de.wikipedia.org/wiki/Ruine_Laufenburg#/media/Datei:Schlossberg_Turm.jpg",
        "name": "Burg Laufenburg",
        "opening_hours": "06:00-20:00",
        "ruins": "yes",
        "wikidata": "Q2175339",
        "wikipedia": "de:Ruine Laufenburg",
        "@geometry": "center"
      },
      "geometry": {
        "type": "Point",
        "coordinates": [
          8.0609534,
          47.5615771
        ]
      },
      "id": "way/633300212"
    },
    {
      "type": "Feature",
      "properties": {
        "@id": "way/638886635",
        "access": "customers",
        "castle_type": "stately",
        "historic": "castle",
        "name": "Schloss Wartegg",
        "website": "https://wartegg.ch/",
        "wikidata": "Q1595081",
        "wikipedia": "de:Schloss Wartegg",
        "@geometry": "center"
      },
      "geometry": {
        "type": "Point",
        "coordinates": [
          9.5296295,
          47.4779212
        ]
      },
      "id": "way/638886635"
    },
    {
      "type": "Feature",
      "properties": {
        "@id": "way/641727558",
        "access": "private",
        "addr:city": "Staad SG",
        "addr:housenumber": "18",
        "addr:postcode": "9422",
        "addr:street": "Risegg",
        "building": "yes",
        "castle_type": "stately",
        "description": "Um 1605 für Leonhard Zollikofer erbaut. Im Mittelalter stand an dieser Stelle eine Burg, die 1499 zerstört wurde. Heute privates Altersheim. (Quelle: Burgenverein.ch)",
        "historic": "castle",
        "historic:civilization": "medieval",
        "name": "Schlössli Risegg",
        "wikidata": "Q29786913",
        "@geometry": "center"
      },
      "geometry": {
        "type": "Point",
        "coordinates": [
          9.5411408,
          47.4789882
        ]
      },
      "id": "way/641727558"
    },
    {
      "type": "Feature",
      "properties": {
        "@id": "way/643156721",
        "castle_type": "stately",
        "historic": "castle",
        "name": "Schloss Binningen",
        "wikidata": "Q2240295",
        "wikipedia": "de:Schloss Binningen (Schweiz)",
        "@geometry": "center"
      },
      "geometry": {
        "type": "Point",
        "coordinates": [
          7.5746157,
          47.5368309
        ]
      },
      "id": "way/643156721"
    },
    {
      "type": "Feature",
      "properties": {
        "@id": "node/656676880",
        "castle_type": "tower",
        "historic": "castle",
        "historic:civilization": "medieval",
        "name": "Tour du Vully",
        "ruins": "no",
        "wikidata": "Q29890498",
        "wikimedia_commons": "File:Picswiss_VD-48-42.jpg"
      },
      "geometry": {
        "type": "Point",
        "coordinates": [
          7.0382942,
          46.8798323
        ]
      },
      "id": "node/656676880"
    },
    {
      "type": "Feature",
      "properties": {
        "@id": "way/659053224",
        "access": "yes",
        "addr:city": "Sonvilier",
        "building": "yes",
        "castle_type": "defensive",
        "description": "Ancien résidence des seigneurs d'Arguel (près de Besançon) comme châtelains des comtes de Neuchâtel-Valangin, passa en 1264 à l'évèque de Bâle, fut détruit par les Bernois en 1368, puis rebâti et abandonné dès 1606. (Source: Burgenverein.ch)",
        "historic": "castle",
        "historic:civilization": "medieval",
        "name": "Ruines du Château d'Erguel",
        "ruins": "yes",
        "wikidata": "Q2968214",
        "wikipedia": "fr:Château d'Erguel",
        "@geometry": "center"
      },
      "geometry": {
        "type": "Point",
        "coordinates": [
          6.9779043,
          47.1357626
        ]
      },
      "id": "way/659053224"
    },
    {
      "type": "Feature",
      "properties": {
        "@id": "way/661023161",
        "addr:city": "Curtilles",
        "addr:housenumber": "1",
        "addr:street": "Chemin du Château",
        "building": "yes",
        "castle_type": "stately",
        "historic": "castle",
        "name": "Château de Curtilles",
        "name:de": "Schloss Curtilles",
        "name:en": "Curtilles Castle",
        "postal_code": "1521",
        "wikidata": "Q2969099",
        "@geometry": "center"
      },
      "geometry": {
        "type": "Point",
        "coordinates": [
          6.8481338,
          46.6982526
        ]
      },
      "id": "way/661023161"
    },
    {
      "type": "Feature",
      "properties": {
        "@id": "way/661453109",
        "building": "yes",
        "castle_type": "stately",
        "historic": "castle",
        "wikidata": "Q29890695",
        "@geometry": "center"
      },
      "geometry": {
        "type": "Point",
        "coordinates": [
          6.7424425,
          46.6049424
        ]
      },
      "id": "way/661453109"
    },
    {
      "type": "Feature",
      "properties": {
        "@id": "way/662747593",
        "building": "yes",
        "castle_type": "stately",
        "contact:addr": "Thorberg 48, 3326 Krauchthal",
        "ele": "656",
        "heritage": "3",
        "heritage:operator": "babs",
        "historic": "castle",
        "historic:civilization": "medieval",
        "name": "Schloss Thorberg",
        "note": "GS-Nr: Nummer des Kulturgutes, zu finden in den KGS-Listen des Bundes und der Kantone. BABS: Bundesamt für Bevölkerungsschutz - Bauinventar Kanton Bern: https://apps.dynasphere.de/0001/report/rep_OBJEKT_bauinventar_bauinventar_199003.pdf",
        "ref:kgs": "1008",
        "wikidata": "Q1672795",
        "wikimedia_commons": "Category:Schloss Thorberg",
        "wikipedia": "de:Schloss Thorberg",
        "@geometry": "center"
      },
      "geometry": {
        "type": "Point",
        "coordinates": [
          7.5646619,
          47.0026065
        ]
      },
      "id": "way/662747593"
    },
    {
      "type": "Feature",
      "properties": {
        "@id": "way/665916555",
        "addr:street": "Rue du Bourg",
        "building": "yes",
        "castle_type": "manor",
        "historic": "castle",
        "name": "Château de Carrouge",
        "wikidata": "Q29891248",
        "@geometry": "center"
      },
      "geometry": {
        "type": "Point",
        "coordinates": [
          6.7927618,
          46.6689509
        ]
      },
      "id": "way/665916555"
    },
    {
      "type": "Feature",
      "properties": {
        "@id": "way/668708029",
        "building": "yes",
        "historic": "castle",
        "name": "Château de Villarzel",
        "wikidata": "Q56302317",
        "@geometry": "center"
      },
      "geometry": {
        "type": "Point",
        "coordinates": [
          6.9162926,
          46.7515497
        ]
      },
      "id": "way/668708029"
    },
    {
      "type": "Feature",
      "properties": {
        "@id": "way/669375216",
        "addr:city": "Middes",
        "addr:housenumber": "22",
        "addr:postcode": "1749",
        "addr:street": "Chemin du Château",
        "building": "yes",
        "historic": "castle",
        "name": "Château Griset de Forel",
        "wikidata": "Q5609635",
        "wikipedia:de": "Schloss Griset de Forel",
        "wikipedia:en": "Griset de Forel Castle",
        "wikipedia:fr": "Château Griset de Forel",
        "@geometry": "center"
      },
      "geometry": {
        "type": "Point",
        "coordinates": [
          6.9465177,
          46.7684401
        ]
      },
      "id": "way/669375216"
    },
    {
      "type": "Feature",
      "properties": {
        "@id": "way/679948475",
        "addr:full": "Dorfstrasse 21-23, 3123 Belp",
        "building": "yes",
        "castle_type": "stately",
        "heritage": "3",
        "heritage:operator": "babs",
        "historic": "castle",
        "image": "https://upload.wikimedia.org/wikipedia/commons/thumb/3/37/B-Belp-Schloss.jpg/800px-B-Belp-Schloss.jpg",
        "name": "Schloss Belp",
        "note": "KGS-Nr: Nummer des Kulturgutes, zu finden in den KGS-Listen des Bundes und der Kantone. BABS: Bundesamt für Bevölkerungsschutz.",
        "ref:kgs": "602",
        "wikidata": "Q2240246",
        "wikimedia_commons": "Category:Schloss Belp",
        "wikipedia:de": "Schloss Belp",
        "wikipedia:en": "Belp Castle",
        "@geometry": "center"
      },
      "geometry": {
        "type": "Point",
        "coordinates": [
          7.4992689,
          46.8918032
        ]
      },
      "id": "way/679948475"
    },
    {
      "type": "Feature",
      "properties": {
        "@id": "way/680958659",
        "addr:city": "Belp",
        "addr:country": "CH",
        "addr:housenumber": "120",
        "addr:postcode": "3123",
        "alt_name": "Schloss Oberried",
        "building": "yes",
        "building:material": "stone",
        "castle_type": "stately",
        "contact:email": "campagne-oberried@bluewin.ch",
        "contact:fax": "+41 31 8198047",
        "contact:phone": "+41 31 8198048",
        "ele": "566",
        "heritage": "2",
        "heritage:operator": "babs",
        "historic": "castle",
        "image": "https://upload.wikimedia.org/wikipedia/commons/thumb/e/e5/Campagna_Oberried01843.jpg/800px-Campagna_Oberried01843.jpg",
        "layer": "1",
        "name": "Campagne Oberried",
        "name:en": "Oberried Estate",
        "note": "KGS-Nr: Nummer des Kulturgutes, zu finden in den KGS-Listen des Bundes und der Kantone. BABS: Bundesamt für Bevölkerungsschutz",
        "old_name": "Gut Oberried",
        "ref:kgs": "605",
        "source:addr": "Gebäudeadressen des Kantons Bern © Amt für Geoinformation des Kantons Bern",
        "website": "https://www.campagne-oberried.ch",
        "wikidata": "Q1030112",
        "wikimedia_commons": "Category:Schloss Oberried",
        "wikipedia": "de:Campagne Oberried",
        "@geometry": "center"
      },
      "geometry": {
        "type": "Point",
        "coordinates": [
          7.4946381,
          46.8886866
        ]
      },
      "id": "way/680958659"
    },
    {
      "type": "Feature",
      "properties": {
        "@id": "way/684198873",
        "building": "yes",
        "castle_type": "stately",
        "historic": "castle",
        "wikidata": "Q29890861",
        "wikimedia_commons": "Category:Castle of Goumoens-la-Ville",
        "@geometry": "center"
      },
      "geometry": {
        "type": "Point",
        "coordinates": [
          6.6044298,
          46.6568753
        ]
      },
      "id": "way/684198873"
    },
    {
      "type": "Feature",
      "properties": {
        "@id": "way/687547629",
        "addr:city": "Gampelen",
        "addr:country": "CH",
        "addr:housenumber": "6",
        "addr:postcode": "3236",
        "addr:street": "Neuenburgstrasse",
        "building": "yes",
        "castle_type": "stately",
        "historic": "castle",
        "name": "Schloss Gampelen",
        "wikidata": "Q2241139",
        "@geometry": "center"
      },
      "geometry": {
        "type": "Point",
        "coordinates": [
          7.0572133,
          47.0151846
        ]
      },
      "id": "way/687547629"
    },
    {
      "type": "Feature",
      "properties": {
        "@id": "way/693069805",
        "access": "private",
        "building": "yes",
        "castle_type": "stately",
        "contact:addr": "Holligenstrasse 44-46, 3008 Bern",
        "contact:email": "info@schlossholligen.ch",
        "description": "Heutiges Schloss ist aus dem 15 Jahrhundert und wurde in der Folge mehrfach um- und ausgebaut.",
        "heritage": "2",
        "heritage:operator": "babs",
        "historic": "castle",
        "historic:civilization": "medieval",
        "image": "https://upload.wikimedia.org/wikipedia/commons/thumb/b/b9/Schloss_Holligen_SC05808.jpg/800px-Schloss_Holligen_SC05808.jpg",
        "name": "Schloss Holligen",
        "name:de": "Schloss Holligen",
        "name:en": "Holligen Castle",
        "name:fr": "Château Holligen",
        "name:it": "Castello Holligen",
        "note": "KGS-Nr: Nummer des Kulturgutes, zu finden in den KGS-Listen des Bundes und der Kantone.",
        "ref:kgs": "00721",
        "website": "https://www.schlossholligen.ch/",
        "wikidata": "Q2241642",
        "wikimedia_commons": "Category:Schloss Holligen",
        "wikipedia": "de:Schloss Holligen",
        "@geometry": "center"
      },
      "geometry": {
        "type": "Point",
        "coordinates": [
          7.4184922,
          46.9435681
        ]
      },
      "id": "way/693069805"
    },
    {
      "type": "Feature",
      "properties": {
        "@id": "node/699050152",
        "access": "yes",
        "castle_type": "defensive",
        "fee": "no",
        "historic": "castle",
        "historic:civilization": "medieval",
        "name": "Burgruine Moosburg",
        "ruins": "yes",
        "wheelchair": "limited",
        "wikidata": "Q1421777",
        "wikipedia": "de:Moosburg (Effretikon)"
      },
      "geometry": {
        "type": "Point",
        "coordinates": [
          8.6905463,
          47.4247768
        ]
      },
      "id": "node/699050152"
    },
    {
      "type": "Feature",
      "properties": {
        "@id": "way/711052339",
        "access": "no",
        "addr:city": "Luins",
        "addr:housenumber": "23",
        "addr:street": "Route du Village",
        "building": "yes",
        "castle_type": "stately",
        "historic": "castle",
        "name": "Château de Luins",
        "wikidata": "Q9316466",
        "wikipedia": "fr:Château de Luins",
        "@geometry": "center"
      },
      "geometry": {
        "type": "Point",
        "coordinates": [
          6.2715539,
          46.4443639
        ]
      },
      "id": "way/711052339"
    },
    {
      "type": "Feature",
      "properties": {
        "@id": "way/711101878",
        "addr:city": "Vinzel",
        "addr:housenumber": "23",
        "addr:street": "Route du Collège",
        "building": "yes",
        "castle_type": "stately",
        "historic": "castle",
        "name": "Château La Bâtie",
        "wikidata": "Q29891630",
        "@geometry": "center"
      },
      "geometry": {
        "type": "Point",
        "coordinates": [
          6.276585,
          46.4490148
        ]
      },
      "id": "way/711101878"
    },
    {
      "type": "Feature",
      "properties": {
        "@id": "way/711355192",
        "addr:city": "Gingins",
        "addr:housenumber": "10",
        "addr:street": "Rue de l'Eglise",
        "building": "yes",
        "castle_type": "stately",
        "historic": "castle",
        "name": "Gingins Schloss",
        "wikidata": "Q29890845",
        "wikimedia_commons": "Category:Château avec fontaine (Gingins)",
        "@geometry": "center"
      },
      "geometry": {
        "type": "Point",
        "coordinates": [
          6.1800343,
          46.4092928
        ]
      },
      "id": "way/711355192"
    },
    {
      "type": "Feature",
      "properties": {
        "@id": "way/711583788",
        "addr:city": "Bursins",
        "addr:housenumber": "8a",
        "addr:street": "Chemin du Rosey",
        "building": "yes",
        "castle_type": "stately",
        "historic": "castle",
        "name": "Château du Rosey",
        "wikidata": "Q29890610",
        "@geometry": "center"
      },
      "geometry": {
        "type": "Point",
        "coordinates": [
          6.2886202,
          46.4542156
        ]
      },
      "id": "way/711583788"
    },
    {
      "type": "Feature",
      "properties": {
        "@id": "way/711583804",
        "addr:city": "Gilly",
        "addr:housenumber": "7",
        "addr:street": "Saint-Vincent",
        "building": "yes",
        "castle_type": "stately",
        "historic": "castle",
        "name": "Château St-Vincent",
        "wikidata": "Q29890842",
        "@geometry": "center"
      },
      "geometry": {
        "type": "Point",
        "coordinates": [
          6.2913407,
          46.4554004
        ]
      },
      "id": "way/711583804"
    },
    {
      "type": "Feature",
      "properties": {
        "@id": "way/711950003",
        "building": "yes",
        "castle_type": "stately",
        "historic": "castle",
        "name": "Château de Dully",
        "name:de": "Schloss Dully",
        "name:en": "Dully Castle",
        "wikidata": "Q2969164",
        "@geometry": "center"
      },
      "geometry": {
        "type": "Point",
        "coordinates": [
          6.294991,
          46.4294419
        ]
      },
      "id": "way/711950003"
    },
    {
      "type": "Feature",
      "properties": {
        "@id": "way/712117024",
        "access": "yes",
        "castle_type": "defensive",
        "historic": "ruins",
        "historic:civilization": "medieval",
        "name": "Ruine Helfenberg",
        "ruins": "castle",
        "wikidata": "Q1012276",
        "wikipedia": "de:Burg Helfenberg (St. Gallen)",
        "@geometry": "center"
      },
      "geometry": {
        "type": "Point",
        "coordinates": [
          9.2213112,
          47.401993
        ]
      },
      "id": "way/712117024"
    },
    {
      "type": "Feature",
      "properties": {
        "@id": "way/713783276",
        "access": "private",
        "addr:city": "Rolle",
        "addr:housenumber": "1",
        "addr:street": "Rue de Bugnaux",
        "building": "yes",
        "castle_type": "stately",
        "historic": "castle",
        "name": "Château de Favières",
        "website": "https://chateau-de-favieres.ch/",
        "wikidata": "Q67772726",
        "@geometry": "center"
      },
      "geometry": {
        "type": "Point",
        "coordinates": [
          6.3178118,
          46.4727588
        ]
      },
      "id": "way/713783276"
    },
    {
      "type": "Feature",
      "properties": {
        "@id": "way/720484115",
        "addr:city": "Grono",
        "addr:country": "CH",
        "addr:housenumber": "2",
        "addr:postcode": "6537",
        "addr:street": "Carà Torr Fiorenzana",
        "building": "yes",
        "castle_type": "tower",
        "historic": "castle",
        "name": "Torre Fiorenzana",
        "wikidata": "Q29521355",
        "wikipedia": "it:Torre Fiorenzana",
        "@geometry": "center"
      },
      "geometry": {
        "type": "Point",
        "coordinates": [
          9.1502486,
          46.2501821
        ]
      },
      "id": "way/720484115"
    },
    {
      "type": "Feature",
      "properties": {
        "@id": "way/721007754",
        "building": "yes",
        "castle_type": "defensive",
        "historic": "castle",
        "man_made": "tower",
        "name": "Torre di Beffan",
        "tower:construction": "stone",
        "tower:type": "defensive",
        "wikidata": "Q66900108",
        "wikipedia": "it:Torre di Beffan",
        "@geometry": "center"
      },
      "geometry": {
        "type": "Point",
        "coordinates": [
          9.1337526,
          46.239878
        ]
      },
      "id": "way/721007754"
    },
    {
      "type": "Feature",
      "properties": {
        "@id": "way/723510375",
        "access": "yes",
        "addr:city": "Giswil",
        "addr:postcode": "6074",
        "addr:street": "Hofstrasse",
        "building": "yes",
        "castle_type": "defensive",
        "historic": "castle",
        "name": "Burgruine Rosenberg",
        "ruins": "yes",
        "wikidata": "Q29034142",
        "wikipedia:de": "Turmruine Rosenberg",
        "wikipedia:en": "Rosenberg Castle (Obwalden)",
        "@geometry": "center"
      },
      "geometry": {
        "type": "Point",
        "coordinates": [
          8.1555051,
          46.8320568
        ]
      },
      "id": "way/723510375"
    },
    {
      "type": "Feature",
      "properties": {
        "@id": "way/726136104",
        "access": "yes",
        "castle_type": "defensive",
        "description": "1.Hälfte 13. Jh. Neubau durch die Freiherren v. Attinghausen-Schweinsberg, um 1240 Zentrum einer grossen Grundherrschaft, 1358 durch Brand zerstört. 1897/98 ausgegraben und konserviert, 1979 archäol. untersucht. (Quelle: Burgenverein.ch)",
        "historic": "castle",
        "historic:civilization": "medieval",
        "name": "Burgruine Attinghausen",
        "ruins": "yes",
        "wikidata": "Q4818521",
        "wikipedia": "de:Burgruine Attinghausen",
        "@geometry": "center"
      },
      "geometry": {
        "type": "Point",
        "coordinates": [
          8.6298364,
          46.8621552
        ]
      },
      "id": "way/726136104"
    },
    {
      "type": "Feature",
      "properties": {
        "@id": "node/727655255",
        "castle_type": "defensive",
        "historic": "castle",
        "name": "Ruine Randenburg",
        "ruins": "yes",
        "start_date": "1200",
        "wikidata": "Q2175392",
        "wikipedia": "de:Randenburg (Randen)"
      },
      "geometry": {
        "type": "Point",
        "coordinates": [
          8.5389521,
          47.7514166
        ]
      },
      "id": "node/727655255"
    },
    {
      "type": "Feature",
      "properties": {
        "@id": "node/731424048",
        "castle_type": "stately",
        "historic": "castle",
        "name": "Schloss Wellenberg",
        "website": "https://www.schlosswellenberg.ch/",
        "wikidata": "Q17041680",
        "wikipedia": "de:Schloss Wellenberg (Frauenfeld)"
      },
      "geometry": {
        "type": "Point",
        "coordinates": [
          8.9467757,
          47.566394
        ]
      },
      "id": "node/731424048"
    },
    {
      "type": "Feature",
      "properties": {
        "@id": "way/731862679",
        "building": "yes",
        "castle_type": "manor",
        "historic": "castle",
        "historic:civilization": "medieval",
        "name": "Château de Muzot",
        "note": "En 1922, Rainer Maria Rilke s'installe définitivement dans la tour solitaire du château de Muzot, dans le Valais, près de Sierre (Suisse) qu'un mécène suisse a mise à sa disposition.",
        "start_date": "1200",
        "wikidata": "Q5118815",
        "wikipedia": "en:Château de Muzot",
        "@geometry": "center"
      },
      "geometry": {
        "type": "Point",
        "coordinates": [
          7.5401947,
          46.3064467
        ]
      },
      "id": "way/731862679"
    },
    {
      "type": "Feature",
      "properties": {
        "@id": "way/736535632",
        "addr:city": "Rolle",
        "addr:housenumber": "68",
        "addr:street": "Route de Genève",
        "building": "house",
        "castle_type": "stately",
        "historic": "castle",
        "name": "Campagne de Beaulieu",
        "wikidata": "Q2935353",
        "wikipedia": "fr:Campagne de Beaulieu",
        "@geometry": "center"
      },
      "geometry": {
        "type": "Point",
        "coordinates": [
          6.3168472,
          46.4478082
        ]
      },
      "id": "way/736535632"
    },
    {
      "type": "Feature",
      "properties": {
        "@id": "node/736649042",
        "castle_type": "defensive",
        "ele": "577",
        "historic": "castle",
        "name": "Ruine Urgiz",
        "ruins": "yes",
        "wikidata": "Q2175475",
        "wikipedia": "de:Ruine_Urgiz"
      },
      "geometry": {
        "type": "Point",
        "coordinates": [
          8.0519043,
          47.460616
        ]
      },
      "id": "node/736649042"
    },
    {
      "type": "Feature",
      "properties": {
        "@id": "way/741623766",
        "addr:city": "Prangins",
        "addr:housenumber": "116",
        "addr:street": "Route de Promenthoux",
        "alt_name": "Villa La Bergerie",
        "building": "house",
        "historic": "castle",
        "name": "Villa de Prangins",
        "wikidata": "Q104230831",
        "@geometry": "center"
      },
      "geometry": {
        "type": "Point",
        "coordinates": [
          6.2740591,
          46.3959577
        ]
      },
      "id": "way/741623766"
    },
    {
      "type": "Feature",
      "properties": {
        "@id": "way/748818889",
        "historic": "castle_wall",
        "ruins": "castle",
        "@geometry": "center"
      },
      "geometry": {
        "type": "Point",
        "coordinates": [
          7.7528886,
          47.3817198
        ]
      },
      "id": "way/748818889"
    },
    {
      "type": "Feature",
      "properties": {
        "@id": "way/748818890",
        "historic": "castle_wall",
        "ruins": "castle",
        "@geometry": "center"
      },
      "geometry": {
        "type": "Point",
        "coordinates": [
          7.7530981,
          47.3815823
        ]
      },
      "id": "way/748818890"
    },
    {
      "type": "Feature",
      "properties": {
        "@id": "way/748818891",
        "historic": "castle_wall",
        "ruins": "castle",
        "@geometry": "center"
      },
      "geometry": {
        "type": "Point",
        "coordinates": [
          7.7529468,
          47.3816212
        ]
      },
      "id": "way/748818891"
    },
    {
      "type": "Feature",
      "properties": {
        "@id": "way/748818892",
        "historic": "castle_wall",
        "ruins": "castle",
        "@geometry": "center"
      },
      "geometry": {
        "type": "Point",
        "coordinates": [
          7.7529432,
          47.3816249
        ]
      },
      "id": "way/748818892"
    },
    {
      "type": "Feature",
      "properties": {
        "@id": "way/760810008",
        "barrier": "wall",
        "boundary": "historic",
        "castle_type": "defensive",
        "historic": "castle",
        "historic:civilization": "medieval",
        "ruins": "wall",
        "wall": "stone",
        "@geometry": "center"
      },
      "geometry": {
        "type": "Point",
        "coordinates": [
          9.4441575,
          47.2304532
        ]
      },
      "id": "way/760810008"
    },
    {
      "type": "Feature",
      "properties": {
        "@id": "way/761589320",
        "access": "yes",
        "alt_name": "Brochna Burg",
        "building": "yes",
        "castle_type": "defensive",
        "description": "Wohnbauten und ihre Nebenanlagen / Burgruinen / Archäologische Objekte / Neolithikum / Bronzezeit / Mittelalter",
        "heritage": "2",
        "heritage:operator": "Kulturgüterschutz KGS",
        "historic": "castle",
        "historic:civilization": "medieval",
        "layer": "-1",
        "name": "Brochne Burg",
        "protect_class": "22",
        "ref": "8401",
        "ruins": "yes",
        "wall": "dry_stone",
        "wikidata": "Q29786964",
        "@geometry": "center"
      },
      "geometry": {
        "type": "Point",
        "coordinates": [
          9.4904731,
          47.1036688
        ]
      },
      "id": "way/761589320"
    },
    {
      "type": "Feature",
      "properties": {
        "@id": "way/762738326",
        "building": "yes",
        "castle_type": "defensive",
        "historic": "castle",
        "name": "Burgruine Klingenhorn",
        "ruins": "yes",
        "wikidata": "Q1012684",
        "wikipedia": "de:Burg Klingenhorn",
        "@geometry": "center"
      },
      "geometry": {
        "type": "Point",
        "coordinates": [
          9.5796439,
          46.9941688
        ]
      },
      "id": "way/762738326"
    },
    {
      "type": "Feature",
      "properties": {
        "@id": "node/775651213",
        "castle_type": "defensive",
        "historic": "ruins",
        "historic:civilization": "medieval",
        "name": "Burgruine Belmont",
        "ruins": "castle",
        "wheelchair": "no",
        "wikidata": "Q1010936",
        "wikipedia": "de:Burg Belmont"
      },
      "geometry": {
        "type": "Point",
        "coordinates": [
          9.3343682,
          46.845411
        ]
      },
      "id": "node/775651213"
    },
    {
      "type": "Feature",
      "properties": {
        "@id": "node/775728152",
        "access": "yes",
        "castle_type": "defensive",
        "historic": "castle",
        "historic:civilization": "medieval",
        "name": "Burg Neuburg",
        "ruins": "yes",
        "tourism": "attraction",
        "website": "https://www.burgenverein-untervaz.ch/",
        "wheelchair": "no",
        "wikidata": "Q1013259",
        "wikipedia": "de:Burg Neuburg (Untervaz)"
      },
      "geometry": {
        "type": "Point",
        "coordinates": [
          9.5443804,
          46.9128697
        ]
      },
      "id": "node/775728152"
    },
    {
      "type": "Feature",
      "properties": {
        "@id": "node/775761161",
        "alt_name": "Burg Haldenstein",
        "castle_type": "defensive",
        "heritage": "2",
        "heritage:operator": "babs",
        "historic": "castle",
        "image": "https://upload.wikimedia.org/wikipedia/commons/6/64/Haldenstein_Ruine.jpg",
        "name": "Ruine Haldenstein",
        "note": "KGS-Nr: Nummer des Kulturgutes, zu finden in den KGS-Listen des Bundes und der Kantone. BABS: Bundesamt für Bevölkerungsschutz",
        "ref:kgs": "3032",
        "ruins": "yes",
        "tourism": "attraction",
        "wheelchair": "no",
        "wikidata": "Q1012170",
        "wikipedia": "de:Burg Haldenstein"
      },
      "geometry": {
        "type": "Point",
        "coordinates": [
          9.5235064,
          46.8804459
        ]
      },
      "id": "node/775761161"
    },
    {
      "type": "Feature",
      "properties": {
        "@id": "way/779036340",
        "access": "private",
        "building": "yes",
        "castle_type": "stately",
        "description": "Erbaut wohl Ende 16. Jh., 1612 für Obervogt Tobias Peyer ausgebaut, 1694-1779 Obervogteisitz. 1924 zu Wohnzwecken umgestaltet, restauriert 1985-89. (Quelle: Burgenverein.ch)",
        "historic": "castle",
        "historic:civilization": "medieval",
        "wikidata": "Q5456517",
        "wikipedia": "en:Flaach Castle",
        "@geometry": "center"
      },
      "geometry": {
        "type": "Point",
        "coordinates": [
          8.6039295,
          47.5772262
        ]
      },
      "id": "way/779036340"
    },
    {
      "type": "Feature",
      "properties": {
        "@id": "way/793630842",
        "castle_type": "defensive",
        "historic": "castle",
        "historic:civilization": "medieval",
        "name": "Ruine Helfenberg",
        "ruins": "yes",
        "wikidata": "Q1012279",
        "wikipedia": "de:Burg Helfenberg (Thurgau)",
        "@geometry": "center"
      },
      "geometry": {
        "type": "Point",
        "coordinates": [
          8.8344918,
          47.6110011
        ]
      },
      "id": "way/793630842"
    },
    {
      "type": "Feature",
      "properties": {
        "@id": "way/818993063",
        "historic": "castle_wall",
        "ruins": "castle",
        "@geometry": "center"
      },
      "geometry": {
        "type": "Point",
        "coordinates": [
          7.7528745,
          47.3816016
        ]
      },
      "id": "way/818993063"
    },
    {
      "type": "Feature",
      "properties": {
        "@id": "way/818993064",
        "historic": "castle_wall",
        "ruins": "castle",
        "@geometry": "center"
      },
      "geometry": {
        "type": "Point",
        "coordinates": [
          7.7530667,
          47.3816167
        ]
      },
      "id": "way/818993064"
    },
    {
      "type": "Feature",
      "properties": {
        "@id": "way/818993065",
        "historic": "castle_wall",
        "ruins": "castle",
        "@geometry": "center"
      },
      "geometry": {
        "type": "Point",
        "coordinates": [
          7.7531139,
          47.3816075
        ]
      },
      "id": "way/818993065"
    },
    {
      "type": "Feature",
      "properties": {
        "@id": "node/823730511",
        "access": "yes",
        "castle_type": "defensive",
        "historic": "castle",
        "historic:civilization": "medieval",
        "name": "Burgruine Alt-Eschenbach",
        "ruins": "yes",
        "wikidata": "Q29522183"
      },
      "geometry": {
        "type": "Point",
        "coordinates": [
          8.3537825,
          47.1156572
        ]
      },
      "id": "node/823730511"
    },
    {
      "type": "Feature",
      "properties": {
        "@id": "way/828067474",
        "building": "yes",
        "castle_type": "stately",
        "historic": "castle",
        "name": "Château de Monnaz",
        "wikidata": "Q104230895",
        "@geometry": "center"
      },
      "geometry": {
        "type": "Point",
        "coordinates": [
          6.4787377,
          46.5307883
        ]
      },
      "id": "way/828067474"
    },
    {
      "type": "Feature",
      "properties": {
        "@id": "node/833517119",
        "access": "yes",
        "castle_type": "defensive",
        "historic": "castle",
        "historic:civilization": "medieval",
        "name": "Fortezza Rohan",
        "opening_hours": "24/7",
        "ruins": "yes",
        "wikidata": "Q1438954",
        "wikipedia": "de:Fortezza Rohan"
      },
      "geometry": {
        "type": "Point",
        "coordinates": [
          10.0833733,
          46.7485329
        ]
      },
      "id": "node/833517119"
    },
    {
      "type": "Feature",
      "properties": {
        "@id": "node/846857999",
        "addr:city": "Seengen",
        "addr:postcode": "5707",
        "addr:street": "Boniswilerstrasse",
        "alt_name": "Schloss Hallwil",
        "castle_type": "stately",
        "email": "schlosshallwyl@ag.ch",
        "heritage": "4",
        "heritage:operator": "Kanton",
        "historic": "castle",
        "name": "Schloss Hallwyl",
        "tourism": "attraction",
        "website": "https://www.schlosshallwyl.ch",
        "wikidata": "Q870354",
        "wikimedia_commons": "Category:Schloss Hallwyl",
        "wikipedia:de": "Schloss Hallwyl"
      },
      "geometry": {
        "type": "Point",
        "coordinates": [
          8.193806,
          47.3232471
        ]
      },
      "id": "node/846857999"
    },
    {
      "type": "Feature",
      "properties": {
        "@id": "way/850537876",
        "access": "permissive",
        "addr:city": "Flanthey",
        "addr:housenumber": "46",
        "addr:postcode": "3978",
        "addr:street": "Chemin du Tsaretton",
        "alt_name": "Maison des cornalins",
        "building": "yes",
        "castle_type": "manor",
        "historic": "castle",
        "historic:civilization": "medieval",
        "name": "Château de Vaas",
        "website": "https://chateaudevaas.ch",
        "wikidata": "Q12015089",
        "wikipedia": "fr:Château de Vaas",
        "@geometry": "center"
      },
      "geometry": {
        "type": "Point",
        "coordinates": [
          7.4534516,
          46.2683949
        ]
      },
      "id": "way/850537876"
    },
    {
      "type": "Feature",
      "properties": {
        "@id": "way/850546491",
        "building": "yes",
        "castle_type": "stately",
        "historic": "castle",
        "name": "Château d'Orny",
        "wikidata": "Q15944590",
        "@geometry": "center"
      },
      "geometry": {
        "type": "Point",
        "coordinates": [
          6.5250595,
          46.6678607
        ]
      },
      "id": "way/850546491"
    },
    {
      "type": "Feature",
      "properties": {
        "@id": "way/861154707",
        "access": "yes",
        "historic": "ruins",
        "name": "Ruine Äussere Burg",
        "ruins": "castle",
        "@geometry": "center"
      },
      "geometry": {
        "type": "Point",
        "coordinates": [
          8.0769024,
          47.0627435
        ]
      },
      "id": "way/861154707"
    },
    {
      "type": "Feature",
      "properties": {
        "@id": "node/881271198",
        "castle_type": "stately",
        "historic": "castle",
        "name": "Schloss Brestenberg",
        "tourism": "attraction",
        "wikidata": "Q2240410",
        "wikipedia": "de:Schloss Brestenberg"
      },
      "geometry": {
        "type": "Point",
        "coordinates": [
          8.2081924,
          47.3197919
        ]
      },
      "id": "node/881271198"
    },
    {
      "type": "Feature",
      "properties": {
        "@id": "way/883761482",
        "building": "yes",
        "castle_type": "stately",
        "contact:addr": "Melchenbühlweg 137, 137a & 137b, 3006 Bern",
        "heritage": "2",
        "heritage:operator": "babs",
        "historic": "castle",
        "historic:civilization": "medieval",
        "image": "https://upload.wikimedia.org/wikipedia/commons/thumb/b/b9/Schloss_Wittigkofen3.jpg/800px-Schloss_Wittigkofen3.jpg",
        "name": "Schloss Wittigkofen",
        "note": "KGS-Nr: Nummer des Kulturgutes, zu finden in den KGS-Listen des Bundes + der Kantone. BABS: Bundesamt für Bevölkerungsschutz - https://bauinventar.bern.ch/gruppen/schloss-wittigkofen.pdf + https://bauinventar.bern.ch/pdfs/melchenbuehlweg_137_137a_137b.pdf",
        "ref:kgs": "00647",
        "wikidata": "Q1355887",
        "wikimedia_commons": "Category:Schloss Wittigkofen",
        "wikipedia": "de:Schloss Wittigkofen",
        "@geometry": "center"
      },
      "geometry": {
        "type": "Point",
        "coordinates": [
          7.4817402,
          46.9425688
        ]
      },
      "id": "way/883761482"
    },
    {
      "type": "Feature",
      "properties": {
        "@id": "node/886297441",
        "alt_name": "Ruine Tierstein",
        "castle_type": "defensive",
        "historic": "castle",
        "name": "Burgruine Alt-Tierstein",
        "ruins": "yes",
        "wikidata": "Q1015229",
        "wikipedia": "de:Burgruine_Alt-Tierstein"
      },
      "geometry": {
        "type": "Point",
        "coordinates": [
          7.9726707,
          47.4969571
        ]
      },
      "id": "node/886297441"
    },
    {
      "type": "Feature",
      "properties": {
        "@id": "node/886331060",
        "access": "yes",
        "castle_type": "defensive",
        "historic": "castle",
        "historic:civilization": "medieval",
        "name": "Ruine Alt Homberg",
        "ruins": "yes",
        "start_date": "1100",
        "wikidata": "Q19362404",
        "wikipedia": "de:Ruine Alt Homberg"
      },
      "geometry": {
        "type": "Point",
        "coordinates": [
          7.9729429,
          47.4911393
        ]
      },
      "id": "node/886331060"
    },
    {
      "type": "Feature",
      "properties": {
        "@id": "node/891477480",
        "access": "private",
        "castle_type": "stately",
        "description": "Ehem. Herrensitz, erbaut 1585 für Konrad v. Wartenfels, unter Maximilian von Scherer 1878-94 Ausbau zur heutigen Gestalt im Stile des Historismus. Privatbesitz. (Quelle: Burgenverein.ch)",
        "historic": "castle",
        "name": "Schloss Castell",
        "ruins": "no",
        "start_date": "1725",
        "wheelchair": "limited",
        "wikidata": "Q2240512",
        "wikimedia_commons": "Category:Schloss Castell (Tägerwilen)",
        "wikipedia": "de:Schloss Castell"
      },
      "geometry": {
        "type": "Point",
        "coordinates": [
          9.1330529,
          47.6456341
        ]
      },
      "id": "node/891477480"
    },
    {
      "type": "Feature",
      "properties": {
        "@id": "way/899468130",
        "building": "yes",
        "historic": "castle",
        "name": "Tour de Layaz",
        "wikidata": "Q3533590",
        "@geometry": "center"
      },
      "geometry": {
        "type": "Point",
        "coordinates": [
          6.7920951,
          46.6687354
        ]
      },
      "id": "way/899468130"
    },
    {
      "type": "Feature",
      "properties": {
        "@id": "way/961911905",
        "addr:city": "Neuchâtel",
        "addr:country": "CH",
        "addr:housenumber": "33",
        "addr:postcode": "2000",
        "addr:street": "Rue des Beauregard",
        "building": "manor",
        "castle_type": "manor",
        "heritage": "yes",
        "historic": "castle",
        "name": "Château Beauregard",
        "wikidata": "Q29786031",
        "wikimedia_commons": "Category:Château Beauregard (Rue de Beauregard 33, Neuchâtel)",
        "@geometry": "center"
      },
      "geometry": {
        "type": "Point",
        "coordinates": [
          6.9030044,
          46.9848504
        ]
      },
      "id": "way/961911905"
    },
    {
      "type": "Feature",
      "properties": {
        "@id": "way/993307195",
        "castle_type": "fortress",
        "historic": "castle",
        "name": "Fortezza Castelmur",
        "ruins": "yes",
        "wikidata": "Q1011332",
        "wikipedia": "de:Burg Castelmur",
        "@geometry": "center"
      },
      "geometry": {
        "type": "Point",
        "coordinates": [
          9.5614707,
          46.3398031
        ]
      },
      "id": "way/993307195"
    },
    {
      "type": "Feature",
      "properties": {
        "@id": "way/998228420",
        "access": "yes",
        "castle_type": "defensive",
        "description": "Burghügel mit Mauerresten von Turm und Ringmauer. Verm. Stammburg der Herren v. Klingen, erb. im 12. Jh., um 1200 aufgelassen. 1910/11 ausgegraben. Quelle: Burgenverein.ch",
        "historic": "ruins",
        "ruins": "castle",
        "wheelchair": "no",
        "wikidata": "Q29883194",
        "wikimedia_commons": "Category:Ruine Altenburg",
        "wikipedia": "de:Altenburg (Märstetten)",
        "@geometry": "center"
      },
      "geometry": {
        "type": "Point",
        "coordinates": [
          9.085712,
          47.6013154
        ]
      },
      "id": "way/998228420"
    },
    {
      "type": "Feature",
      "properties": {
        "@id": "node/1005690810",
        "castle_type": "defensive",
        "historic": "castle",
        "name": "Schloss Erlach",
        "wikidata": "Q2240905",
        "wikipedia": "de:Schloss Erlach (Erlach)"
      },
      "geometry": {
        "type": "Point",
        "coordinates": [
          7.094397,
          47.0444477
        ]
      },
      "id": "node/1005690810"
    },
    {
      "type": "Feature",
      "properties": {
        "@id": "way/1027088233",
        "access": "yes",
        "alt_name": "Ramsenburg",
        "castle_type": "defensive",
        "description": "Siehe https://burgenverein.ch/app/uploads/30-rosenburg-rosenberg-oberberg.pdf",
        "historic": "castle",
        "historic:civilization": "medieval",
        "name": "Ruine Rosenburg",
        "ruins": "yes",
        "wheelchair": "no",
        "wikidata": "Q2167053",
        "wikipedia": "de:Rosenburg (Herisau)",
        "@geometry": "center"
      },
      "geometry": {
        "type": "Point",
        "coordinates": [
          9.2543607,
          47.3884626
        ]
      },
      "id": "way/1027088233"
    },
    {
      "type": "Feature",
      "properties": {
        "@id": "node/1061568373",
        "access": "private",
        "addr:city": "Kreuzlingen",
        "addr:country": "CH",
        "addr:housename": "Schloss Ebersberg",
        "addr:postcode": "8280",
        "addr:street": "Lohstrasse",
        "castle_type": "stately",
        "historic": "castle",
        "name": "Schloss Ebersberg",
        "old_name": "Ober-Girsberg",
        "wikidata": "Q15127608",
        "wikipedia": "de:Schloss Ebersberg (Thurgau)"
      },
      "geometry": {
        "type": "Point",
        "coordinates": [
          9.1540672,
          47.6428823
        ]
      },
      "id": "node/1061568373"
    },
    {
      "type": "Feature",
      "properties": {
        "@id": "node/1081356109",
        "access": "yes",
        "castle_type": "defensive",
        "historic": "castle",
        "historic:civilization": "medieval",
        "name": "Burgruine Neu Toggenburg",
        "ruins": "yes",
        "wikidata": "Q29786710",
        "wikimedia_commons": "Category:Neu-Toggenburg",
        "wikipedia:de": "Neu-Toggenburg"
      },
      "geometry": {
        "type": "Point",
        "coordinates": [
          9.1126958,
          47.329706
        ]
      },
      "id": "node/1081356109"
    },
    {
      "type": "Feature",
      "properties": {
        "@id": "node/1102444727",
        "access": "private",
        "addr:housenumber": "1",
        "addr:street": "Schloss-Strasse",
        "castle_type": "stately",
        "historic": "castle",
        "historic:civilization": "medieval",
        "name": "Schloss Hilfikon",
        "wikidata": "Q2241557",
        "wikipedia": "de:Schloss Hilfikon"
      },
      "geometry": {
        "type": "Point",
        "coordinates": [
          8.2469096,
          47.3307241
        ]
      },
      "id": "node/1102444727"
    },
    {
      "type": "Feature",
      "properties": {
        "@id": "node/1107028549",
        "historic": "castle",
        "name": "Château d'Aigremont",
        "ruins": "yes",
        "wikidata": "Q29891366",
        "wikipedia": "pt:Castelo de Aigremont"
      },
      "geometry": {
        "type": "Point",
        "coordinates": [
          7.0795876,
          46.3627862
        ]
      },
      "id": "node/1107028549"
    },
    {
      "type": "Feature",
      "properties": {
        "@id": "way/1118636034",
        "historic": "castle",
        "@geometry": "center"
      },
      "geometry": {
        "type": "Point",
        "coordinates": [
          7.1958684,
          46.7659003
        ]
      },
      "id": "way/1118636034"
    },
    {
      "type": "Feature",
      "properties": {
        "@id": "node/1138005376",
        "castle_type": "defensive",
        "historic": "castle",
        "name": "Ruina de Carniec",
        "name:de": "Ruine Grüneck",
        "name:rm": "Ruina de Carniec",
        "ruins": "yes",
        "wikidata": "Q1012097",
        "wikipedia": "de:Burg Grüneck (Ilanz)"
      },
      "geometry": {
        "type": "Point",
        "coordinates": [
          9.1949881,
          46.7759778
        ]
      },
      "id": "node/1138005376"
    },
    {
      "type": "Feature",
      "properties": {
        "@id": "way/1181738943",
        "access": "yes",
        "building": "ruins",
        "castle_type": "defensive",
        "castle_type:de": "burg",
        "description": "Erbaut 1. Hälfte 13. Jh. und kurz nach 1250 wieder aufgelassen. Insel im 17./18. Jh. von Eremiten bewohnt, Kapelle St. Joseph erbaut 1684. Burg 1959/60 ausgegraben und konserviert. Gaststätte auf der Insel, mit Boot erreichbar. (Quelle: Burgenverein.ch)",
        "historic": "castle",
        "historic:civilization": "medieval",
        "name": "Burgruine Schwanau",
        "ruins": "yes",
        "wikidata": "Q29881748",
        "wikipedia": "de:Burgruine Schwanau",
        "@geometry": "center"
      },
      "geometry": {
        "type": "Point",
        "coordinates": [
          8.5974635,
          47.0325907
        ]
      },
      "id": "way/1181738943"
    },
    {
      "type": "Feature",
      "properties": {
        "@id": "way/1193203164",
        "alt_name": "Crap Sogn Parcazi",
        "castle_type": "defensive",
        "historic": "ruins",
        "historic:civilization": "medieval",
        "name": "Ruine Hohentrins",
        "nat_name": "Crap Sogn Parcazi",
        "ruins": "castle",
        "tourism": "attraction",
        "wikidata": "Q1138940",
        "wikipedia": "de:Crap Sogn Parcazi",
        "@geometry": "center"
      },
      "geometry": {
        "type": "Point",
        "coordinates": [
          9.3505265,
          46.8292083
        ]
      },
      "id": "way/1193203164"
    },
    {
      "type": "Feature",
      "properties": {
        "@id": "way/1194093266",
        "access": "yes",
        "building": "ruins",
        "castle_type": "defensive",
        "historic": "castle",
        "historic:civilization": "medieval",
        "name": "Château de Bossonnens",
        "ruins": "yes",
        "website": "http://bossonnens.org",
        "wikidata": "Q2968608",
        "wikimedia_commons": "Category:Château de Bossonnens",
        "wikipedia": "fr:Château de Bossonnens",
        "@geometry": "center"
      },
      "geometry": {
        "type": "Point",
        "coordinates": [
          6.8484481,
          46.5204787
        ]
      },
      "id": "way/1194093266"
    },
    {
      "type": "Feature",
      "properties": {
        "@id": "way/1218883469",
        "access": "private",
        "addr:city": "Uznach",
        "addr:postcode": "8730",
        "addr:street": "Schloss Grynau 1.1",
        "building": "tower",
        "castle_type": "defensive",
        "historic": "castle",
        "historic:civilization": "medieval",
        "image": "https://upload.wikimedia.org/wikipedia/commons/thumb/5/55/Grynau_-_Turm_-_Landgasthof_2015-11-10_13-56-22.JPG/400px-Grynau_-_Turm_-_Landgasthof_2015-11-10_13-56-22.JPG",
        "name": "Turm Grynau",
        "source": "swisstopo",
        "wikidata": "Q114510",
        "wikimedia_commons": "Category:Grynau tower",
        "wikipedia:de": "Grynau",
        "@geometry": "center"
      },
      "geometry": {
        "type": "Point",
        "coordinates": [
          8.9701448,
          47.2164851
        ]
      },
      "id": "way/1218883469"
    },
    {
      "type": "Feature",
      "properties": {
        "@id": "way/1226359714",
        "castle_type": "defensive",
        "historic": "castle",
        "historic:civilization": "medieval",
        "name": "Burg Rossberg",
        "ruins": "yes",
        "wikidata": "Q1013730",
        "wikipedia": "de:Burg Rossberg",
        "@geometry": "center"
      },
      "geometry": {
        "type": "Point",
        "coordinates": [
          8.7084338,
          47.4558328
        ]
      },
      "id": "way/1226359714"
    },
    {
      "type": "Feature",
      "properties": {
        "@id": "node/1240275907",
        "historic": "castle",
        "name": "Les Vernex I (Châtillon)",
        "ruins": "yes",
        "website": "http://www.dillum.ch/html/verney_vernex_autigny_fr_ch%C3%A2teaux.htm",
        "wikidata": "Q67772742"
      },
      "geometry": {
        "type": "Point",
        "coordinates": [
          7.0397303,
          46.732921
        ]
      },
      "id": "node/1240275907"
    },
    {
      "type": "Feature",
      "properties": {
        "@id": "node/1240275933",
        "historic": "castle",
        "name": "Les Vernex II (Le Ressat)",
        "ruins": "yes",
        "website": "http://www.dillum.ch/html/verney_vernex_autigny_fr_ch%C3%A2teaux.htm",
        "wikidata": "Q104530246"
      },
      "geometry": {
        "type": "Point",
        "coordinates": [
          7.0396338,
          46.7349885
        ]
      },
      "id": "node/1240275933"
    },
    {
      "type": "Feature",
      "properties": {
        "@id": "node/1240280867",
        "historic": "castle",
        "name": "Räsch",
        "ruins": "yes",
        "website": "https://www.dillum.ch/html/raesch_duedingen_fr_kastell.htm",
        "wikidata": "Q67772049"
      },
      "geometry": {
        "type": "Point",
        "coordinates": [
          7.1567178,
          46.8321704
        ]
      },
      "id": "node/1240280867"
    },
    {
      "type": "Feature",
      "properties": {
        "@id": "way/1244123363",
        "fixme": "Which buildings exactly are included in the castle?",
        "historic": "castle",
        "name": "Château Saint-Germain",
        "name:en": "Saint-Germain Castle",
        "wikidata": "Q7400636",
        "wikipedia": "en:Saint-Germain Castle",
        "@geometry": "center"
      },
      "geometry": {
        "type": "Point",
        "coordinates": [
          7.0825573,
          46.584308
        ]
      },
      "id": "way/1244123363"
    },
    {
      "type": "Feature",
      "properties": {
        "@id": "node/1256452145",
        "castle_type": "defensive",
        "historic": "castle",
        "name": "Ruine Sünikon",
        "ruins": "yes",
        "wikidata": "Q1801797",
        "wikipedia": "de:Ruine Sünikon"
      },
      "geometry": {
        "type": "Point",
        "coordinates": [
          8.4283522,
          47.4863345
        ]
      },
      "id": "node/1256452145"
    },
    {
      "type": "Feature",
      "properties": {
        "@id": "way/1263227173",
        "access": "yes",
        "area": "yes",
        "historic": "ruins",
        "name": "Ruine Clanx",
        "ruins": "castle",
        "@geometry": "center"
      },
      "geometry": {
        "type": "Point",
        "coordinates": [
          9.4112725,
          47.347273
        ]
      },
      "id": "way/1263227173"
    },
    {
      "type": "Feature",
      "properties": {
        "@id": "node/1264014165",
        "alt_name": "Burg Canova",
        "castle_type": "defensive",
        "historic": "castle",
        "name": "Burg Neu-Süns",
        "ruins": "yes",
        "wikidata": "Q1013241",
        "wikipedia": "en:Neu-Süns Castle"
      },
      "geometry": {
        "type": "Point",
        "coordinates": [
          9.4477525,
          46.7441926
        ]
      },
      "id": "node/1264014165"
    },
    {
      "type": "Feature",
      "properties": {
        "@id": "node/1267864539",
        "access": "private",
        "castle_type": "defensive",
        "description": "Ordensburg.",
        "historic": "castle",
        "historic:civilization": "medieval",
        "name": "Johanniterkommende Hohenrain",
        "wikidata": "Q31839275",
        "wikipedia": "de:Johanniterkommende Hohenrain"
      },
      "geometry": {
        "type": "Point",
        "coordinates": [
          8.3186666,
          47.1796638
        ]
      },
      "id": "node/1267864539"
    },
    {
      "type": "Feature",
      "properties": {
        "@id": "way/1272101010",
        "castle_type": "defensive",
        "ele": "541",
        "historic": "castle",
        "name": "Alt Wülflingen",
        "ruins": "yes",
        "wikidata": "Q1015238",
        "wikipedia": "de:Burgruine Alt-Wülflingen",
        "@geometry": "center"
      },
      "geometry": {
        "type": "Point",
        "coordinates": [
          8.688131,
          47.4998224
        ]
      },
      "id": "way/1272101010"
    },
    {
      "type": "Feature",
      "properties": {
        "@id": "way/1277624287",
        "area": "yes",
        "historic": "ruins",
        "name": "Ruine Ramschwag",
        "ruins": "castle",
        "@geometry": "center"
      },
      "geometry": {
        "type": "Point",
        "coordinates": [
          9.3221913,
          47.4900127
        ]
      },
      "id": "way/1277624287"
    },
    {
      "type": "Feature",
      "properties": {
        "@id": "node/1277963444",
        "access": "yes",
        "archaeological_site": "earthwork",
        "castle_type": "defensive",
        "description": "Burghuegel Pfei",
        "historic": "castle",
        "historic:civilization": "medieval",
        "name": "Goldhubel",
        "ruins": "yes",
        "wheelchair": "no",
        "wikidata": "Q2175277",
        "wikipedia": "de:Ruine Goldhubel"
      },
      "geometry": {
        "type": "Point",
        "coordinates": [
          7.2780782,
          47.1172164
        ]
      },
      "id": "node/1277963444"
    },
    {
      "type": "Feature",
      "properties": {
        "@id": "way/1279852435",
        "alt_name": "Schlösslibuck",
        "castle_type": "defensive",
        "historic": "castle",
        "name": "Burgstelle Buch",
        "ruins": "yes",
        "wikidata": "Q56648460",
        "wikipedia": "de:Burg Buch (Winterthur)",
        "@geometry": "center"
      },
      "geometry": {
        "type": "Point",
        "coordinates": [
          8.6873416,
          47.4815357
        ]
      },
      "id": "way/1279852435"
    },
    {
      "type": "Feature",
      "properties": {
        "@id": "way/1298659024",
        "access": "customers",
        "addr:city": "Maienfeld",
        "addr:housenumber": "2",
        "addr:postcode": "7304",
        "addr:street": "Schloss Maienfeld",
        "building": "retail",
        "castle_type": "stately",
        "description": "Wohnbauten und ihre Nebenanlagen / Burgen",
        "heritage": "2",
        "heritage:operator": "Kulturgüterschutz KGS",
        "historic": "castle",
        "historic:civilization": "medieval",
        "name": "Schloss Maienfeld",
        "protect_class": "22",
        "ref": "3084",
        "tourism": "attraction",
        "website": "https://www.schlossmaienfeld.ch",
        "wheelchair": "limited",
        "wikidata": "Q2240377",
        "@geometry": "center"
      },
      "geometry": {
        "type": "Point",
        "coordinates": [
          9.5310441,
          47.0064881
        ]
      },
      "id": "way/1298659024"
    },
    {
      "type": "Feature",
      "properties": {
        "@id": "way/1305648771",
        "addr:city": "Zernez",
        "addr:housenumber": "50",
        "addr:postcode": "7530",
        "addr:street": "Via Pass dal Fuorn",
        "alt_name": "alter Zollturm",
        "building": "yes",
        "castle_type": "defensive",
        "historic": "castle",
        "name": "La Serra",
        "ruins": "yes",
        "wikidata": "Q1799141",
        "@geometry": "center"
      },
      "geometry": {
        "type": "Point",
        "coordinates": [
          10.1092948,
          46.6978235
        ]
      },
      "id": "way/1305648771"
    },
    {
      "type": "Feature",
      "properties": {
        "@id": "node/1313324037",
        "castle_type": "defensive",
        "historic": "castle",
        "name": "Ruine Alt-Lägern",
        "ruins": "yes",
        "wikidata": "Q1456698",
        "wikipedia": "de:Ruine Alt-Lägern"
      },
      "geometry": {
        "type": "Point",
        "coordinates": [
          8.3940916,
          47.4817576
        ]
      },
      "id": "node/1313324037"
    },
    {
      "type": "Feature",
      "properties": {
        "@id": "node/1324387655",
        "castle_type": "defensive",
        "historic": "castle",
        "name": "Ruine Schleifenrain",
        "ruins": "yes",
        "wikidata": "Q1013889",
        "wikipedia": "de:Burg Schleifenrain"
      },
      "geometry": {
        "type": "Point",
        "coordinates": [
          9.1018929,
          47.6037636
        ]
      },
      "id": "node/1324387655"
    },
    {
      "type": "Feature",
      "properties": {
        "@id": "node/1334902352",
        "castle_type": "defensive",
        "description": "Burghügel ohne  Mauerreste. Burg erw. 1265, um 1300 Besitz der Herren v. Wädiswil, dann der v. Turn (Gestelenburg VS), 1352 von Bern erworben, kurz danach aufgelassen. Ausgrabungen 1927/28, 1941, 1991/92, 1995/96. (Quelle: Burgenverein.ch)",
        "historic": "castle",
        "name": "Burgruine Mülenen",
        "ruins": "yes",
        "wikidata": "Q1015428",
        "wikipedia": "de:Burgruine Mülenen"
      },
      "geometry": {
        "type": "Point",
        "coordinates": [
          7.6940512,
          46.6379461
        ]
      },
      "id": "node/1334902352"
    },
    {
      "type": "Feature",
      "properties": {
        "@id": "node/1358175519",
        "alt_name": "Friesenburg",
        "castle_type": "defensive",
        "ele": "658",
        "historic": "castle",
        "name": "Burgruine Friesenberg",
        "opening_hours": "24/7",
        "ruins": "yes",
        "wikidata": "Q1011875",
        "wikimedia_commons": "Category:Burg Friesenberg",
        "wikipedia": "de:Burg Friesenberg (Zürich)"
      },
      "geometry": {
        "type": "Point",
        "coordinates": [
          8.4939223,
          47.3581745
        ]
      },
      "id": "node/1358175519"
    },
    {
      "type": "Feature",
      "properties": {
        "@id": "node/1372417009",
        "access": "yes",
        "castle_type": "defensive",
        "description": "Erbaut nach 1250 von Freiherr Ulrich III. v. Altenklingen, seit 1319 als Lehensgut der Abtei SG in wechselndem Besitz, 1690 vom Kloster Rheinau erworben, um 1745 abgebrochen. (Quelle: Burgenverein.ch)",
        "historic": "castle",
        "historic:civilization": "medieval",
        "name": "Ruine Neuburg",
        "ruins": "yes",
        "wikidata": "Q1979319",
        "wikipedia": "de:Neuburg (Mammern)"
      },
      "geometry": {
        "type": "Point",
        "coordinates": [
          8.9399032,
          47.6483034
        ]
      },
      "id": "node/1372417009"
    },
    {
      "type": "Feature",
      "properties": {
        "@id": "way/1392016267",
        "access": "yes",
        "area": "yes",
        "historic": "ruins",
        "historic:civilization": "medieval",
        "ruins": "castle",
        "wikidata": "Q14538239",
        "wikipedia": "de:Ruine Böbikon",
        "@geometry": "center"
      },
      "geometry": {
        "type": "Point",
        "coordinates": [
          8.3278232,
          47.554693
        ]
      },
      "id": "way/1392016267"
    },
    {
      "type": "Feature",
      "properties": {
        "@id": "node/1403655618",
        "castle_type": "defensive",
        "historic": "castle",
        "name": "Château de Montorge",
        "ruins": "yes",
        "wikidata": "Q29928365",
        "wikipedia": "fr:Château de Montorge"
      },
      "geometry": {
        "type": "Point",
        "coordinates": [
          7.3346387,
          46.2306069
        ]
      },
      "id": "node/1403655618"
    },
    {
      "type": "Feature",
      "properties": {
        "@id": "way/1412262127",
        "barrier": "wall",
        "ruins": "castle",
        "@geometry": "center"
      },
      "geometry": {
        "type": "Point",
        "coordinates": [
          9.8760585,
          46.5083701
        ]
      },
      "id": "way/1412262127"
    },
    {
      "type": "Feature",
      "properties": {
        "@id": "way/1412262132",
        "barrier": "wall",
        "ruins": "castle",
        "@geometry": "center"
      },
      "geometry": {
        "type": "Point",
        "coordinates": [
          9.8758426,
          46.5084494
        ]
      },
      "id": "way/1412262132"
    },
    {
      "type": "Feature",
      "properties": {
        "@id": "node/1420158205",
        "access": "yes",
        "archaeological_site": "fortification",
        "description": "Ehemalige Burg der Herren von Bottenstein, erweitert 1255, 1483 durch Kauf an Zofingen, im 16. Jh. zerfallen, um 1830 letzte Reste abgetragen. Ruine 1949 ausgegraben und konserviert, restauriert 1990.",
        "historic": "ruins",
        "historic:civilization": "medieval",
        "name": "Burgruine Bottenstein",
        "ruins": "castle",
        "was:castle_type": "defensive",
        "wikidata": "Q67772053",
        "wikipedia": "de:Burgruine Bottenstein"
      },
      "geometry": {
        "type": "Point",
        "coordinates": [
          7.9952326,
          47.2815921
        ]
      },
      "id": "node/1420158205"
    },
    {
      "type": "Feature",
      "properties": {
        "@id": "way/1420761006",
        "access": "private",
        "addr:city": "Gottlieben",
        "addr:country": "CH",
        "addr:housenumber": "6",
        "addr:postcode": "8274",
        "addr:street": "Am Schlosspark",
        "building": "castle",
        "castle_type": "stately",
        "historic": "castle",
        "name": "Wasserburg und Schloss Gottlieben",
        "wheelchair": "yes",
        "wikidata": "Q1652598",
        "wikimedia_commons": "Category:Schloss Gottlieben",
        "wikipedia": "de:Schloss Gottlieben",
        "@geometry": "center"
      },
      "geometry": {
        "type": "Point",
        "coordinates": [
          9.1360178,
          47.6639238
        ]
      },
      "id": "way/1420761006"
    },
    {
      "type": "Feature",
      "properties": {
        "@id": "way/1425387472",
        "castle_type": "defensive",
        "historic": "castle",
        "name": "Ruine Uznaberg",
        "ruins": "yes",
        "wikidata": "Q1441479",
        "wikipedia": "de:Ruine Uznaberg",
        "@geometry": "center"
      },
      "geometry": {
        "type": "Point",
        "coordinates": [
          8.9626732,
          47.2332981
        ]
      },
      "id": "way/1425387472"
    },
    {
      "type": "Feature",
      "properties": {
        "@id": "way/1426606292",
        "addr:city": "Reiden",
        "addr:country": "CH",
        "addr:postcode": "6260",
        "addr:street": "Kommendestrasse",
        "alt_name": "Kommende Reiden",
        "castle_type": "defensive",
        "contact:email": "kommende.reiden@kath-prw.ch",
        "contact:phone": "+41 79 681 98 42",
        "contact:website": "https://www.kommende-reiden.ch/",
        "description": "Ordensburg der ehemaligen Johanniterkommende (gegründet 1180), Kirche (erbaut 1693) und Wohnturm 'Roten' (um 1250, Holzaufbau 1530/70). 1806 Auflösung der Kommende, seit 1847 Kantonale Heilpädagogische Schule.",
        "events_venue": "yes",
        "historic": "castle",
        "historic:civilization": "medieval",
        "loc_name": "Kommende",
        "name": "Johanniterkommende",
        "operator": "Katholische Kirchgemeinde Reiden",
        "operator:type": "religious",
        "source:description": "https://burgenverein.ch",
        "wikidata": "Q63850496",
        "@geometry": "center"
      },
      "geometry": {
        "type": "Point",
        "coordinates": [
          7.9733562,
          47.2433801
        ]
      },
      "id": "way/1426606292"
    },
    {
      "type": "Feature",
      "properties": {
        "@id": "way/1427678113",
        "building": "yes",
        "castle_type": "defensive",
        "historic": "castle",
        "name": "Ruine Hinterer Wartenberg",
        "@geometry": "center"
      },
      "geometry": {
        "type": "Point",
        "coordinates": [
          7.6540971,
          47.5179023
        ]
      },
      "id": "way/1427678113"
    },
    {
      "type": "Feature",
      "properties": {
        "@id": "node/1481493390",
        "alt_name": "Aeschburg",
        "castle_type": "defensive",
        "historic": "castle",
        "name": "Ruine Bärenfels",
        "ruins": "yes",
        "wikidata": "Q1011258",
        "wikipedia": "de:Burg_Bärenfels_(Duggingen)"
      },
      "geometry": {
        "type": "Point",
        "coordinates": [
          7.6137983,
          47.4633841
        ]
      },
      "id": "node/1481493390"
    },
    {
      "type": "Feature",
      "properties": {
        "@id": "node/1500548359",
        "access": "no",
        "castle_type": "defensive",
        "historic": "castle",
        "historic:civilization": "medieval",
        "name": "Unteres Schloss",
        "wikidata": "Q866258",
        "wikipedia": "de:Bischöfliches Schloss Fürstenau"
      },
      "geometry": {
        "type": "Point",
        "coordinates": [
          9.4450573,
          46.7210795
        ]
      },
      "id": "node/1500548359"
    },
    {
      "type": "Feature",
      "properties": {
        "@id": "node/1500554009",
        "access": "customers",
        "alt_name": "Oberes Schloss",
        "castle_type": "stately",
        "historic": "castle",
        "name": "Schloss Schauenstein",
        "wikidata": "Q1276044",
        "wikipedia": "de:Schloss Schauenstein"
      },
      "geometry": {
        "type": "Point",
        "coordinates": [
          9.4462777,
          46.7212551
        ]
      },
      "id": "node/1500554009"
    },
    {
      "type": "Feature",
      "properties": {
        "@id": "node/1511935448",
        "castle_type": "defensive",
        "historic": "castle",
        "name": "Schloss Baldenstein",
        "ruins": "no",
        "wikidata": "Q2240157",
        "wikipedia": "de:Schloss Baldenstein"
      },
      "geometry": {
        "type": "Point",
        "coordinates": [
          9.4601798,
          46.7065858
        ]
      },
      "id": "node/1511935448"
    },
    {
      "type": "Feature",
      "properties": {
        "@id": "node/1538171808",
        "addr:city": "Frauenfeld",
        "addr:housenumber": "2",
        "addr:postcode": "8500",
        "addr:street": "Rathausplatz",
        "castle_type": "stately",
        "email": "historisches.museum@tg.ch",
        "fee": "no",
        "historic": "castle",
        "historic:civilization": "medieval",
        "name": "Schloss Frauenfeld",
        "opening_hours": "Tu-Su 13:00-17:00",
        "opening_hours:url": "https://historisches-museum.tg.ch/informationen/anreise-und-oeffnungszeiten.html/7390",
        "phone": "+41 58 345 73 80",
        "website": "https://historisches-museum.tg.ch/ausstellungen-/schloss-frauenfeld.html/7374",
        "wheelchair": "no",
        "wheelchair:description": "Laut Website von Schloss Frauenfeld \"Schloss Frauenfeld ist nicht rollstuhlgängig.\"",
        "wikidata": "Q5493931",
        "wikimedia_commons": "Category:Schloss_Frauenfeld",
        "wikipedia": "de:Schloss Frauenfeld"
      },
      "geometry": {
        "type": "Point",
        "coordinates": [
          8.8968712,
          47.555201
        ]
      },
      "id": "node/1538171808"
    },
    {
      "type": "Feature",
      "properties": {
        "@id": "node/1541131042",
        "alt_name": "Ruina Casti",
        "castle_type": "defensive",
        "designation": "Casti da Salons",
        "historic": "castle",
        "name": "Casti da Salons",
        "wikidata": "Q1013807",
        "wikipedia": "de:Burg_Salons"
      },
      "geometry": {
        "type": "Point",
        "coordinates": [
          9.0128558,
          46.7563404
        ]
      },
      "id": "node/1541131042"
    },
    {
      "type": "Feature",
      "properties": {
        "@id": "node/1563004916",
        "castle_type": "defensive",
        "historic": "castle",
        "name": "Schloss Wildenstein",
        "website": "https://www.schloss-wildenstein.ch/",
        "wikidata": "Q971167",
        "wikipedia": "de:Schloss Wildenstein (Veltheim)"
      },
      "geometry": {
        "type": "Point",
        "coordinates": [
          8.1574731,
          47.4286972
        ]
      },
      "id": "node/1563004916"
    },
    {
      "type": "Feature",
      "properties": {
        "@id": "node/1573128624",
        "access": "yes",
        "castle_type": "defensive",
        "historic": "castle",
        "historic:civilization": "medieval",
        "name": "Burg Obertagstein",
        "ruins": "yes",
        "wikidata": "Q1013390",
        "wikipedia": "de:Burg Obertagstein"
      },
      "geometry": {
        "type": "Point",
        "coordinates": [
          9.427701,
          46.685074
        ]
      },
      "id": "node/1573128624"
    },
    {
      "type": "Feature",
      "properties": {
        "@id": "node/1577255389",
        "access": "yes",
        "castle_type": "defensive",
        "ele": "948",
        "historic": "castle",
        "name": "Ruina dal chastè Munt Sogn Gieri",
        "name:de": "Jörgenberg",
        "ruins": "yes",
        "tourism": "attraction",
        "wikidata": "Q682756",
        "wikipedia": "de:Burg Jörgenberg (Waltensburg)"
      },
      "geometry": {
        "type": "Point",
        "coordinates": [
          9.1384481,
          46.7804941
        ]
      },
      "id": "node/1577255389"
    },
    {
      "type": "Feature",
      "properties": {
        "@id": "node/1577255390",
        "access": "yes",
        "castle_type": "defensive",
        "historic": "castle",
        "historic:civilization": "medieval",
        "name": "Burg Kropfenstein",
        "ruins": "yes",
        "tourism": "attraction",
        "wikidata": "Q664292",
        "wikipedia": "de:Burg Kropfenstein"
      },
      "geometry": {
        "type": "Point",
        "coordinates": [
          9.1016957,
          46.7698259
        ]
      },
      "id": "node/1577255390"
    },
    {
      "type": "Feature",
      "properties": {
        "@id": "node/1600999161",
        "castle_type": "defensive",
        "historic": "castle",
        "name": "Burg Löwenberg",
        "ruins": "yes",
        "source": "Wikipedia",
        "wikidata": "Q1013043",
        "wikipedia": "de:Burg_Löwenberg_(Graubünden)"
      },
      "geometry": {
        "type": "Point",
        "coordinates": [
          9.2222207,
          46.78814
        ]
      },
      "id": "node/1600999161"
    },
    {
      "type": "Feature",
      "properties": {
        "@id": "node/1664645003",
        "castle_type": "stately",
        "historic": "castle",
        "name": "Château de Peseux",
        "wikidata": "Q29786042"
      },
      "geometry": {
        "type": "Point",
        "coordinates": [
          6.8903922,
          46.9889903
        ]
      },
      "id": "node/1664645003"
    },
    {
      "type": "Feature",
      "properties": {
        "@id": "node/1739971434",
        "castle_type": "defensive",
        "historic": "castle",
        "name": "Ruine Mittlere Birseck",
        "ruins": "yes",
        "wikidata": "Q67772067"
      },
      "geometry": {
        "type": "Point",
        "coordinates": [
          7.6291674,
          47.4947386
        ]
      },
      "id": "node/1739971434"
    },
    {
      "type": "Feature",
      "properties": {
        "@id": "node/1773939767",
        "addr:city": "Erlen",
        "addr:country": "CH",
        "addr:housenumber": "4b",
        "addr:postcode": "8586",
        "addr:street": "Schlossstrasse",
        "amenity": "social_facility",
        "castle_type": "medieval",
        "email": "info@aph-eppishausen.ch",
        "fax": "+41 71 648 16 35",
        "historic": "castle",
        "name": "Altersheim Schloss Eppishausen",
        "phone": "+41 71 648 12 12",
        "social_facility": "group_home",
        "social_facility:for": "senior",
        "website": "https://www.aph-eppishausen.ch/",
        "wikidata": "Q1423653",
        "wikipedia": "de:Schloss Eppishausen"
      },
      "geometry": {
        "type": "Point",
        "coordinates": [
          9.2369469,
          47.5453442
        ]
      },
      "id": "node/1773939767"
    },
    {
      "type": "Feature",
      "properties": {
        "@id": "node/1777404856",
        "castle_type": "defensive",
        "ele": "790",
        "historic": "castle",
        "name": "Ruine Hartenkirch",
        "ruins": "yes",
        "wikidata": "Q1704025",
        "wikipedia": "de:Ruine_Hartenkirch"
      },
      "geometry": {
        "type": "Point",
        "coordinates": [
          8.5342226,
          47.7211381
        ]
      },
      "id": "node/1777404856"
    },
    {
      "type": "Feature",
      "properties": {
        "@id": "node/1814162035",
        "access": "yes",
        "castle_type": "defensive",
        "historic": "castle",
        "historic:civilization": "medieval",
        "name": "Burgruine Wichenstein",
        "opening_hours": "24/7",
        "ruins": "yes",
        "tourism": "attraction",
        "wheelchair": "no",
        "wikidata": "Q7998102"
      },
      "geometry": {
        "type": "Point",
        "coordinates": [
          9.5538818,
          47.3271735
        ]
      },
      "id": "node/1814162035"
    },
    {
      "type": "Feature",
      "properties": {
        "@id": "node/1817826516",
        "access": "yes",
        "castle_type": "defensive",
        "historic": "castle",
        "historic:civilization": "medieval",
        "name": "Ruine Freudenau",
        "ruins": "yes",
        "wikidata": "Q2175272",
        "wikipedia": "de:Ruine Freudenau"
      },
      "geometry": {
        "type": "Point",
        "coordinates": [
          8.2342157,
          47.5123412
        ]
      },
      "id": "node/1817826516"
    },
    {
      "type": "Feature",
      "properties": {
        "@id": "node/1843010139",
        "addr:full": "Altschloss, 3543 Signau",
        "alt_name": "Burg Alt-Signau",
        "archaeological_site": "fortification",
        "castle_type": "defensive",
        "heritage": "3",
        "heritage:operator": "babs",
        "historic": "castle",
        "image": "https://upload.wikimedia.org/wikipedia/commons/thumb/0/05/Ruine_Alt-Signau_1.jpg/800px-Ruine_Alt-Signau_1.jpg",
        "name": "Ruine Alt-Signau",
        "note": "KGS-Nr: Nummer des Kulturgutes, zu finden in den KGS-Listen des Bundes und der Kantone. BABS: Bundesamt für Bevölkerungsschutz. - Burgruine hat Adresse Signau, liegt aber auf Gemeindegebiet Bowil.",
        "ref:kgs": "805",
        "ruins": "yes",
        "source": "gps",
        "wikidata": "Q2175178",
        "wikimedia_commons": "Category:Ruine Alt-Signau",
        "wikipedia": "de:Ruine_Alt-Signau"
      },
      "geometry": {
        "type": "Point",
        "coordinates": [
          7.7226838,
          46.9044192
        ]
      },
      "id": "node/1843010139"
    },
    {
      "type": "Feature",
      "properties": {
        "@id": "node/1851215862",
        "access": "private",
        "alt_name": "Schloss Wikon",
        "castle_type": "stately",
        "description": "Burg erbaut im 12./13. Jh. als Sitz der Edlen v. Büttikon, 1373 in Händen der Grafen v. Nidau, 1409 der Grafen v. Thierstein, 1476 Verkauf an Luzern, bis 1798 Landvogteisitz, dann durch Brand zerstört. Privatbesitz. (Quelle: Burgenverein.ch)",
        "historic": "castle",
        "historic:civilization": "medieval",
        "name": "Schloss Marienburg",
        "tourism": "attraction",
        "website": "http://www.kloster-wikon.ch/schloss-wikon.html",
        "wikidata": "Q29785849"
      },
      "geometry": {
        "type": "Point",
        "coordinates": [
          7.9707163,
          47.2652847
        ]
      },
      "id": "node/1851215862"
    },
    {
      "type": "Feature",
      "properties": {
        "@id": "node/1862065036",
        "access": "yes",
        "archaeological_site": "earthwork",
        "castle_type": "defensive",
        "description": "Nordöstlich über Teufen markanter, allseits steil abfallender Burghügel mit schwachen Mauerresten eines Turmes und der Umfassungsmauer. Sitz der Freiherren v. Teufen, erwiesen 1285. 1334 zerstört. (Quelle: Burgenverein.ch)",
        "ele": "568",
        "end_date": "mid C14",
        "historic": "castle",
        "historic:civilization": "medieval",
        "name": "Burgstelle Hohenteufen",
        "name:gsw": "Hohen-Tüfen",
        "ruins": "yes",
        "start_date": "late C13",
        "wikidata": "Q29932628",
        "wikipedia": "de:Burgstelle Hohenteufen"
      },
      "geometry": {
        "type": "Point",
        "coordinates": [
          8.5740322,
          47.5563719
        ]
      },
      "id": "node/1862065036"
    },
    {
      "type": "Feature",
      "properties": {
        "@id": "node/1876085057",
        "access": "yes",
        "castle_type": "tower",
        "historic": "castle",
        "historic:civilization": "medieval",
        "name": "La Tour d'Hermance",
        "ruins": "yes",
        "start_date": "1247",
        "wikidata": "Q30739694",
        "wikipedia": "fr:Château d'Hermance"
      },
      "geometry": {
        "type": "Point",
        "coordinates": [
          6.2455644,
          46.3008051
        ]
      },
      "id": "node/1876085057"
    },
    {
      "type": "Feature",
      "properties": {
        "@id": "node/1888132778",
        "access": "yes",
        "castle_type": "defensive",
        "historic": "castle",
        "historic:civilization": "medieval",
        "name": "Burg Splügen",
        "ruins": "yes",
        "wikidata": "Q1014040",
        "wikipedia": "de:Burg Splügen"
      },
      "geometry": {
        "type": "Point",
        "coordinates": [
          9.334348,
          46.5572441
        ]
      },
      "id": "node/1888132778"
    },
    {
      "type": "Feature",
      "properties": {
        "@id": "node/1912799568",
        "historic": "castle",
        "name": "Schloss Riggisberg",
        "wikidata": "Q1537155",
        "wikipedia": "de:Schloss Riggisberg"
      },
      "geometry": {
        "type": "Point",
        "coordinates": [
          7.4718266,
          46.8086928
        ]
      },
      "id": "node/1912799568"
    },
    {
      "type": "Feature",
      "properties": {
        "@id": "node/1946698494",
        "addr:city": "Muri bei Bern",
        "addr:country": "CH",
        "addr:housename": "Schloss Muri bei Bern",
        "addr:housenumber": "95",
        "addr:postcode": "3074",
        "addr:street": "Thunstrasse",
        "castle_type": "stately",
        "historic": "castle",
        "name": "Schloss Muri bei Bern",
        "wikidata": "Q2242487",
        "wikipedia": "de:Schloss Muri"
      },
      "geometry": {
        "type": "Point",
        "coordinates": [
          7.4880763,
          46.930881
        ]
      },
      "id": "node/1946698494"
    },
    {
      "type": "Feature",
      "properties": {
        "@id": "node/1960962516",
        "access": "yes",
        "castle_type": "defensive",
        "historic": "castle",
        "historic:civilization": "medieval",
        "name": "Ruine Schadburg",
        "ruins": "yes",
        "wikidata": "Q1335263",
        "wikipedia": "de:Ruine Schadburg"
      },
      "geometry": {
        "type": "Point",
        "coordinates": [
          7.9159261,
          46.7127542
        ]
      },
      "id": "node/1960962516"
    },
    {
      "type": "Feature",
      "properties": {
        "@id": "node/1984132510",
        "archaeological_site": "fortification",
        "castle_type": "defensive",
        "historic": "castle",
        "name": "Sternenberg",
        "ruins": "yes",
        "wikidata": "Q2175444",
        "wikipedia": "de:Ruine Sternenberg"
      },
      "geometry": {
        "type": "Point",
        "coordinates": [
          7.5048915,
          47.4785385
        ]
      },
      "id": "node/1984132510"
    },
    {
      "type": "Feature",
      "properties": {
        "@id": "node/2007067214",
        "castle_type": "defensive",
        "historic": "castle",
        "name": "Ruine Falkenstein",
        "ruins": "yes",
        "wikidata": "Q1011680",
        "wikipedia": "de:Burg Falkenstein (Igis)"
      },
      "geometry": {
        "type": "Point",
        "coordinates": [
          9.5878731,
          46.9401823
        ]
      },
      "id": "node/2007067214"
    },
    {
      "type": "Feature",
      "properties": {
        "@id": "node/2063816822",
        "building": "ruins",
        "castle_type": "defensive",
        "designation": "Ruine Burg Chastels",
        "historic": "castle",
        "name": "Burgruine Chastels",
        "ruins": "yes",
        "source": "http://de.wikipedia.org/wiki/D%C3%BCdingen#Sehensw.C3.BCrdigkeiten",
        "wikidata": "Q67772071"
      },
      "geometry": {
        "type": "Point",
        "coordinates": [
          7.1748546,
          46.8224936
        ]
      },
      "id": "node/2063816822"
    },
    {
      "type": "Feature",
      "properties": {
        "@id": "node/2117906320",
        "access": "yes",
        "castle_type": "defensive",
        "description": "Burgstelle mit Burghügel und Halsgraben, ohne Mauerspuren. Ehem. Burg der Herren v. Meldegg (erwiesen 1312/47). (Quelle: Burgenverein.ch)",
        "historic": "castle",
        "historic:civilization": "medieval",
        "name": "Burgstelle Alt Meldegg",
        "ruins": "yes",
        "wikidata": "Q67772076"
      },
      "geometry": {
        "type": "Point",
        "coordinates": [
          9.3402345,
          47.4366211
        ]
      },
      "id": "node/2117906320"
    },
    {
      "type": "Feature",
      "properties": {
        "@id": "node/2123811689",
        "castle_type": "stately",
        "historic": "castle",
        "historic:civilization": "medieval",
        "name": "Schloss Interlaken",
        "name:zh": "因特拉肯城堡",
        "wikidata": "Q2241722",
        "wikipedia": "de:Schloss Interlaken"
      },
      "geometry": {
        "type": "Point",
        "coordinates": [
          7.8637349,
          46.6872481
        ]
      },
      "id": "node/2123811689"
    },
    {
      "type": "Feature",
      "properties": {
        "@id": "node/2140726673",
        "access": "yes",
        "historic": "ruins",
        "historic:civilization": "medieval",
        "name": "Tour des Sarrasins",
        "ruins": "castle",
        "wikidata": "Q104231208"
      },
      "geometry": {
        "type": "Point",
        "coordinates": [
          7.1013022,
          46.9593175
        ]
      },
      "id": "node/2140726673"
    },
    {
      "type": "Feature",
      "properties": {
        "@id": "node/2194597818",
        "addr:city": "Moutier",
        "castle_type": "stately",
        "historic": "castle",
        "historic:civilization": "medieval",
        "name": "Château du Moutier",
        "wikidata": "Q2242490",
        "wikipedia": "de:Schloss Moutier"
      },
      "geometry": {
        "type": "Point",
        "coordinates": [
          7.3730593,
          47.280259
        ]
      },
      "id": "node/2194597818"
    },
    {
      "type": "Feature",
      "properties": {
        "@id": "node/2260257903",
        "access": "yes",
        "castle_type": "defensive",
        "description": "Erwiesen 1270 als Sitz der Herren v. Rüdberg, 1272 an die Grafen v. Werdenberg, 1340 an die Grafen v. Toggenburg verpfändet, 1468 von der Abtei St. Gallen zurückgekauft und aufgelassen. Ausgrabung und Konservierung 1949-54. (Quelle: Burgenverein.ch)",
        "ele": "631",
        "fee": "no",
        "historic": "castle",
        "historic:civilization": "medieval",
        "image": "https://upload.wikimedia.org/wikipedia/commons/thumb/4/4d/Ruine_Ruedberg.JPG/960px-Ruine_Ruedberg.JPG",
        "loc_name": "Schlössli",
        "name": "Ruine Rüdberg",
        "name:de": "Ruine Rüdberg",
        "ruins": "yes",
        "wheelchair": "no",
        "wikidata": "Q29786711",
        "wikimedia_commons": "Category:Rüdberg, mittelalterliche Burgruine (Oberhelfenschwil)",
        "wikipedia:de": "Burg Rüdberg"
      },
      "geometry": {
        "type": "Point",
        "coordinates": [
          9.0881582,
          47.3497643
        ]
      },
      "id": "node/2260257903"
    },
    {
      "type": "Feature",
      "properties": {
        "@id": "node/2269507685",
        "addr:city": "Lucens",
        "addr:postcode": "1522",
        "addr:street": "Rue du Château",
        "castle_type": "defensive",
        "historic": "castle",
        "historic:civilization": "medieval",
        "name": "Château de Lucens",
        "phone": "+41 21 906 80 32",
        "tourism": "attraction",
        "website": "https://www.chateaudelucens.ch/",
        "wikidata": "Q2969752",
        "wikipedia": "fr:Château de Lucens"
      },
      "geometry": {
        "type": "Point",
        "coordinates": [
          6.8366884,
          46.710674
        ]
      },
      "id": "node/2269507685"
    },
    {
      "type": "Feature",
      "properties": {
        "@id": "node/2284921447",
        "access": "yes",
        "castle_type": "defensive",
        "historic": "castle",
        "name": "Ruine Sissacherfluh",
        "ruins": "yes",
        "wikidata": "Q1736132",
        "wikipedia": "de:Ruine Sissacherfluh"
      },
      "geometry": {
        "type": "Point",
        "coordinates": [
          7.8171399,
          47.4801429
        ]
      },
      "id": "node/2284921447"
    },
    {
      "type": "Feature",
      "properties": {
        "@id": "node/2302886421",
        "access": "private",
        "alt_name": "Burg Neu-Bubenberg",
        "castle_type": "defensive",
        "description": "Auf Hügelkuppe am Ulmizberg, südl. von Schliern. Konservierte Mauerreste eines rechteckigen Turmes (Mitte 13. Jh.). Ehemaliger Sitz eines Zweiges der Herren v. Bubenberg, nach 1338 aufgelassen. Privatbesitz. (Quelle: Burgenverein.ch)",
        "ele": "759",
        "historic": "castle",
        "historic:civilization": "medieval",
        "image": "https://upload.wikimedia.org/wikipedia/commons/thumb/3/30/NeuBubenberg1.jpg/800px-NeuBubenberg1.jpg",
        "name": "Burgruine Neu-Bubenberg",
        "ruins": "yes",
        "source": "survey",
        "wikidata": "Q1013231",
        "wikipedia": "de:Burg Neu-Bubenberg"
      },
      "geometry": {
        "type": "Point",
        "coordinates": [
          7.4211315,
          46.9010786
        ]
      },
      "id": "node/2302886421"
    },
    {
      "type": "Feature",
      "properties": {
        "@id": "node/2330714364",
        "access": "private",
        "castle_type": "stately",
        "historic": "castle",
        "name": "Schloss Schwarzenbach",
        "wikidata": "Q1265744",
        "wikipedia": "de:Schloss Schwarzenbach (Jonschwil)"
      },
      "geometry": {
        "type": "Point",
        "coordinates": [
          9.0692744,
          47.442601
        ]
      },
      "id": "node/2330714364"
    },
    {
      "type": "Feature",
      "properties": {
        "@id": "node/2344764659",
        "addr:housenumber": "8",
        "addr:place": "Schloss",
        "addr:postcode": "3456",
        "castle_type": "defensive",
        "historic": "castle",
        "historic:civilization": "medieval",
        "name": "Schloss Trachselwald",
        "website": "http://trachselwald-castle.ch/",
        "wikidata": "Q547064",
        "wikipedia": "de:Schloss Trachselwald"
      },
      "geometry": {
        "type": "Point",
        "coordinates": [
          7.7418578,
          47.0175088
        ]
      },
      "id": "node/2344764659"
    },
    {
      "type": "Feature",
      "properties": {
        "@id": "node/2346025282",
        "alt_name": "Schloss Sumiswald",
        "castle_type": "stately",
        "historic": "castle",
        "historic:civilization": "medieval",
        "image": "https://upload.wikimedia.org/wikipedia/commons/thumb/b/b1/2014-Sumiswald-Schloss.jpg/800px-2014-Sumiswald-Schloss.jpg",
        "name": "Schloss Spittel",
        "wikidata": "Q2243568",
        "wikimedia_commons": "Category:Schloss Spittel",
        "wikipedia": "de:Schloss Spittel"
      },
      "geometry": {
        "type": "Point",
        "coordinates": [
          7.7627817,
          47.03208
        ]
      },
      "id": "node/2346025282"
    },
    {
      "type": "Feature",
      "properties": {
        "@id": "node/2388546710",
        "castle_type": "defensive",
        "historic": "castle",
        "name": "Burg Spitzenberg",
        "ruins": "yes",
        "wikidata": "Q1014030",
        "wikipedia": "de:Burg_Spitzenberg_(BE)"
      },
      "geometry": {
        "type": "Point",
        "coordinates": [
          7.8117356,
          46.9561752
        ]
      },
      "id": "node/2388546710"
    },
    {
      "type": "Feature",
      "properties": {
        "@id": "node/2430389756",
        "access": "yes",
        "castle_type": "defensive",
        "historic": "castle",
        "historic:civilization": "medieval",
        "name": "Ruine Grünenberg",
        "note": "Es gibt einen Verein, der die Burgruinen Grünenberg und Langenstein unterhält. Darum die Website gruenenberg.ch.",
        "ruins": "yes",
        "website": "https://www.gruenenberg.ch/",
        "wikidata": "Q1156041",
        "wikipedia": "de:Ruine Grünenberg (Melchnau)"
      },
      "geometry": {
        "type": "Point",
        "coordinates": [
          7.8583559,
          47.179052
        ]
      },
      "id": "node/2430389756"
    },
    {
      "type": "Feature",
      "properties": {
        "@id": "node/2488241533",
        "castle_type": "defensive",
        "historic": "castle",
        "name": "Ruine Alt-Aspermont",
        "ruins": "yes",
        "wikidata": "Q2175166",
        "wikipedia": "de:Ruine Alt-Aspermont"
      },
      "geometry": {
        "type": "Point",
        "coordinates": [
          9.5716132,
          46.9119004
        ]
      },
      "id": "node/2488241533"
    },
    {
      "type": "Feature",
      "properties": {
        "@id": "node/2530784679",
        "castle_type": "defensive",
        "historic": "castle",
        "name": "Burgruine Strahlegg",
        "ruins": "yes",
        "source": "local_knowledge",
        "wikidata": "Q1014149",
        "wikipedia": "de:Burg Strahlegg (Fideris)"
      },
      "geometry": {
        "type": "Point",
        "coordinates": [
          9.7554604,
          46.9161914
        ]
      },
      "id": "node/2530784679"
    },
    {
      "type": "Feature",
      "properties": {
        "@id": "node/2579685626",
        "castle_type": "defensive",
        "historic": "castle",
        "name": "Burg Burgau",
        "ruins": "yes",
        "wikidata": "Q67772091"
      },
      "geometry": {
        "type": "Point",
        "coordinates": [
          9.2168914,
          47.3999625
        ]
      },
      "id": "node/2579685626"
    },
    {
      "type": "Feature",
      "properties": {
        "@id": "node/2596972796",
        "access": "yes",
        "castle_type": "defensive",
        "description": "Zwei Burggräben im N und E, Burgplatz mit Mauerresten auf zwei Terrassen. Vermutlich Stammburg der Giel, Kämmerer der Abtei St.Gallen, 1226 erwiesen, 1403 beschädigt, 1485 zerstört und 1732 abgebrochen. (Quelle: Burgenverein.ch)",
        "historic": "castle",
        "historic:civilization": "medieval",
        "name": "Burgstelle Gielen-Glattburg",
        "ruins": "yes",
        "wikidata": "Q67772095"
      },
      "geometry": {
        "type": "Point",
        "coordinates": [
          9.1839559,
          47.4287242
        ]
      },
      "id": "node/2596972796"
    },
    {
      "type": "Feature",
      "properties": {
        "@id": "node/2635081298",
        "castle_type": "defensive",
        "historic": "castle",
        "name": "Burgstelle Hardegg",
        "ruins": "yes",
        "wikidata": "Q67772096"
      },
      "geometry": {
        "type": "Point",
        "coordinates": [
          9.5801387,
          47.4039614
        ]
      },
      "id": "node/2635081298"
    },
    {
      "type": "Feature",
      "properties": {
        "@id": "node/2663542422",
        "access": "yes",
        "alt_name": "Ergnau",
        "archaeological_site": "fortification",
        "historic": "archaeological_site",
        "historic:civilization": "medieval",
        "name": "Château d'Ergnaud",
        "ruins": "castle",
        "wikidata": "Q27864151",
        "wikipedia": "en:Ergnaud Castle (Bex, Switzerland)"
      },
      "geometry": {
        "type": "Point",
        "coordinates": [
          7.0398055,
          46.2624963
        ]
      },
      "id": "node/2663542422"
    },
    {
      "type": "Feature",
      "properties": {
        "@id": "node/2707031234",
        "archaeological_site": "fortification",
        "castle_type": "defensive",
        "historic": "castle",
        "name": "Ruine Gutenfels",
        "ruins": "yes",
        "wikidata": "Q2175280",
        "wikipedia": "de:Ruine Gutenfels"
      },
      "geometry": {
        "type": "Point",
        "coordinates": [
          7.7268941,
          47.4226336
        ]
      },
      "id": "node/2707031234"
    },
    {
      "type": "Feature",
      "properties": {
        "@id": "node/2713529662",
        "access": "yes",
        "castle_type": "defensive",
        "description": "Ausgedehnte Burgruine. Vermutlich Kirchenkastell, im 11. Jh. durch die Grafen von Bregenz zur Burg umgebaut, im 14. Jh. in Besitz der Herren v. Aspermont, 1344 an die Grafen v. Toggenburg, Burg und Kirche im 16. Jh. aufgelassen. (Quelle: Burgenverein.ch)",
        "historic": "castle",
        "historic:civilization": "medieval",
        "name": "Burgruine Solavers",
        "ruins": "yes",
        "wikidata": "Q1014007",
        "wikipedia": "de:Burg Solavers"
      },
      "geometry": {
        "type": "Point",
        "coordinates": [
          9.6443929,
          46.9833886
        ]
      },
      "id": "node/2713529662"
    },
    {
      "type": "Feature",
      "properties": {
        "@id": "node/2864969320",
        "alt_name": "Tschäpperli",
        "castle_type": "defensive",
        "historic": "castle",
        "historic:civilization": "medieval",
        "name": "Ruine Frohberg",
        "ruins": "yes",
        "wikidata": "Q2175273",
        "wikimedia_commons": "Category:Frohberg Castle",
        "wikipedia:de": "Ruine Frohberg"
      },
      "geometry": {
        "type": "Point",
        "coordinates": [
          7.5615839,
          47.467822
        ]
      },
      "id": "node/2864969320"
    },
    {
      "type": "Feature",
      "properties": {
        "@id": "node/2898483720",
        "archaeological_site": "fortification",
        "castle_type": "defensive",
        "historic": "castle",
        "name": "Ruine Tegerfelden",
        "ruins": "yes",
        "wheelchair": "no",
        "wikidata": "Q2175459",
        "wikipedia": "de:Ruine Tegerfelden"
      },
      "geometry": {
        "type": "Point",
        "coordinates": [
          8.2774734,
          47.5610257
        ]
      },
      "id": "node/2898483720"
    },
    {
      "type": "Feature",
      "properties": {
        "@id": "node/3005388608",
        "access": "yes",
        "barbecue_grill": "yes",
        "castle_type": "defensive",
        "ele": "790",
        "hiking": "yes",
        "historic": "castle",
        "historic:civilization": "medieval",
        "name": "Ruine Wartenstein",
        "ruins": "yes",
        "wikidata": "Q1723316",
        "wikipedia": "de:Ruine Wartenstein"
      },
      "geometry": {
        "type": "Point",
        "coordinates": [
          7.732548,
          46.9710582
        ]
      },
      "id": "node/3005388608"
    },
    {
      "type": "Feature",
      "properties": {
        "@id": "node/3027592069",
        "access": "yes",
        "castle_type": "defensive",
        "historic": "castle",
        "historic:civilization": "medieval",
        "name": "Ruine Gestelnburg",
        "ruins": "yes",
        "wikidata": "Q29573881"
      },
      "geometry": {
        "type": "Point",
        "coordinates": [
          7.7830169,
          46.3133123
        ]
      },
      "id": "node/3027592069"
    },
    {
      "type": "Feature",
      "properties": {
        "@id": "node/3100389901",
        "access": "yes",
        "castle_type": "hillfort",
        "historic": "castle",
        "name": "Burgruine Fürstenstein",
        "ruins": "yes",
        "wikidata": "Q2175269",
        "wikipedia": "de:Ruine Fürstenstein"
      },
      "geometry": {
        "type": "Point",
        "coordinates": [
          7.5306351,
          47.4677267
        ]
      },
      "id": "node/3100389901"
    },
    {
      "type": "Feature",
      "properties": {
        "@id": "node/3149225727",
        "castle_type": "fortress",
        "historic": "castle",
        "name": "Fort Militaire Châtelard",
        "wikidata": "Q67772119"
      },
      "geometry": {
        "type": "Point",
        "coordinates": [
          6.9562823,
          46.0570748
        ]
      },
      "id": "node/3149225727"
    },
    {
      "type": "Feature",
      "properties": {
        "@id": "node/3256406527",
        "castle_type": "defensive",
        "heritage": "1",
        "heritage:operator": "whc",
        "historic": "castle",
        "historic:civilization": "medieval",
        "name": "Castelgrande",
        "name:ru": "Кастельгранде",
        "ref:whc": "884-001",
        "tourism": "attraction",
        "website": "https://www.ticino.ch/de/commons/details/Castelgrande/2793.html",
        "whc:inscription_date": "2000",
        "wikidata": "Q664376",
        "wikipedia": "it:Castelgrande (castello)"
      },
      "geometry": {
        "type": "Point",
        "coordinates": [
          9.0217456,
          46.1929023
        ]
      },
      "id": "node/3256406527"
    },
    {
      "type": "Feature",
      "properties": {
        "@id": "node/3256443027",
        "castle_type": "defensive",
        "heritage": "1",
        "heritage:operator": "whc",
        "historic": "castle",
        "name": "Castello di Montebello",
        "name:fr": "Château de Montebello",
        "name:it": "Castello di Montebello",
        "name:ru": "Монтебелло",
        "opening_hours": "Apr-Nov: Mo-Su 10:00-18:00",
        "ref:whc": "884-002",
        "source": "website and survey",
        "tourism": "attraction",
        "website": "https://www.ticino.ch/de/commons/details/Burg-Montebello/2796.html",
        "whc:inscription_date": "2000",
        "wikidata": "Q664346",
        "wikipedia": "it:Castello di Montebello (Bellinzona)"
      },
      "geometry": {
        "type": "Point",
        "coordinates": [
          9.0265655,
          46.1912869
        ]
      },
      "id": "node/3256443027"
    },
    {
      "type": "Feature",
      "properties": {
        "@id": "node/3256443038",
        "castle_type": "defensive",
        "heritage": "1",
        "heritage:operator": "whc",
        "historic": "castle",
        "historic:civilization": "medieval",
        "name": "Castello di Sasso Corbaro",
        "name:fr": "Château de Sasso Corbaro",
        "name:it": "Castello di Sasso Corbaro",
        "name:ru": "Сассо-Корбаро",
        "opening_hours": "Apr-Nov: Mo-Su 10:00-18:00",
        "ref:whc": "884-003",
        "source": "website and survey",
        "tourism": "attraction",
        "website": "https://www.bellinzonese-altoticino.ch/it/commons/details/Castello-di-Sasso-Corbaro/2797.html",
        "whc:inscription_date": "2000",
        "wheelchair": "limited",
        "wikidata": "Q663436",
        "wikipedia": "it:Sasso Corbaro"
      },
      "geometry": {
        "type": "Point",
        "coordinates": [
          9.030132,
          46.1881229
        ]
      },
      "id": "node/3256443038"
    },
    {
      "type": "Feature",
      "properties": {
        "@id": "node/3414232868",
        "access": "yes",
        "archaeological_site": "earthwork",
        "castle_type": "hillfort",
        "historic": "castle",
        "historic:civilization": "medieval",
        "name": "Gutenburg",
        "ruins": "yes",
        "start_date": "1100",
        "wikidata": "Q1012121",
        "wikipedia": "de:Burg Gutenburg (Gutenburg BE)"
      },
      "geometry": {
        "type": "Point",
        "coordinates": [
          7.795609,
          47.183274
        ]
      },
      "id": "node/3414232868"
    },
    {
      "type": "Feature",
      "properties": {
        "@id": "node/3426671299",
        "castle_type": "defensive",
        "historic": "castle",
        "name": "Ruine Breitenlandenberg",
        "ruins": "yes",
        "wikidata": "Q2175214",
        "wikipedia": "de:Ruine Breitenlandenberg"
      },
      "geometry": {
        "type": "Point",
        "coordinates": [
          8.858604,
          47.4282352
        ]
      },
      "id": "node/3426671299"
    },
    {
      "type": "Feature",
      "properties": {
        "@id": "node/3471347453",
        "building:condition": "completely_ruinous",
        "castle_type": "defensive",
        "historic": "castle",
        "name": "Ruine Rosenberg",
        "ruins": "yes",
        "wikidata": "Q2175404",
        "wikipedia": "de:Ruine Rosenberg"
      },
      "geometry": {
        "type": "Point",
        "coordinates": [
          9.2820971,
          47.3963646
        ]
      },
      "id": "node/3471347453"
    },
    {
      "type": "Feature",
      "properties": {
        "@id": "node/3477327694",
        "access": "yes",
        "castle_type": "defensive",
        "historic": "castle",
        "historic:civilization": "medieval",
        "name": "Ruine Jagdburg",
        "opening_hours": "24/7",
        "ruins": "yes",
        "wheelchair": "no",
        "wikidata": "Q2175322",
        "wikipedia": "de:Ruine Jagdburg"
      },
      "geometry": {
        "type": "Point",
        "coordinates": [
          7.5796541,
          46.714793
        ]
      },
      "id": "node/3477327694"
    },
    {
      "type": "Feature",
      "properties": {
        "@id": "node/3517065441",
        "access": "private",
        "castle_type": "stately",
        "historic": "castle",
        "name": "Chateau de Wallenried",
        "name:de": "Schloss Wallenried",
        "wikidata": "Q29689042"
      },
      "geometry": {
        "type": "Point",
        "coordinates": [
          7.1161206,
          46.8746822
        ]
      },
      "id": "node/3517065441"
    },
    {
      "type": "Feature",
      "properties": {
        "@id": "node/3561466727",
        "access": "yes",
        "castle_type": "defensive",
        "description": "Erbaut Ritter Ludwig v. Wynegg 1254-1257, 1270 bischöfl. Lehen in Händen der Freiherren v. Vaz, 1338 an Friedrich v. Toggenburg vererbt, 1548 als Ruine erwähnt, um 1600 Andreas v. Salis ein Neubau, Ende 18. Jh. verlassen. (Quelle: Burgenverein.ch)",
        "historic": "castle",
        "historic:civilization": "medieval",
        "name": "Ruine Wynegg",
        "ruins": "yes",
        "wikidata": "Q1014666",
        "wikipedia": "de:Burg Wynegg"
      },
      "geometry": {
        "type": "Point",
        "coordinates": [
          9.5700578,
          46.994825
        ]
      },
      "id": "node/3561466727"
    },
    {
      "type": "Feature",
      "properties": {
        "@id": "node/3616196589",
        "access": "yes",
        "castle_type": "defensive",
        "historic": "castle",
        "name": "Ruine Lunkhofen",
        "ruins": "yes",
        "wikidata": "Q29580240"
      },
      "geometry": {
        "type": "Point",
        "coordinates": [
          8.3888901,
          47.3188953
        ]
      },
      "id": "node/3616196589"
    },
    {
      "type": "Feature",
      "properties": {
        "@id": "node/3675580690",
        "access": "yes",
        "castle_type": "castrum",
        "description": "Umfassungsmauer mit Polygonaltürmen eines spätrömischen Kastells. Erbaut um 294 n.Chr. unter Diokletian zum Schutz des Rheinübergangs. 1901 Konservierung. (Quelle: Burgenverein.ch)",
        "historic": "castle",
        "historic:civilization": "ancient_roman",
        "name": "Römerkastell Tasgetium",
        "ruins": "yes",
        "wikidata": "Q1331160"
      },
      "geometry": {
        "type": "Point",
        "coordinates": [
          8.8588308,
          47.6559494
        ]
      },
      "id": "node/3675580690"
    },
    {
      "type": "Feature",
      "properties": {
        "@id": "node/3738752742",
        "access": "yes",
        "castle_type": "hillfort",
        "historic": "castle",
        "historic:civilization": "medieval",
        "name": "Zwing Uri",
        "ruins": "yes",
        "start_date": "1200",
        "wikidata": "Q24283789",
        "wikipedia": "de:Zwing-Uri"
      },
      "geometry": {
        "type": "Point",
        "coordinates": [
          8.6704417,
          46.7743409
        ]
      },
      "id": "node/3738752742"
    },
    {
      "type": "Feature",
      "properties": {
        "@id": "node/3749433218",
        "access": "yes",
        "castle_type": "defensive",
        "historic": "castle",
        "historic:civilization": "medieval",
        "name": "Ruines du Château de Rochefort",
        "ruins": "yes",
        "website": "https://www.chateaurochefort.ch/",
        "wikidata": "Q29786047",
        "wikipedia": "fr:Château de Rochefort (Neuchâtel)"
      },
      "geometry": {
        "type": "Point",
        "coordinates": [
          6.7984638,
          46.9663686
        ]
      },
      "id": "node/3749433218"
    },
    {
      "type": "Feature",
      "properties": {
        "@id": "node/3979315983",
        "castle_type": "stately",
        "historic": "castle",
        "historic:civilization": "medieval",
        "name": "Altenburg",
        "wheelchair": "yes",
        "wikidata": "Q1332077",
        "wikipedia": "de:Schlösschen Altenburg"
      },
      "geometry": {
        "type": "Point",
        "coordinates": [
          8.1940481,
          47.4818508
        ]
      },
      "id": "node/3979315983"
    },
    {
      "type": "Feature",
      "properties": {
        "@id": "node/4027345689",
        "access": "yes",
        "castle_type": "defensive",
        "ele": "1181",
        "historic": "castle",
        "historic:civilization": "medieval",
        "name": "Cagliatscha",
        "ruins": "yes",
        "website": "https://pro-castellis.ch/cagliatscha-1265.shtml",
        "wikidata": "Q1011294",
        "wikipedia": "de:Burg Cagliatscha"
      },
      "geometry": {
        "type": "Point",
        "coordinates": [
          9.422255,
          46.6137715
        ]
      },
      "id": "node/4027345689"
    },
    {
      "type": "Feature",
      "properties": {
        "@id": "node/4109986686",
        "access": "yes",
        "castle_type": "defensive",
        "historic": "castle",
        "historic:civilization": "medieval",
        "name": "Burgruine Hohburg",
        "ruins": "yes",
        "tourism": "attraction",
        "wheelchair": "limited",
        "wikidata": "Q67772150",
        "wikipedia": "de:Ruine Hohburg"
      },
      "geometry": {
        "type": "Point",
        "coordinates": [
          7.5168778,
          46.8834478
        ]
      },
      "id": "node/4109986686"
    },
    {
      "type": "Feature",
      "properties": {
        "@id": "node/4172037696",
        "access": "yes",
        "castle_type": "defensive",
        "historic": "castle",
        "historic:civilization": "medieval",
        "name": "Blankenburg auf Schönegg",
        "ruins": "yes",
        "start_date": "1000",
        "tourism": "attraction",
        "wikidata": "Q881575",
        "wikipedia": "de:Blankenburg auf Schönegg"
      },
      "geometry": {
        "type": "Point",
        "coordinates": [
          7.50731,
          46.8001901
        ]
      },
      "id": "node/4172037696"
    },
    {
      "type": "Feature",
      "properties": {
        "@id": "node/4230329228",
        "access": "customers",
        "castle_type": "stately",
        "historic": "castle",
        "historic:civilization": "medieval",
        "name": "Schloss Schwandegg",
        "website": "https://www.schloss-schwandegg.ch/",
        "wikidata": "Q1325353",
        "wikipedia": "de:Schloss Schwandegg"
      },
      "geometry": {
        "type": "Point",
        "coordinates": [
          8.7768077,
          47.6232248
        ]
      },
      "id": "node/4230329228"
    },
    {
      "type": "Feature",
      "properties": {
        "@id": "node/4241151391",
        "historic": "castle",
        "image": "https://upload.wikimedia.org/wikipedia/commons/thumb/9/91/Ruine_Weissenburg,_Südmauer.jpg/800px-Ruine_Weissenburg,_Südmauer.jpg",
        "name": "Ruine Weissenburg",
        "ruins": "yes",
        "wikidata": "Q1231232",
        "wikimedia_commons": "Category:Ruine Weissenburg",
        "wikipedia": "de:Ruine Weissenburg"
      },
      "geometry": {
        "type": "Point",
        "coordinates": [
          7.4730385,
          46.658345
        ]
      },
      "id": "node/4241151391"
    },
    {
      "type": "Feature",
      "properties": {
        "@id": "node/4368506992",
        "addr:city": "Gümmenen",
        "addr:postcode": "3205",
        "castle_type": "defensive",
        "ele": "529",
        "historic": "castle",
        "name": "Burgruine Gümmenen",
        "ruins": "yes",
        "source": "Historisches Lexikon der Schweiz;http://www.hls-dhs-dss.ch/textes/d/D8330.php",
        "wikidata": "Q2175281",
        "wikipedia": "de:Ruine_Gümmenen"
      },
      "geometry": {
        "type": "Point",
        "coordinates": [
          7.2452416,
          46.9442111
        ]
      },
      "id": "node/4368506992"
    },
    {
      "type": "Feature",
      "properties": {
        "@id": "node/4370184084",
        "access": "yes",
        "castle_type": "defensive",
        "historic": "castle",
        "historic:civilization": "medieval",
        "name": "Ruine Stockalperturm",
        "note": "Nicht verwechseln mit dem Stockalperturm in Gondo.",
        "ruins": "yes",
        "tourism": "attraction",
        "wikidata": "Q67914637"
      },
      "geometry": {
        "type": "Point",
        "coordinates": [
          8.0836735,
          46.1856175
        ]
      },
      "id": "node/4370184084"
    },
    {
      "type": "Feature",
      "properties": {
        "@id": "node/4613130734",
        "castle_type": "palace",
        "historic": "castle",
        "name": "Château du Landeron",
        "name:de": "Schloss Landeren",
        "name:fr": "Château du Landeron",
        "wikidata": "Q2242107"
      },
      "geometry": {
        "type": "Point",
        "coordinates": [
          7.064136,
          47.0511581
        ]
      },
      "id": "node/4613130734"
    },
    {
      "type": "Feature",
      "properties": {
        "@id": "node/4665990061",
        "access": "yes",
        "alt_name": "Ruine Mannenberg",
        "castle_type": "defensive",
        "historic": "castle",
        "historic:civilization": "medieval",
        "name": "Ruine Unterer Mannenberg",
        "ruins": "yes",
        "start_date": "1200",
        "wikidata": "Q1700496",
        "wikipedia": "fr:Mannenberg"
      },
      "geometry": {
        "type": "Point",
        "coordinates": [
          7.3794629,
          46.5702911
        ]
      },
      "id": "node/4665990061"
    },
    {
      "type": "Feature",
      "properties": {
        "@id": "node/4686874789",
        "access": "yes",
        "building:condition": "completely_ruinous",
        "castle_type": "defensive",
        "historic": "castle",
        "historic:civilization": "medieval",
        "name": "Ruine Hohenlandenberg",
        "ruins": "yes",
        "wikidata": "Q1806013",
        "wikipedia": "de:Ruine Hohenlandenberg"
      },
      "geometry": {
        "type": "Point",
        "coordinates": [
          8.8655403,
          47.3976322
        ]
      },
      "id": "node/4686874789"
    },
    {
      "type": "Feature",
      "properties": {
        "@id": "node/4703976573",
        "castle_type": "defensive",
        "description": "Am alten Weg nach Waltensburg am östl. Dorfrand auf flacher Erhebung. Fundament eines rechteckigen Turmes. Wohl Meierturm des Klosters Disentis, 1505 urk. Erwähnung. (Quelle: Burgenverein.ch)",
        "historic": "castle",
        "historic:civilization": "medieval",
        "name": "Burgruine Marmarola",
        "ruins": "yes",
        "wikidata": "Q67772173"
      },
      "geometry": {
        "type": "Point",
        "coordinates": [
          9.0630958,
          46.7680092
        ]
      },
      "id": "node/4703976573"
    },
    {
      "type": "Feature",
      "properties": {
        "@id": "node/4774174437",
        "castle_type": "stately",
        "historic": "castle",
        "name": "Schloss Dottenwil",
        "name:de": "Schloss Dottenwil",
        "wikidata": "Q1584097"
      },
      "geometry": {
        "type": "Point",
        "coordinates": [
          9.3771638,
          47.4772395
        ]
      },
      "id": "node/4774174437"
    },
    {
      "type": "Feature",
      "properties": {
        "@id": "node/4827784517",
        "castle_type": "defensive",
        "historic": "castle",
        "historic:civilization": "medieval",
        "name": "Ruine Münchsberg",
        "ruins": "yes",
        "wikidata": "Q2175360",
        "wikipedia": "de:Ruine Münchsberg"
      },
      "geometry": {
        "type": "Point",
        "coordinates": [
          7.5722511,
          47.4620281
        ]
      },
      "id": "node/4827784517"
    },
    {
      "type": "Feature",
      "properties": {
        "@id": "node/4892181832",
        "access": "yes",
        "castle_type": "fortress",
        "end_date": "1995",
        "historic": "castle",
        "historic:civilization": "modern",
        "name": "Fort du Scex",
        "note": "1995 deklassifiziert, seither Museum",
        "website": "http://www.forteresse-st-maurice.ch/deutsch/dat_d/s_d/fwkpls_d.htm",
        "wikidata": "Q1438881",
        "wikipedia": "de:Fort du Scex"
      },
      "geometry": {
        "type": "Point",
        "coordinates": [
          6.9955844,
          46.2136793
        ]
      },
      "id": "node/4892181832"
    },
    {
      "type": "Feature",
      "properties": {
        "@id": "node/4899080621",
        "historic": "castle",
        "name": "Chateau de la Soie",
        "name:fr": "Chateau de la Soie",
        "ruins": "yes",
        "wikidata": "Q29927272"
      },
      "geometry": {
        "type": "Point",
        "coordinates": [
          7.3268469,
          46.2435297
        ]
      },
      "id": "node/4899080621"
    },
    {
      "type": "Feature",
      "properties": {
        "@id": "node/4919285922",
        "access": "yes",
        "castle_type": "defensive",
        "description": "Burgstelle mit Halsgraben und länglicher Burghügel ohne Mauerspuren. Erwiesen 1193 als Sitz der Herren v. Falkenstein, vermutlich 1403 von Appenzell zerstört. (Quelle: Burgenverein.ch)",
        "ele": "623",
        "historic": "castle",
        "historic:civilization": "medieval",
        "name": "Burgstelle Falkenstein",
        "wikidata": "Q102900152"
      },
      "geometry": {
        "type": "Point",
        "coordinates": [
          9.4218969,
          47.4432961
        ]
      },
      "id": "node/4919285922"
    },
    {
      "type": "Feature",
      "properties": {
        "@id": "node/4958394060",
        "castle_type": "defensive",
        "historic": "castle",
        "historic:civilization": "medieval",
        "name": "Ruine Schalberg",
        "ruins": "yes",
        "wikidata": "Q2175414",
        "wikipedia": "de:Ruine Schalberg"
      },
      "geometry": {
        "type": "Point",
        "coordinates": [
          7.5680513,
          47.4646687
        ]
      },
      "id": "node/4958394060"
    },
    {
      "type": "Feature",
      "properties": {
        "@id": "node/5046427190",
        "access": "yes",
        "alt_name": "Burgruine Sola",
        "castle_type": "defensive",
        "description": "Erbaut vermutlich 2.Hälfte des 12. Jh., bewohnt bis 1. Hälfte 13. Jh. Keine urkundliche Erwähnung. Nach dem Dorfbrand von Obersool 1713 als Steinbruch genutzt. 1927-29 freigelegt und konserviert. (Quelle: Burgenverein.ch)",
        "historic": "castle",
        "historic:civilization": "medieval",
        "name": "Burg Sola",
        "ruins": "yes",
        "website": "https://www.hvg.ch/glarner-burgenweg/1-burg-sola/",
        "wikidata": "Q29784380",
        "wikimedia_commons": "File:Ruine Sola am Bürgli im Oktober 2020.jpg"
      },
      "geometry": {
        "type": "Point",
        "coordinates": [
          9.0881602,
          47.0069631
        ]
      },
      "id": "node/5046427190"
    },
    {
      "type": "Feature",
      "properties": {
        "@id": "node/5100178818",
        "alt_name": "Burg Grottenstein",
        "castle_type": "defensive",
        "heritage": "3",
        "heritage:operator": "babs",
        "historic": "castle",
        "image": "https://upload.wikimedia.org/wikipedia/commons/c/c2/Grottenstein_aussen.jpg",
        "name": "Burgruine Grottenstein",
        "note": "KGS-Nr: Nummer des Kulturgutes, zu finden in den KGS-Listen des Bundes und der Kantone. BABS: Bundesamt für Bevölkerungsschutz",
        "ref:kgs": "3031",
        "ruins": "yes",
        "tourism": "attraction",
        "wheelchair": "no",
        "wikidata": "Q1012057",
        "wikipedia": "de:Burg Grottenstein"
      },
      "geometry": {
        "type": "Point",
        "coordinates": [
          9.5219722,
          46.8837143
        ]
      },
      "id": "node/5100178818"
    },
    {
      "type": "Feature",
      "properties": {
        "@id": "node/5124736761",
        "archaeological_site": "earthwork",
        "castle_type": "defensive",
        "historic": "castle",
        "historic:civilization": "medieval",
        "name": "Ruine Madeln",
        "wheelchair": "no",
        "wikidata": "Q2175363",
        "wikimedia_commons": "Category:Ruins Madeln",
        "wikipedia:de": "Ruine Madeln"
      },
      "geometry": {
        "type": "Point",
        "coordinates": [
          7.6966979,
          47.5065317
        ]
      },
      "id": "node/5124736761"
    },
    {
      "type": "Feature",
      "properties": {
        "@id": "node/5210628522",
        "access": "customers",
        "castle_type": "defensive",
        "historic": "castle",
        "historic:civilization": "medieval",
        "name": "Château de Miécourt",
        "website": "https://www.facmi.ch/",
        "wikidata": "Q67772823",
        "wikimedia_commons": "File:Miecourt-Chateau.jpg"
      },
      "geometry": {
        "type": "Point",
        "coordinates": [
          7.1724109,
          47.4276885
        ]
      },
      "id": "node/5210628522"
    },
    {
      "type": "Feature",
      "properties": {
        "@id": "node/5264204580",
        "access": "yes",
        "castle_type": "defensive",
        "historic": "castle",
        "historic:civilization": "medieval",
        "name": "Ruines du château de Montagny",
        "name:de": "Burgruine Montagny-près-Yverdon",
        "ruins": "yes",
        "wikidata": "Q29891122",
        "wikipedia": "de:Burgruine Montagny-près-Yverdon"
      },
      "geometry": {
        "type": "Point",
        "coordinates": [
          6.6089496,
          46.7967594
        ]
      },
      "id": "node/5264204580"
    },
    {
      "type": "Feature",
      "properties": {
        "@id": "node/5300918721",
        "access": "private",
        "addr:full": "Schloss 1, 8535 Herdern",
        "castle_type": "stately",
        "description": "Erbaut 1601-1617 für Ulrich v. Breitenlandenberg. Im Kern ein Bergfried, erbaut 1242/43, Sitz der Rheichenauer Ministerialen Bettler (Beteler) v. Herdern (1252-1424), 1683-1848 im Besitz des Klosters St. Urban/LU. (Quelle: Burgenverein.ch)",
        "historic": "castle",
        "historic:civilization": "medieval",
        "name": "Schloss Herdern",
        "wikidata": "Q29883029",
        "wikimedia_commons": "Category:Schloss_Herdern"
      },
      "geometry": {
        "type": "Point",
        "coordinates": [
          8.9100273,
          47.6041186
        ]
      },
      "id": "node/5300918721"
    },
    {
      "type": "Feature",
      "properties": {
        "@id": "node/5593295129",
        "castle_type": "defensive",
        "historic": "castle",
        "name": "Burg Heinzenberg",
        "ruins": "yes",
        "wikidata": "Q1012273",
        "wikipedia": "de:Burg Heinzenberg"
      },
      "geometry": {
        "type": "Point",
        "coordinates": [
          9.408576,
          46.7401776
        ]
      },
      "id": "node/5593295129"
    },
    {
      "type": "Feature",
      "properties": {
        "@id": "node/5627404766",
        "access": "yes",
        "castle_type": "defensive",
        "description": "Das frühma. Kirchenkastell im 12. Jh. von den Herren v. Castrisch zu Feudalburg ausgebaut, im 14. Jh. in Besitz der Herren v. Belmont, 1483 erwarb Bischof von Chur Burg und Herrschaft von den Herren v. Sax-Misox. Um 1550 Ruine. (Quelle: Burgenverein.ch)",
        "historic": "castle",
        "historic:civilization": "medieval",
        "name": "Burgruine Castrisch",
        "ruins": "yes",
        "wikidata": "Q1011329",
        "wikipedia": "de:Burg Castrisch"
      },
      "geometry": {
        "type": "Point",
        "coordinates": [
          9.2412946,
          46.7763033
        ]
      },
      "id": "node/5627404766"
    },
    {
      "type": "Feature",
      "properties": {
        "@id": "node/5627453580",
        "access": "yes",
        "castle_type": "defensive",
        "historic": "castle",
        "historic:civilization": "medieval",
        "name": "Burg Friberg",
        "ruins": "yes",
        "wikidata": "Q1011846",
        "wikipedia": "de:Burg_Friberg_(Trun)"
      },
      "geometry": {
        "type": "Point",
        "coordinates": [
          9.0020627,
          46.7480747
        ]
      },
      "id": "node/5627453580"
    },
    {
      "type": "Feature",
      "properties": {
        "@id": "node/5627511198",
        "alt_name": "Ober-Sansch",
        "castle_type": "defensive",
        "historic": "castle",
        "name": "Burg Kapfenstein",
        "ruins": "yes",
        "wikidata": "Q1012608",
        "wikipedia": "de:Burg Kapfenstein"
      },
      "geometry": {
        "type": "Point",
        "coordinates": [
          9.7753353,
          46.9217117
        ]
      },
      "id": "node/5627511198"
    },
    {
      "type": "Feature",
      "properties": {
        "@id": "node/5627514585",
        "castle_type": "defensive",
        "historic": "castle",
        "name": "Burg Hohenbalken",
        "ruins": "yes",
        "wikidata": "Q1012383",
        "wikipedia": "de:Burg_Hohenbalken"
      },
      "geometry": {
        "type": "Point",
        "coordinates": [
          8.8980076,
          46.720987
        ]
      },
      "id": "node/5627514585"
    },
    {
      "type": "Feature",
      "properties": {
        "@id": "node/5628311857",
        "castle_type": "defensive",
        "historic": "castle",
        "name": "Burg Moregg",
        "ruins": "yes",
        "wikidata": "Q1013144",
        "wikipedia": "de:Burg_Moregg"
      },
      "geometry": {
        "type": "Point",
        "coordinates": [
          9.1321609,
          46.7582382
        ]
      },
      "id": "node/5628311857"
    },
    {
      "type": "Feature",
      "properties": {
        "@id": "node/5628671286",
        "castle_type": "defensive",
        "historic": "castle",
        "name": "Burg Rappenstein",
        "ruins": "yes",
        "wikidata": "Q1013583",
        "wikipedia": "de:Burg Rappenstein"
      },
      "geometry": {
        "type": "Point",
        "coordinates": [
          9.519441,
          46.9247208
        ]
      },
      "id": "node/5628671286"
    },
    {
      "type": "Feature",
      "properties": {
        "@id": "node/5628723539",
        "castle_type": "defensive",
        "historic": "castle",
        "name": "Burg Saxenstein",
        "ruins": "yes",
        "wikidata": "Q1013824",
        "wikipedia": "de:Burg_Saxenstein"
      },
      "geometry": {
        "type": "Point",
        "coordinates": [
          9.0461255,
          46.7479871
        ]
      },
      "id": "node/5628723539"
    },
    {
      "type": "Feature",
      "properties": {
        "@id": "node/5628822414",
        "castle_type": "defensive",
        "historic": "castle",
        "name": "Burg Tuor",
        "ruins": "yes",
        "wikidata": "Q1014301",
        "wikipedia": "de:Burg_Tuor"
      },
      "geometry": {
        "type": "Point",
        "coordinates": [
          8.9228028,
          46.7297653
        ]
      },
      "id": "node/5628822414"
    },
    {
      "type": "Feature",
      "properties": {
        "@id": "node/5628837128",
        "castle_type": "defensive",
        "historic": "castle",
        "name": "Burg Vogelberg",
        "ruins": "yes",
        "wikidata": "Q1014411",
        "wikipedia": "de:Burg_Vogelberg"
      },
      "geometry": {
        "type": "Point",
        "coordinates": [
          9.100409,
          46.7817877
        ]
      },
      "id": "node/5628837128"
    },
    {
      "type": "Feature",
      "properties": {
        "@id": "node/5629054792",
        "castle_type": "defensive",
        "historic": "castle",
        "name": "Burg Neu-Signau",
        "ruins": "yes",
        "wikidata": "Q1013239",
        "wikipedia": "de:Burg_Neu-Signau"
      },
      "geometry": {
        "type": "Point",
        "coordinates": [
          7.7095434,
          46.9095454
        ]
      },
      "id": "node/5629054792"
    },
    {
      "type": "Feature",
      "properties": {
        "@id": "node/5629122641",
        "castle_type": "defensive",
        "historic": "castle",
        "name": "Burg Friesenberg",
        "ruins": "yes",
        "wikidata": "Q1011871",
        "wikipedia": "de:Burg_Friesenberg_(Wynigen)"
      },
      "geometry": {
        "type": "Point",
        "coordinates": [
          7.7288189,
          47.1015542
        ]
      },
      "id": "node/5629122641"
    },
    {
      "type": "Feature",
      "properties": {
        "@id": "node/5629466695",
        "access": "yes",
        "castle_type": "defensive",
        "historic": "castle",
        "historic:civilization": "medieval",
        "name": "Burgruine Alt-Rheineck",
        "ruins": "yes",
        "wikidata": "Q29786747"
      },
      "geometry": {
        "type": "Point",
        "coordinates": [
          9.5854048,
          47.4641845
        ]
      },
      "id": "node/5629466695"
    },
    {
      "type": "Feature",
      "properties": {
        "@id": "node/5646107721",
        "castle_type": "defensive",
        "historic": "castle",
        "name": "Burgstelle Sellenbüren",
        "ruins": "yes",
        "wikidata": "Q1013983",
        "wikimedia_commons": "Category:Castle ruin Sellenbüren",
        "wikipedia": "de:Burg Sellenbüren"
      },
      "geometry": {
        "type": "Point",
        "coordinates": [
          8.4866398,
          47.3447096
        ]
      },
      "id": "node/5646107721"
    },
    {
      "type": "Feature",
      "properties": {
        "@id": "node/5653941319",
        "access": "yes",
        "alt_name": "Marmorera",
        "castle_type": "defensive",
        "historic": "castle",
        "historic:civilization": "medieval",
        "name": "Burgruine Marmels",
        "ruins": "yes",
        "wikidata": "Q1013078",
        "wikipedia": "de:Burg Marmels"
      },
      "geometry": {
        "type": "Point",
        "coordinates": [
          9.6275226,
          46.5066362
        ]
      },
      "id": "node/5653941319"
    },
    {
      "type": "Feature",
      "properties": {
        "@id": "node/5653964641",
        "castle_type": "defensive",
        "historic": "castle",
        "name": "Casti Lagenberg",
        "ruins": "yes",
        "wikidata": "Q1012801",
        "wikipedia": "de:Burg Lagenberg"
      },
      "geometry": {
        "type": "Point",
        "coordinates": [
          9.2641941,
          46.8162751
        ]
      },
      "id": "node/5653964641"
    },
    {
      "type": "Feature",
      "properties": {
        "@id": "node/5676441325",
        "access": "yes",
        "alt_name": "Ruine Horen",
        "castle_type": "hillfort",
        "historic": "castle",
        "historic:civilization": "medieval",
        "name": "Ruine Rosenberg",
        "start_date": "1100",
        "wikidata": "Q2175317",
        "wikipedia": "de:Ruine Horen"
      },
      "geometry": {
        "type": "Point",
        "coordinates": [
          8.0576637,
          47.4135863
        ]
      },
      "id": "node/5676441325"
    },
    {
      "type": "Feature",
      "properties": {
        "@id": "node/5762357844",
        "castle_type": "defensive",
        "description": "Burgruine",
        "historic": "castle",
        "name": "Bärenburg",
        "ruins": "yes",
        "wikidata": "Q1011254",
        "wikipedia": "de:Burg Bärenburg (Andeer)"
      },
      "geometry": {
        "type": "Point",
        "coordinates": [
          9.4230266,
          46.5933105
        ]
      },
      "id": "node/5762357844"
    },
    {
      "type": "Feature",
      "properties": {
        "@id": "node/5762404117",
        "castle_type": "defensive",
        "historic": "castle",
        "name": "Burgruine Grünenfels",
        "ruins": "yes",
        "wikidata": "Q1012102",
        "wikipedia": "de:Burg Grünenfels"
      },
      "geometry": {
        "type": "Point",
        "coordinates": [
          9.1195461,
          46.779375
        ]
      },
      "id": "node/5762404117"
    },
    {
      "type": "Feature",
      "properties": {
        "@id": "node/5762408141",
        "castle_type": "defensive",
        "historic": "castle",
        "name": "Burgruine Heidenberg",
        "ruins": "yes",
        "wikidata": "Q1012249",
        "wikipedia": "de:Burg Heidenberg"
      },
      "geometry": {
        "type": "Point",
        "coordinates": [
          9.0635535,
          46.7522696
        ]
      },
      "id": "node/5762408141"
    },
    {
      "type": "Feature",
      "properties": {
        "@id": "node/5762480318",
        "castle_type": "defensive",
        "historic": "castle",
        "name": "Burgruine Löwenstein",
        "ruins": "yes",
        "wikidata": "Q1013044",
        "wikipedia": "de:Burg_Löwenstein_(Ilanz)"
      },
      "geometry": {
        "type": "Point",
        "coordinates": [
          9.2094703,
          46.7779995
        ]
      },
      "id": "node/5762480318"
    },
    {
      "type": "Feature",
      "properties": {
        "@id": "node/5762494486",
        "castle_type": "defensive",
        "historic": "castle",
        "name": "Burg Schwarzenstein",
        "ruins": "yes",
        "wikidata": "Q1013941",
        "wikipedia": "de:Burg Schwarzenstein (Obersaxen)"
      },
      "geometry": {
        "type": "Point",
        "coordinates": [
          9.0726942,
          46.7504601
        ]
      },
      "id": "node/5762494486"
    },
    {
      "type": "Feature",
      "properties": {
        "@id": "node/5762504483",
        "castle_type": "defensive",
        "historic": "castle",
        "name": "Burgruine Valendas",
        "ruins": "yes",
        "wikidata": "Q1014352",
        "wikipedia": "de:Burg Valendas"
      },
      "geometry": {
        "type": "Point",
        "coordinates": [
          9.2767017,
          46.788105
        ]
      },
      "id": "node/5762504483"
    },
    {
      "type": "Feature",
      "properties": {
        "@id": "node/5762504622",
        "access": "yes",
        "castle_type": "defensive",
        "description": "Burgstelle mit schwachen Mauerspuren eines Turmes. Gründungszeit und Erbauer unbekannt, 1370 als bischöfliche Lehen an die Herren v. Unterwegen verpfändet; im 15. Jh. aufgelassen. (Quelle: Burgenverein.ch)",
        "historic": "castle",
        "historic:civilization": "medieval",
        "name": "Burgstelle Trimmis",
        "ruins": "yes",
        "wikidata": "Q102898617"
      },
      "geometry": {
        "type": "Point",
        "coordinates": [
          9.5673641,
          46.8968749
        ]
      },
      "id": "node/5762504622"
    },
    {
      "type": "Feature",
      "properties": {
        "@id": "node/5762508653",
        "castle_type": "defensive",
        "historic": "castle",
        "name": "Burgruine Wildenberg",
        "ruins": "yes",
        "wikidata": "Q1014596",
        "wikipedia": "de:Burg Wildenberg (Falera)"
      },
      "geometry": {
        "type": "Point",
        "coordinates": [
          9.2193669,
          46.7994666
        ]
      },
      "id": "node/5762508653"
    },
    {
      "type": "Feature",
      "properties": {
        "@id": "node/5965003129",
        "castle_type": "defensive",
        "historic": "castle",
        "name": "Ruine Alt-Wildberg",
        "wikidata": "Q2175182",
        "wikipedia": "de:Ruine Alt-Wildberg"
      },
      "geometry": {
        "type": "Point",
        "coordinates": [
          8.8174647,
          47.4268326
        ]
      },
      "id": "node/5965003129"
    },
    {
      "type": "Feature",
      "properties": {
        "@id": "node/5986984836",
        "castle_type": "stately",
        "historic": "castle",
        "name": "Schloss Bellikon",
        "wheelchair": "yes",
        "wikidata": "Q2240231",
        "wikipedia": "de:Schloss Bellikon"
      },
      "geometry": {
        "type": "Point",
        "coordinates": [
          8.3429233,
          47.3900497
        ]
      },
      "id": "node/5986984836"
    },
    {
      "type": "Feature",
      "properties": {
        "@id": "node/5988350249",
        "access": "permissive",
        "castle_type": "defensive",
        "historic": "castle",
        "historic:civilization": "medieval",
        "name": "Ruine Tössegg",
        "ruins": "yes",
        "wikidata": "Q1666922",
        "wikipedia": "de:Ruine Tössegg"
      },
      "geometry": {
        "type": "Point",
        "coordinates": [
          8.8384157,
          47.4385991
        ]
      },
      "id": "node/5988350249"
    },
    {
      "type": "Feature",
      "properties": {
        "@id": "node/5991231959",
        "castle_type": "defensive",
        "fixme": "is this the correct location?",
        "historic": "castle",
        "historic:civilization": "ancient_roman",
        "name": "Warte Mannhausen",
        "ruins": "yes",
        "wikidata": "Q29574190"
      },
      "geometry": {
        "type": "Point",
        "coordinates": [
          8.630703,
          47.6470505
        ]
      },
      "id": "node/5991231959"
    },
    {
      "type": "Feature",
      "properties": {
        "@id": "node/6006168717",
        "access": "yes",
        "castle_type": "defensive",
        "historic": "castle",
        "historic:civilization": "medieval",
        "name": "Ruines du Château Morestel",
        "ruins": "yes",
        "wikidata": "Q29927450"
      },
      "geometry": {
        "type": "Point",
        "coordinates": [
          7.4657234,
          46.2583409
        ]
      },
      "id": "node/6006168717"
    },
    {
      "type": "Feature",
      "properties": {
        "@id": "node/6013968279",
        "access": "yes",
        "castle_type": "defensive",
        "description": "Auch Diemtiger Burg oder Grimmenstein genannt. Nicht zu verwechseln mit Grimmenstein bei Wynigen/BE https://de.wikipedia.org/wiki/Ruine_Grimmenstein",
        "historic": "castle",
        "historic:civilization": "medieval",
        "name": "Ruine Hasenburg",
        "ruins": "yes",
        "wikidata": "Q59617012",
        "wikipedia": "de:Ruine Hasenburg (Grimmenstein)"
      },
      "geometry": {
        "type": "Point",
        "coordinates": [
          7.5680145,
          46.6540744
        ]
      },
      "id": "node/6013968279"
    },
    {
      "type": "Feature",
      "properties": {
        "@id": "node/6014018437",
        "castle_type": "defensive",
        "historic": "ruins",
        "name": "Ruine Festi",
        "ruins": "castle",
        "wikidata": "Q1665132",
        "wikipedia": "de:Ruine Festi (Ligerz)"
      },
      "geometry": {
        "type": "Point",
        "coordinates": [
          7.1323542,
          47.0872042
        ]
      },
      "id": "node/6014018437"
    },
    {
      "type": "Feature",
      "properties": {
        "@id": "node/6020806251",
        "castle_type": "defensive",
        "historic": "castle",
        "name": "Burgruine Frischenberg",
        "ruins": "yes",
        "wikidata": "Q1011876",
        "wikipedia": "de:Burg Frischenberg"
      },
      "geometry": {
        "type": "Point",
        "coordinates": [
          9.4491885,
          47.2315918
        ]
      },
      "id": "node/6020806251"
    },
    {
      "type": "Feature",
      "properties": {
        "@id": "node/6027925903",
        "access": "yes",
        "castle_type": "defensive",
        "description": "Westlich über Gräslikon unterhalb Pkt. 659. Kleine Wallanlage mit 65 m langem und 1 m hohem Wall an der SW-Seite. (Quelle: Burgenverein.ch)",
        "historic": "castle",
        "historic:civilization": "medieval",
        "name": "Burgstelle Hebelstein",
        "ruins": "yes",
        "wikidata": "Q67772228"
      },
      "geometry": {
        "type": "Point",
        "coordinates": [
          8.5930537,
          47.557018
        ]
      },
      "id": "node/6027925903"
    },
    {
      "type": "Feature",
      "properties": {
        "@id": "node/6027975046",
        "access": "yes",
        "castle_type": "defensive",
        "historic": "castle",
        "historic:civilization": "medieval",
        "name": "Burgstelle Burgermösli",
        "ruins": "yes",
        "wikidata": "Q29932604"
      },
      "geometry": {
        "type": "Point",
        "coordinates": [
          8.6582122,
          47.6794025
        ]
      },
      "id": "node/6027975046"
    },
    {
      "type": "Feature",
      "properties": {
        "@id": "node/6028494517",
        "access": "yes",
        "alt_name": "Burgstelle Liebenberg im Brand",
        "castle_type": "defensive",
        "description": "Burghügel mit geringen Mauerspuren, dreiseitig von Graben umgeben. Im 13./14. Jh. Ministerialensitz des Klosters St. Gallen, 1444 von Schwyz zerstört; viereckiger Fundamentsockel mit aufgesetztem Rundturm 1851 eingestürzt. (Quelle: Burgenverein.ch)",
        "historic": "castle",
        "historic:civilization": "medieval",
        "name": "Burgstelle Liebenberg",
        "note": "Siehe auch https://hls-dhs-dss.ch/de/articles/019742/2007-03-29/ und http://www.burgenwelt.org/schweiz/liebenberg_ib/object.php . Nicht verwechseln mit offenbar gleichnamiger Ruine im Tösstal https://www.openstreetmap.org/way/84965808.",
        "ruins": "yes",
        "wikidata": "Q67772231"
      },
      "geometry": {
        "type": "Point",
        "coordinates": [
          8.7269251,
          47.2983068
        ]
      },
      "id": "node/6028494517"
    },
    {
      "type": "Feature",
      "properties": {
        "@id": "node/6040429283",
        "access": "yes",
        "castle_type": "defensive",
        "description": "Ovaler Burghügel mit Mauerspuren, umgeben von einem Wall mit zwei Öffnungen. Wohl ursprünglich frühmittelalterliche Motte, die im 13. Jh. in eine Steinburg umgewandelt wurde. Die Herren v. Hengart erwiesen 1222. (Quelle: Burgenverein.ch)",
        "historic": "castle",
        "historic:civilization": "medieval",
        "name": "Burgstelle Schlossbuck",
        "ruins": "yes",
        "wikidata": "Q29932505"
      },
      "geometry": {
        "type": "Point",
        "coordinates": [
          8.6906281,
          47.565301
        ]
      },
      "id": "node/6040429283"
    },
    {
      "type": "Feature",
      "properties": {
        "@id": "node/6040449854",
        "castle_type": "defensive",
        "description": "Burghügel mit zwei deutlich erkennbaren Halsgräben. Wohl um 1260 erb. durch die Freiherren v. Wart, 1309 zerstört. Bei Sondierungen 1953 Ringmauer und Turm sowie spätbronzezeitl. Besiedlung festgestellt. (Quelle: Burgenverein.ch)",
        "historic": "castle",
        "historic:civilization": "medieval",
        "name": "Burgstelle Multberg",
        "ruins": "yes",
        "wikidata": "Q67772234",
        "wikipedia": "de:Burgstelle Multberg"
      },
      "geometry": {
        "type": "Point",
        "coordinates": [
          8.6469684,
          47.5111515
        ]
      },
      "id": "node/6040449854"
    },
    {
      "type": "Feature",
      "properties": {
        "@id": "node/6042851508",
        "castle_type": "defensive",
        "historic": "castle",
        "name": "Burgstelle Stadion",
        "ruins": "yes",
        "wikidata": "Q67772237"
      },
      "geometry": {
        "type": "Point",
        "coordinates": [
          9.7681428,
          46.9194958
        ]
      },
      "id": "node/6042851508"
    },
    {
      "type": "Feature",
      "properties": {
        "@id": "node/6042876310",
        "castle_type": "defensive",
        "historic": "castle",
        "name": "Burgstelle Hasenstein",
        "ruins": "yes",
        "wikidata": "Q67772241"
      },
      "geometry": {
        "type": "Point",
        "coordinates": [
          9.440674,
          46.6307974
        ]
      },
      "id": "node/6042876310"
    },
    {
      "type": "Feature",
      "properties": {
        "@id": "node/6042932644",
        "castle_type": "defensive",
        "historic": "castle",
        "name": "Burgstelle Chranzenberg",
        "ruins": "yes",
        "wikidata": "Q67772245"
      },
      "geometry": {
        "type": "Point",
        "coordinates": [
          8.9990403,
          47.4351268
        ]
      },
      "id": "node/6042932644"
    },
    {
      "type": "Feature",
      "properties": {
        "@id": "node/6044835067",
        "castle_type": "defensive",
        "historic": "castle",
        "name": "Ruine Clanx",
        "ruins": "yes",
        "wikidata": "Q2175234",
        "wikipedia": "de:Ruine Clanx"
      },
      "geometry": {
        "type": "Point",
        "coordinates": [
          9.4113348,
          47.3472228
        ]
      },
      "id": "node/6044835067"
    },
    {
      "type": "Feature",
      "properties": {
        "@id": "node/6047628318",
        "access": "yes",
        "alt_name": "Alt-Schollenberg",
        "alt_name_1": "Radegg",
        "castle_type": "defensive",
        "description": "Burghügel ohne Mauerspuren, mit Halsgraben gegen Osten geschützt, mit Abschnittsgraben getrenn in Haupt- und Vorburg. War wahrscheinlich im 13. und 14. Jh. als Hauptsitz der Familie Scholl, deshalb auch Schollenburg.",
        "ele": "465",
        "end_date": "C14",
        "historic": "castle",
        "historic:civilization": "medieval",
        "name": "Schlossbuck",
        "start_date": "C13",
        "wikidata": "Q29932505",
        "wikipedia": "de:Burgstelle Schlossbuck"
      },
      "geometry": {
        "type": "Point",
        "coordinates": [
          8.57325,
          47.5653809
        ]
      },
      "id": "node/6047628318"
    },
    {
      "type": "Feature",
      "properties": {
        "@id": "node/6067502343",
        "castle_type": "defensive",
        "historic": "castle",
        "name": "Laubegg",
        "ruins": "yes",
        "wikidata": "Q1012857",
        "wikipedia": "de:Burg Laubegg (BE)"
      },
      "geometry": {
        "type": "Point",
        "coordinates": [
          7.3807306,
          46.5889728
        ]
      },
      "id": "node/6067502343"
    },
    {
      "type": "Feature",
      "properties": {
        "@id": "node/6067502364",
        "castle_type": "defensive",
        "historic": "castle",
        "name": "Burgstelle Strassberg",
        "ruins": "yes",
        "wikidata": "Q67772251"
      },
      "geometry": {
        "type": "Point",
        "coordinates": [
          7.3687839,
          47.133831
        ]
      },
      "id": "node/6067502364"
    },
    {
      "type": "Feature",
      "properties": {
        "@id": "node/6067511264",
        "castle_type": "defensive",
        "historic": "castle",
        "name": "Burgruine Erlenbach",
        "ruins": "yes",
        "wikidata": "Q67772254"
      },
      "geometry": {
        "type": "Point",
        "coordinates": [
          7.5483662,
          46.6611754
        ]
      },
      "id": "node/6067511264"
    },
    {
      "type": "Feature",
      "properties": {
        "@id": "node/6067524085",
        "alt_name": "Burg Alt-Bubenberg",
        "castle_type": "defensive",
        "historic": "ruins",
        "image": "https://upload.wikimedia.org/wikipedia/commons/5/51/Burgstelle_Alt-Bubenberg.JPG",
        "name": "Burgstelle Alt-Bubenberg",
        "ruins": "castle",
        "wikidata": "Q1010706",
        "wikimedia_commons": "Category:Burg Alt-Bubenberg",
        "wikipedia": "de:Burg Alt-Bubenberg"
      },
      "geometry": {
        "type": "Point",
        "coordinates": [
          7.3486158,
          46.9584173
        ]
      },
      "id": "node/6067524085"
    },
    {
      "type": "Feature",
      "properties": {
        "@id": "node/6067539306",
        "castle_type": "defensive",
        "historic": "castle",
        "name": "Burgstelle Gsteig",
        "ruins": "yes",
        "wikidata": "Q67772255"
      },
      "geometry": {
        "type": "Point",
        "coordinates": [
          7.284915,
          46.3779848
        ]
      },
      "id": "node/6067539306"
    },
    {
      "type": "Feature",
      "properties": {
        "@id": "node/6067546348",
        "castle_type": "defensive",
        "historic": "castle",
        "name": "Ruine Festi",
        "ruins": "yes",
        "wikidata": "Q18326495",
        "wikipedia": "de:Ruine Festi (Bennewil)"
      },
      "geometry": {
        "type": "Point",
        "coordinates": [
          7.5291612,
          46.7821599
        ]
      },
      "id": "node/6067546348"
    },
    {
      "type": "Feature",
      "properties": {
        "@id": "node/6067550540",
        "alt_name": "Burgruine Riedburg",
        "castle_type": "defensive",
        "historic": "castle",
        "image": "https://upload.wikimedia.org/wikipedia/commons/thumb/9/90/Ruine_Riedburg_03.jpg/800px-Ruine_Riedburg_03.jpg",
        "name": "Ruine Riedburg",
        "ruins": "yes",
        "wikidata": "Q1727529",
        "wikimedia_commons": "Category:Ruine Riedburg",
        "wikipedia": "de:Ruine Riedburg"
      },
      "geometry": {
        "type": "Point",
        "coordinates": [
          7.3647832,
          46.8650457
        ]
      },
      "id": "node/6067550540"
    },
    {
      "type": "Feature",
      "properties": {
        "@id": "node/6074854753",
        "addr:full": "Aris, 3713 Reichenbach im Kandertal",
        "alt_name": "Ruine Aris ob Kien",
        "castle_type": "defensive",
        "historic": "castle",
        "historic:civilization": "medieval",
        "name": "Burg Aris ob Kien",
        "ruins": "yes",
        "wikidata": "Q1010836",
        "wikipedia": "de:Burg Aris ob Kien"
      },
      "geometry": {
        "type": "Point",
        "coordinates": [
          7.6956859,
          46.6085936
        ]
      },
      "id": "node/6074854753"
    },
    {
      "type": "Feature",
      "properties": {
        "@id": "node/6074856133",
        "castle_type": "defensive",
        "historic": "castle",
        "name": "Château de Romont",
        "ruins": "yes",
        "wikidata": "Q67772258"
      },
      "geometry": {
        "type": "Point",
        "coordinates": [
          7.3378443,
          47.1941232
        ]
      },
      "id": "node/6074856133"
    },
    {
      "type": "Feature",
      "properties": {
        "@id": "node/6081018389",
        "alt_name": "Ruine Mannenberg",
        "castle_type": "defensive",
        "historic": "castle",
        "historic:civilization": "medieval",
        "name": "Ruine Oberer Mannenberg",
        "ruins": "yes",
        "wikidata": "Q1700496",
        "wikipedia": "de:Ruine Oberer Mannenberg"
      },
      "geometry": {
        "type": "Point",
        "coordinates": [
          7.3819912,
          46.5717128
        ]
      },
      "id": "node/6081018389"
    },
    {
      "type": "Feature",
      "properties": {
        "@id": "node/6193239766",
        "access": "yes",
        "castle_type": "medieval",
        "historic": "castle",
        "historic:civilization": "medieval",
        "name": "Ruines du Château de Sainte Ursanne",
        "wikidata": "Q29785348"
      },
      "geometry": {
        "type": "Point",
        "coordinates": [
          7.1545055,
          47.367082
        ]
      },
      "id": "node/6193239766"
    },
    {
      "type": "Feature",
      "properties": {
        "@id": "node/6210075068",
        "castle_type": "defensive",
        "description": "Wohnbauten und ihre Nebenanlagen / Burgruinen / Archäologische Objekte / Mittelalter",
        "heritage": "2",
        "heritage:operator": "Kulturgüterschutz KGS",
        "historic": "castle",
        "historic:civilization": "medieval",
        "inscription": "Klause / Klus",
        "name": "Burgruine Fracstein",
        "protect_class": "22",
        "ref": "3256",
        "ruins": "yes",
        "wikidata": "Q1011758",
        "wikipedia": "de:Burg Fracstein"
      },
      "geometry": {
        "type": "Point",
        "coordinates": [
          9.6157886,
          46.9755683
        ]
      },
      "id": "node/6210075068"
    },
    {
      "type": "Feature",
      "properties": {
        "@id": "node/6405116864",
        "castle_type": "stately",
        "historic": "castle",
        "name": "Schloss Regensberg",
        "website": "https://www.schlossregensberg.ch/",
        "wikidata": "Q2243086",
        "wikipedia": "de:Schloss Regensberg"
      },
      "geometry": {
        "type": "Point",
        "coordinates": [
          8.4383146,
          47.4830896
        ]
      },
      "id": "node/6405116864"
    },
    {
      "type": "Feature",
      "properties": {
        "@id": "node/6405148590",
        "access": "yes",
        "castle_type": "defensive",
        "description": "Burghügel mit Graben und geringen Mauerresten. Ehem. Sitz der Herren v. Meldegg (erwiesen 1312). (Quelle: Burgenverein.ch)",
        "historic": "castle",
        "historic:civilization": "medieval",
        "name": "Burgstelle Neu Meldegg",
        "ruins": "yes",
        "wikidata": "Q67772265"
      },
      "geometry": {
        "type": "Point",
        "coordinates": [
          9.3117302,
          47.4250072
        ]
      },
      "id": "node/6405148590"
    },
    {
      "type": "Feature",
      "properties": {
        "@id": "node/6417110027",
        "access": "yes",
        "castle_type": "defensive",
        "historic": "castle",
        "historic:civilization": "medieval",
        "name": "Ruine Göskon",
        "wheelchair": "no",
        "wikidata": "Q28000760",
        "wikipedia": "de:Ruine Göskon"
      },
      "geometry": {
        "type": "Point",
        "coordinates": [
          7.9607415,
          47.3668725
        ]
      },
      "id": "node/6417110027"
    },
    {
      "type": "Feature",
      "properties": {
        "@id": "node/6419731352",
        "access": "yes",
        "castle_type": "defensive",
        "description": "Burghügel ohne Mauerspuren, am E-Rand ein Graben erkennbar, Flurname 'uffem Bürgli' erwiesen 1586. Herren v. Flaach erwiesen 1120. (Quelle: Burgenverein.ch)",
        "ele": "415",
        "historic": "castle",
        "historic:civilization": "medieval",
        "name": "Burgstelle Hächigen",
        "start_date": "C11",
        "wikidata": "Q102872320"
      },
      "geometry": {
        "type": "Point",
        "coordinates": [
          8.6046877,
          47.5729962
        ]
      },
      "id": "node/6419731352"
    },
    {
      "type": "Feature",
      "properties": {
        "@id": "node/6419742095",
        "access": "yes",
        "archaeological_site": "earthwork",
        "castle_type": "defensive",
        "description": "Burghügel ohne Mauerspuren, von tiefem Halsgraben und seitlichen Wällen umgeben. Bis 1315 Sitz der 1116 erwiesen Freiherren v. Teufen (Minnesänger Wernher v. Teufen erwiesen um 1220), Burg im 15. Jh. aufgelassen. (Quelle: Burgenverein.ch)",
        "ele": "529",
        "end_date": "C15",
        "historic": "castle",
        "historic:civilization": "medieval",
        "name": "Burgstelle Altenteufen",
        "name:gsw": "Alt-Tüfen",
        "ruins": "no",
        "start_date": "early C12",
        "wikidata": "Q101584140",
        "wikipedia": "de:Burgstelle Altenteufen"
      },
      "geometry": {
        "type": "Point",
        "coordinates": [
          8.5810708,
          47.5493857
        ]
      },
      "id": "node/6419742095"
    },
    {
      "type": "Feature",
      "properties": {
        "@id": "node/6419753631",
        "access": "yes",
        "archaeological_site": "earthwork",
        "castle_type": "defensive",
        "description": "Burghügel durch Graben in zwei Teile gegliedert. Herren v. Radegg erwiesen 1188. Sondierung 1931 mit Nachweis von mittelalterlicher Besiedlung. (Quelle: Burgenverein.ch)",
        "ele": "448",
        "historic": "castle",
        "historic:civilization": "medieval",
        "name": "Burgstelle Radegg",
        "wikidata": "Q102171185",
        "wikipedia": "de:Burgstelle Radegg"
      },
      "geometry": {
        "type": "Point",
        "coordinates": [
          8.5697621,
          47.5612589
        ]
      },
      "id": "node/6419753631"
    },
    {
      "type": "Feature",
      "properties": {
        "@id": "node/6419791720",
        "castle_type": "defensive",
        "description": "Burgstelle ohne Mauerspuren, mit Graben. Sitz der Herren v. Wespersbühl, erwiesen 1238, 1532-1650 Besitz der Peyer von Schaffhausen, im 18. Jh. aufgelassen. (Quelle: Burgenverein.ch)",
        "ele": "394",
        "historic": "castle",
        "historic:civilization": "medieval",
        "name": "Burgstelle Wespersbühl",
        "wikidata": "Q102881938"
      },
      "geometry": {
        "type": "Point",
        "coordinates": [
          8.6422377,
          47.5944835
        ]
      },
      "id": "node/6419791720"
    },
    {
      "type": "Feature",
      "properties": {
        "@id": "node/6419800577",
        "access": "yes",
        "alt_name": "Römerwarte",
        "castle_type": "defensive",
        "description": "Erdbefestigung eines spätrömischen Wachtturmes, wohl im 8./9. Jh. zu Motte und Errichtung einer Holzburg (Schiterburg) umgebaut. (Quelle: Burgenverein.ch)",
        "ele": "577",
        "historic": "castle",
        "historic:civilization": "ancient_roman",
        "name": "Burgstelle Obere Heidenburg",
        "start_date": "C4",
        "wikidata": "Q102250805",
        "wikipedia": "de:Burgstelle Obere Heidenburg"
      },
      "geometry": {
        "type": "Point",
        "coordinates": [
          8.648109,
          47.4588814
        ]
      },
      "id": "node/6419800577"
    },
    {
      "type": "Feature",
      "properties": {
        "@id": "node/6420816733",
        "castle_type": "castrum",
        "historic": "castle",
        "historic:civilization": "ancient_roman",
        "name": "Vindonissa",
        "ruins": "yes",
        "wikidata": "Q667811",
        "wikipedia": "de:Vindonissa"
      },
      "geometry": {
        "type": "Point",
        "coordinates": [
          8.2200261,
          47.4810099
        ]
      },
      "id": "node/6420816733"
    },
    {
      "type": "Feature",
      "properties": {
        "@id": "node/6431863749",
        "access": "yes",
        "castle_type": "castrum",
        "description": "Prähist. Besiedlung der Terrasse nachgewiesen, Geländesporn um M.1.Jh. von röm. Vicus VITUDURUM überbaut, um 290 n. Chr. befestigt. Teile der Kastellmauer und ein Halbrundturm in die ma. Friedhofsmauer integriert. (Quelle: Burgenverein.ch)",
        "historic": "castle",
        "historic:civilization": "ancient_roman",
        "name": "Kastell Vitudurum",
        "ruins": "yes",
        "wikidata": "Q164912",
        "wikipedia": "de:Vitudurum"
      },
      "geometry": {
        "type": "Point",
        "coordinates": [
          8.7555456,
          47.5067238
        ]
      },
      "id": "node/6431863749"
    },
    {
      "type": "Feature",
      "properties": {
        "@id": "node/6433039469",
        "access": "yes",
        "alt_name": "Obere Erlinsburg",
        "castle_type": "defensive",
        "description": "Auf dem westlichen Teil der Leenfluh spärliche Mauerreste. Wohl M. 13. Jh. errichtet, nach 1375 aufgelassen. Sondierungen 1952. (Quelle: Burgenverein.ch)",
        "historic": "castle",
        "historic:civilization": "medieval",
        "name": "Vordere Erlinsburg",
        "ruins": "yes",
        "wikidata": "Q104381836"
      },
      "geometry": {
        "type": "Point",
        "coordinates": [
          7.6935453,
          47.2864093
        ]
      },
      "id": "node/6433039469"
    },
    {
      "type": "Feature",
      "properties": {
        "@id": "node/6433048290",
        "access": "yes",
        "castle_type": "defensive",
        "description": "Im mittleren Abschnitt des Leenfluhgrates. Spärliche Mauerreste eines turmartigen Gebäudes. Keine urk. Erwähnung. (Quelle: Burgenverein.ch)",
        "historic": "castle",
        "historic:civilization": "medieval",
        "name": "Mittlere Erlinsburg",
        "ruins": "yes",
        "wikidata": "Q67772269"
      },
      "geometry": {
        "type": "Point",
        "coordinates": [
          7.6968114,
          47.2875585
        ]
      },
      "id": "node/6433048290"
    },
    {
      "type": "Feature",
      "properties": {
        "@id": "node/6433050924",
        "access": "yes",
        "alt_name": "Untere Erlinsburg",
        "castle_type": "defensive",
        "description": "Auf dem Felsgrat der Leenfluh, östlich der Kantonsgrenze. Burgruine mit Mauerresten eines Turmes und der Ringmauer. Wohl gegründet 11./12. Jh., um 1375 aufgelassen, 1463 Gebietsteilung Bern/Solothurn. (Quelle: Burgenverein.ch)",
        "historic": "castle",
        "historic:civilization": "medieval",
        "name": "Hintere Erlinsburg",
        "ruins": "yes",
        "wikidata": "Q104383057"
      },
      "geometry": {
        "type": "Point",
        "coordinates": [
          7.6990286,
          47.2880816
        ]
      },
      "id": "node/6433050924"
    },
    {
      "type": "Feature",
      "properties": {
        "@id": "node/6433054700",
        "access": "yes",
        "castle_type": "defensive",
        "description": "Am E-Ende des Felsgrates. Mauerreste einer ma. Burgstelle oder eines Beob-Posten 18./19. Jh. Sondierung 2006 (Kanton, C. Hodel). (Quelle: Burgenverein.ch) Weg vom Leuental mit in den Fels gehauenen Treppen dahin.",
        "historic": "castle",
        "historic:civilization": "medieval",
        "name": "Hinterste Erlinsburg",
        "ruins": "yes",
        "wikidata": "Q67772274"
      },
      "geometry": {
        "type": "Point",
        "coordinates": [
          7.700896,
          47.2889439
        ]
      },
      "id": "node/6433054700"
    },
    {
      "type": "Feature",
      "properties": {
        "@id": "node/6434170118",
        "access": "yes",
        "alt_name": "Burgruine Wagenberg",
        "archaeological_site": "earthwork",
        "castle_type": "defensive",
        "castle_type:de": "burgruine",
        "description": "Bewaldeter Burghügel mit Mauerspuren und Halsgraben. Erw. 1263 als Besitz der Herren v. Wagenburg, um 1300 der Herren v. Heidegg, nach Brand 1556 aufgelassen. (Quelle: Burgenverein.ch)",
        "ele": "580",
        "historic": "castle",
        "historic:civilization": "medieval",
        "name": "Ruine Wagenburg",
        "ruins": "yes",
        "start_date": "C13",
        "wikidata": "Q29932951",
        "wikipedia": "de:Ruine Wagenburg (Oberembrach)"
      },
      "geometry": {
        "type": "Point",
        "coordinates": [
          8.6429655,
          47.4895426
        ]
      },
      "id": "node/6434170118"
    },
    {
      "type": "Feature",
      "properties": {
        "@id": "node/6434509622",
        "access": "yes",
        "castle_type": "defensive",
        "description": "Auf einem Felssporn über dem Mühletal. Mauerreste einer Burganlage mit Bergried, Ringmauer und Zisterne. Wohl noch im 12. Jh. entstanden, Sitz der Herren von Bex als Ministerialen der Abtei St. Maurice, im 14. Jh. aufgelassen.  (Quelle: Burgenverein.ch)",
        "historic": "castle",
        "historic:civilization": "medieval",
        "name": "Ruine Zwingherrenschloss",
        "ruins": "yes",
        "wikidata": "Q29928905"
      },
      "geometry": {
        "type": "Point",
        "coordinates": [
          7.7948813,
          46.2901084
        ]
      },
      "id": "node/6434509622"
    },
    {
      "type": "Feature",
      "properties": {
        "@id": "node/6445923485",
        "castle_type": "defensive",
        "historic": "castle",
        "historic:civilization": "medieval",
        "name": "Castello Trivulzio",
        "wikidata": "Q67772280"
      },
      "geometry": {
        "type": "Point",
        "coordinates": [
          9.1325974,
          46.2377584
        ]
      },
      "id": "node/6445923485"
    },
    {
      "type": "Feature",
      "properties": {
        "@id": "node/6501065287",
        "access": "yes",
        "castle_type": "defensive",
        "historic": "castle",
        "historic:civilization": "medieval",
        "name": "Ruine Grimmenstein",
        "wikidata": "Q2175278",
        "wikipedia": "de:Ruine Grimmenstein"
      },
      "geometry": {
        "type": "Point",
        "coordinates": [
          7.6944843,
          47.106307
        ]
      },
      "id": "node/6501065287"
    },
    {
      "type": "Feature",
      "properties": {
        "@id": "node/6633061249",
        "access": "yes",
        "castle_type": "hillfort",
        "ele": "464",
        "historic": "castle",
        "historic:civilization": "medieval",
        "name": "Herrain",
        "ruins": "yes",
        "start_date": "1000",
        "website": "https://www.waymarking.com/waymarks/WMRZE0_Herrain_Schupfart_AG_Switzerland",
        "wikidata": "Q1613951",
        "wikipedia": "de:Herrain"
      },
      "geometry": {
        "type": "Point",
        "coordinates": [
          7.9664411,
          47.5154872
        ]
      },
      "id": "node/6633061249"
    },
    {
      "type": "Feature",
      "properties": {
        "@id": "node/6639206608",
        "access": "yes",
        "castle_type": "defensive",
        "description": "Erbaut vor 1270 durch die Adelsfamilie Münch, Pfirter Lehen bis 1324, 1515 von der Stadt Basel erworben, 1798 auf Abbruch verkauft. Teile der Unterburg hinter der Trotte 1996 freigelegt und konserviert. (Quelle: Burgenverein.ch)",
        "historic": "castle",
        "historic:civilization": "medieval",
        "name": "Burgruine Münchenstein",
        "website": "http://www.schloss-muenchenstein.ch/",
        "wikidata": "Q488281",
        "wikipedia": "de:Ruine Münchenstein"
      },
      "geometry": {
        "type": "Point",
        "coordinates": [
          7.6214129,
          47.5126956
        ]
      },
      "id": "node/6639206608"
    },
    {
      "type": "Feature",
      "properties": {
        "@id": "node/6745155462",
        "castle_type": "stately",
        "historic": "castle",
        "name": "Le Manoir",
        "wikidata": "Q29891565"
      },
      "geometry": {
        "type": "Point",
        "coordinates": [
          6.5283392,
          46.754212
        ]
      },
      "id": "node/6745155462"
    },
    {
      "type": "Feature",
      "properties": {
        "@id": "node/6784678560",
        "access": "yes",
        "historic": "castle",
        "historic:civilization": "medieval",
        "name": "Burg Friberg",
        "ruins": "yes",
        "start_date": "1200",
        "wikidata": "Q1011840",
        "wikipedia": "de:Burg Friberg (Siat)"
      },
      "geometry": {
        "type": "Point",
        "coordinates": [
          9.1613794,
          46.791544
        ]
      },
      "id": "node/6784678560"
    },
    {
      "type": "Feature",
      "properties": {
        "@id": "node/6784714596",
        "access": "yes",
        "castle_type": "hillfort",
        "historic": "castle",
        "historic:civilization": "medieval",
        "name": "Burg Gerzensee",
        "ruins": "yes",
        "start_date": "1230",
        "wikidata": "Q1011946",
        "wikipedia": "de:Burg Gerzensee"
      },
      "geometry": {
        "type": "Point",
        "coordinates": [
          7.5356136,
          46.8387677
        ]
      },
      "id": "node/6784714596"
    },
    {
      "type": "Feature",
      "properties": {
        "@id": "node/6784720177",
        "access": "yes",
        "castle_type": "hillfort",
        "historic": "castle",
        "historic:civilization": "medieval",
        "name": "Burg Rothöchi",
        "start_date": "1200",
        "wikidata": "Q1013745",
        "wikipedia": "de:Burg Rothöchi"
      },
      "geometry": {
        "type": "Point",
        "coordinates": [
          7.6156314,
          47.0396027
        ]
      },
      "id": "node/6784720177"
    },
    {
      "type": "Feature",
      "properties": {
        "@id": "node/6784735829",
        "access": "yes",
        "castle_type": "defensive",
        "description": "Hier stand früher eine Burg",
        "historic": "castle",
        "historic:civilization": "medieval",
        "name": "Ehem. Burg Stein",
        "ruins": "yes",
        "start_date": "900",
        "wikidata": "Q1014091",
        "wikipedia": "de:Burg Stein (Rheinfelden)"
      },
      "geometry": {
        "type": "Point",
        "coordinates": [
          7.789555,
          47.5548468
        ]
      },
      "id": "node/6784735829"
    },
    {
      "type": "Feature",
      "properties": {
        "@id": "node/6784737229",
        "access": "yes",
        "castle_type": "hillfort",
        "historic": "castle",
        "historic:civilization": "medieval",
        "name": "Burg Oltigen",
        "ruins": "yes",
        "start_date": "1000",
        "wikidata": "Q1013429",
        "wikipedia": "de:Burg Oltigen"
      },
      "geometry": {
        "type": "Point",
        "coordinates": [
          7.2619466,
          46.9843783
        ]
      },
      "id": "node/6784737229"
    },
    {
      "type": "Feature",
      "properties": {
        "@id": "node/6784758977",
        "access": "yes",
        "castle_type": "hillfort",
        "historic": "castle",
        "historic:civilization": "medieval",
        "name": "Ruine Itkon",
        "ruins": "yes",
        "start_date": "1100",
        "wikidata": "Q1554653",
        "wikipedia": "de:Ruine Itkon"
      },
      "geometry": {
        "type": "Point",
        "coordinates": [
          7.8278254,
          47.4753069
        ]
      },
      "id": "node/6784758977"
    },
    {
      "type": "Feature",
      "properties": {
        "@id": "node/6784763097",
        "access": "yes",
        "castle_type": "defensive",
        "historic": "castle",
        "historic:civilization": "medieval",
        "name": "Ruine Waldhausen",
        "ruins": "yes",
        "start_date": "1100",
        "wikidata": "Q14538238",
        "wikipedia": "de:Ruine Waldhausen"
      },
      "geometry": {
        "type": "Point",
        "coordinates": [
          8.4055671,
          47.540348
        ]
      },
      "id": "node/6784763097"
    },
    {
      "type": "Feature",
      "properties": {
        "@id": "node/6784772181",
        "access": "customers",
        "castle_type": "defensive",
        "historic": "castle",
        "historic:civilization": "medieval",
        "name": "Schlössli Aarau",
        "start_date": "1300",
        "wikidata": "Q1370412",
        "wikipedia": "de:Schlössli Aarau"
      },
      "geometry": {
        "type": "Point",
        "coordinates": [
          8.0452303,
          47.3943614
        ]
      },
      "id": "node/6784772181"
    },
    {
      "type": "Feature",
      "properties": {
        "@id": "node/6784774282",
        "access": "yes",
        "castle_type": "hillfort",
        "historic": "castle",
        "historic:civilization": "medieval",
        "name": "Blauenstein",
        "start_date": "1200",
        "wikidata": "Q15213175",
        "wikipedia": "en:Blauenstein"
      },
      "geometry": {
        "type": "Point",
        "coordinates": [
          7.4170865,
          47.4316075
        ]
      },
      "id": "node/6784774282"
    },
    {
      "type": "Feature",
      "properties": {
        "@id": "node/6784926817",
        "access": "yes",
        "castle_type": "hillfort",
        "historic": "castle",
        "historic:civilization": "medieval",
        "name": "Ruine Serviezel",
        "start_date": "1100",
        "wikidata": "Q1638048",
        "wikipedia": "de:Ruine Serviezel"
      },
      "geometry": {
        "type": "Point",
        "coordinates": [
          10.4530753,
          46.8826212
        ]
      },
      "id": "node/6784926817"
    },
    {
      "type": "Feature",
      "properties": {
        "@id": "node/6785030120",
        "access": "yes",
        "castle_type": "defensive",
        "historic": "castle",
        "historic:civilization": "medieval",
        "name": "Burg Nydegg",
        "ruins": "yes",
        "start_date": "1190",
        "wikidata": "Q1013356",
        "wikipedia": "de:Burg Nydegg"
      },
      "geometry": {
        "type": "Point",
        "coordinates": [
          7.4574872,
          46.9488673
        ]
      },
      "id": "node/6785030120"
    },
    {
      "type": "Feature",
      "properties": {
        "@id": "node/6785055049",
        "access": "yes",
        "castle_type": "defensive",
        "ele": "1079",
        "heritage": "yes",
        "historic": "castle",
        "historic:civilization": "medieval",
        "name": "Ruine de Spiegelberg",
        "ruins": "yes",
        "start_date": "1200",
        "wikidata": "Q7560474",
        "wikipedia": "de:Ruine Spiegelberg (Freiberge)"
      },
      "geometry": {
        "type": "Point",
        "coordinates": [
          6.9654731,
          47.2364413
        ]
      },
      "id": "node/6785055049"
    },
    {
      "type": "Feature",
      "properties": {
        "@id": "node/6785071973",
        "access": "yes",
        "castle_type": "hillfort",
        "historic": "castle",
        "historic:civilization": "medieval",
        "name": "Ruine Alt-Biederthal",
        "ruins": "yes",
        "start_date": "1100",
        "wikidata": "Q2175180",
        "wikipedia": "de:Ruine Alt-Biederthal"
      },
      "geometry": {
        "type": "Point",
        "coordinates": [
          7.4364517,
          47.4561445
        ]
      },
      "id": "node/6785071973"
    },
    {
      "type": "Feature",
      "properties": {
        "@id": "node/6785752889",
        "access": "yes",
        "castle_type": "hillfort",
        "historic": "castle",
        "name:de": "Burgruine Asuel",
        "name:en": "Asuel Castle ruin",
        "name:fr": "Ruine du Château Asuel",
        "ruins": "yes",
        "wikidata": "Q4811846",
        "wikipedia": "en:Asuel Castle"
      },
      "geometry": {
        "type": "Point",
        "coordinates": [
          7.2098976,
          47.3993727
        ]
      },
      "id": "node/6785752889"
    },
    {
      "type": "Feature",
      "properties": {
        "@id": "node/6785788257",
        "castle_type": "stately",
        "historic": "castle",
        "name": "Château d’Auvernier",
        "wikidata": "Q4827245",
        "wikipedia": "en:Auvernier Castle"
      },
      "geometry": {
        "type": "Point",
        "coordinates": [
          6.8767801,
          46.974729
        ]
      },
      "id": "node/6785788257"
    },
    {
      "type": "Feature",
      "properties": {
        "@id": "node/6980930101",
        "access": "yes",
        "alt_name": "Römerwarte",
        "castle_type": "defensive",
        "description": "Erdbefestigung eines spätrömischen Wachtturmes",
        "ele": "546",
        "historic": "castle",
        "historic:civilization": "ancient_roman",
        "name": "Burgstelle Untere Heidenburg",
        "start_date": "C4",
        "wikidata": "Q102257347",
        "wikipedia": "de:Burgstelle Untere Heidenburg"
      },
      "geometry": {
        "type": "Point",
        "coordinates": [
          8.6450584,
          47.4566986
        ]
      },
      "id": "node/6980930101"
    },
    {
      "type": "Feature",
      "properties": {
        "@id": "node/7029098187",
        "castle_type": "fortress",
        "historic": "castle",
        "name": "Burgruine Hirzere",
        "ruins": "castle",
        "wikidata": "Q104207379"
      },
      "geometry": {
        "type": "Point",
        "coordinates": [
          7.4095724,
          46.6383618
        ]
      },
      "id": "node/7029098187"
    },
    {
      "type": "Feature",
      "properties": {
        "@id": "node/7029098188",
        "historic": "castle",
        "name": "Burgruine Eichstalden",
        "ruins": "castle",
        "wikidata": "Q104207423"
      },
      "geometry": {
        "type": "Point",
        "coordinates": [
          7.4119399,
          46.6431747
        ]
      },
      "id": "node/7029098188"
    },
    {
      "type": "Feature",
      "properties": {
        "@id": "node/7033536327",
        "archaeological_site": "earthwork",
        "historic": "castle",
        "name": "Ruine Sternenberg",
        "ruins": "yes",
        "wikidata": "Q104207688"
      },
      "geometry": {
        "type": "Point",
        "coordinates": [
          7.425376,
          46.8777922
        ]
      },
      "id": "node/7033536327"
    },
    {
      "type": "Feature",
      "properties": {
        "@id": "node/7034344527",
        "alt_name": "Hülzistein",
        "historic": "castle",
        "name": "Ruine Hilsenstein",
        "ruins": "yes",
        "wikidata": "Q1505312"
      },
      "geometry": {
        "type": "Point",
        "coordinates": [
          7.6356525,
          47.4686199
        ]
      },
      "id": "node/7034344527"
    },
    {
      "type": "Feature",
      "properties": {
        "@id": "node/7034629374",
        "historic": "castle",
        "name": "Burgruine Steinegg",
        "ruins": "yes"
      },
      "geometry": {
        "type": "Point",
        "coordinates": [
          7.6278736,
          47.4291798
        ]
      },
      "id": "node/7034629374"
    },
    {
      "type": "Feature",
      "properties": {
        "@id": "node/7034629376",
        "historic": "castle",
        "name": "Ruine Bürg",
        "ruins": "yes",
        "wikidata": "Q2175223"
      },
      "geometry": {
        "type": "Point",
        "coordinates": [
          7.6332509,
          46.5969039
        ]
      },
      "id": "node/7034629376"
    },
    {
      "type": "Feature",
      "properties": {
        "@id": "node/7041699316",
        "access": "yes",
        "castle_type": "defensive",
        "historic": "castle",
        "historic:civilization": "medieval",
        "name": "Burg Rickenbach",
        "ruins": "yes",
        "start_date": "1100",
        "wikidata": "Q104208228"
      },
      "geometry": {
        "type": "Point",
        "coordinates": [
          7.854113,
          47.3417747
        ]
      },
      "id": "node/7041699316"
    },
    {
      "type": "Feature",
      "properties": {
        "@id": "node/7054738311",
        "access": "yes",
        "historic": "castle",
        "historic:civilization": "medieval",
        "name": "Ruine Klosterhubel",
        "ruins": "yes",
        "wikidata": "Q104208757"
      },
      "geometry": {
        "type": "Point",
        "coordinates": [
          7.3151996,
          47.1611708
        ]
      },
      "id": "node/7054738311"
    },
    {
      "type": "Feature",
      "properties": {
        "@id": "node/7091755898",
        "alt_name": "Burgstelle Hälfenstein",
        "alt_name_1": "Festihubel",
        "castle_type": "defensive",
        "ele": "771",
        "historic": "castle",
        "image": "https://upload.wikimedia.org/wikipedia/commons/thumb/9/98/Ruine_Helfenstein_(1).jpg/800px-Ruine_Helfenstein_(1).jpg",
        "location:description:de": "1,5 km westlich von Schwarzenburg, an der Strasse nach Heitenried auf einem Felssporn über der Sense",
        "name": "Burgruine Helfenstein",
        "source:ele": "gpx",
        "wikidata": "Q101515803",
        "wikimedia_commons": "Category:Ruine Helfenstein (Festihubel)",
        "wikipedia": "de:Ruine Helfenstein (Festihubel)"
      },
      "geometry": {
        "type": "Point",
        "coordinates": [
          7.3211452,
          46.8168473
        ]
      },
      "id": "node/7091755898"
    },
    {
      "type": "Feature",
      "properties": {
        "@id": "node/7129682555",
        "castle_type": "stately",
        "historic": "castle",
        "historic:civilization": "medieval",
        "name": "Château d'Avenches",
        "start_date": "1175",
        "wikidata": "Q2968182",
        "wikipedia": "fr:Château d'Avenches"
      },
      "geometry": {
        "type": "Point",
        "coordinates": [
          7.0410465,
          46.8813231
        ]
      },
      "id": "node/7129682555"
    },
    {
      "type": "Feature",
      "properties": {
        "@id": "node/7158258898",
        "access": "permissive",
        "castle_type": "defensive",
        "description": "Burghügel mit Mauerresten von Turm und Ringmauer. Verm. Stammburg der Herren v. Klingen, erb. im 12. Jh., um 1200 aufgelassen. 1910/11 ausgegraben. Quelle: Burgenverein.ch",
        "historic": "castle",
        "historic:civilization": "medieval",
        "name": "Altenburg",
        "ruins": "yes",
        "wheelchair": "no",
        "wikidata": "Q29883194",
        "wikimedia_commons": "Category:Ruine Altenburg",
        "wikipedia": "de:Altenburg (Märstetten)"
      },
      "geometry": {
        "type": "Point",
        "coordinates": [
          9.0857396,
          47.6013132
        ]
      },
      "id": "node/7158258898"
    },
    {
      "type": "Feature",
      "properties": {
        "@id": "node/7227853382",
        "archaeological_site": "fortification",
        "castle_type": "fortress",
        "historic": "castle",
        "name": "Ruine Alt Rued",
        "ruins": "yes",
        "wikidata": "Q29580716"
      },
      "geometry": {
        "type": "Point",
        "coordinates": [
          8.089369,
          47.2874844
        ]
      },
      "id": "node/7227853382"
    },
    {
      "type": "Feature",
      "properties": {
        "@id": "node/7447538992",
        "access": "yes",
        "archaeological_site": "earthwork",
        "castle_type": "defensive",
        "historic": "castle",
        "historic:civilization": "medieval",
        "name": "Burgstelle Wessenberg",
        "ruins": "yes",
        "wikidata": "Q19276110",
        "wikipedia": "de:Burg Wessenberg"
      },
      "geometry": {
        "type": "Point",
        "coordinates": [
          8.1722024,
          47.5512448
        ]
      },
      "id": "node/7447538992"
    },
    {
      "type": "Feature",
      "properties": {
        "@id": "node/7449326715",
        "castle_type": "defensive",
        "historic": "castle"
      },
      "geometry": {
        "type": "Point",
        "coordinates": [
          7.6290857,
          47.4942819
        ]
      },
      "id": "node/7449326715"
    },
    {
      "type": "Feature",
      "properties": {
        "@id": "node/7627265560",
        "access": "yes",
        "castle_type": "stately",
        "historic": "castle",
        "historic:civilization": "medieval",
        "name": "Schloss Köniz",
        "website": "https://www.kulturhof.ch/",
        "wikidata": "Q1654958",
        "wikipedia": "de:Schloss Köniz"
      },
      "geometry": {
        "type": "Point",
        "coordinates": [
          7.4143077,
          46.9208957
        ]
      },
      "id": "node/7627265560"
    },
    {
      "type": "Feature",
      "properties": {
        "@id": "node/7740673186",
        "archaeological_site": "fortification",
        "historic": "castle",
        "name": "Ruine du château d'Arconciel",
        "ruins": "yes",
        "wikidata": "Q19362852",
        "wikipedia": "fr:Château d'Arconciel"
      },
      "geometry": {
        "type": "Point",
        "coordinates": [
          7.1078558,
          46.739922
        ]
      },
      "id": "node/7740673186"
    },
    {
      "type": "Feature",
      "properties": {
        "@id": "node/7740696985",
        "historic": "castle",
        "name": "Ruine du château d'Arconciel",
        "ruins": "yes",
        "wikidata": "Q19362852",
        "wikipedia": "fr:Château d'Arconciel"
      },
      "geometry": {
        "type": "Point",
        "coordinates": [
          7.111014,
          46.741289
        ]
      },
      "id": "node/7740696985"
    },
    {
      "type": "Feature",
      "properties": {
        "@id": "node/7820420543",
        "access": "private",
        "addr:city": "Trüllikon",
        "addr:country": "CH",
        "addr:housenumber": "8",
        "addr:postcode": "8466",
        "addr:street": "Schlossgasse",
        "castle_type": "stately",
        "description": "1672/73 für H.H. Bürkli erbautes Altes Schloss, 1695 Erweiterung für Heinrich Bürkli v.Hochburg, kaiserlicher Feldmarschall (Neues Schloss), umgebaut 1762 und 19./20. Jh.. Renoviert 1988-92. (Quelle: Burgenverein.ch)",
        "historic": "castle",
        "name": "Schloss Trüllikon",
        "wikidata": "Q29933144"
      },
      "geometry": {
        "type": "Point",
        "coordinates": [
          8.6929657,
          47.6373319
        ]
      },
      "id": "node/7820420543"
    },
    {
      "type": "Feature",
      "properties": {
        "@id": "node/7899486085",
        "access": "yes",
        "alt_name": "Ruine Benzigen",
        "archaeological_site": "fortification",
        "historic": "archaeological_site",
        "historic:civilization": "medieval",
        "name": "Burg Benzingen",
        "ruins": "castle",
        "website": "https://www.hvg.ch/glarner-burgenweg/3-burg-benzigen;http://www.burgenseite.ch/ruine-benzigen.html",
        "wheelchair": "no",
        "wikidata": "Q29784377"
      },
      "geometry": {
        "type": "Point",
        "coordinates": [
          9.0748466,
          47.0001749
        ]
      },
      "id": "node/7899486085"
    },
    {
      "type": "Feature",
      "properties": {
        "@id": "node/7934740743",
        "access": "yes",
        "castle_type": "defensive",
        "historic": "castle",
        "historic:civilization": "medieval",
        "name": "Castello di Santa Maria",
        "ruins": "yes",
        "wikidata": "Q1048854",
        "wikipedia": "de:Castello di Santa Maria"
      },
      "geometry": {
        "type": "Point",
        "coordinates": [
          8.8712856,
          46.4010535
        ]
      },
      "id": "node/7934740743"
    },
    {
      "type": "Feature",
      "properties": {
        "@id": "node/7937611745",
        "castle_type": "stately",
        "historic": "castle",
        "name": "Château de Villarsel-le-Gibloux",
        "ruins": "yes",
        "wikidata": "Q56302187"
      },
      "geometry": {
        "type": "Point",
        "coordinates": [
          7.0159909,
          46.7151171
        ]
      },
      "id": "node/7937611745"
    },
    {
      "type": "Feature",
      "properties": {
        "@id": "node/8042929770",
        "access": "yes",
        "alt_name": "Bettleschloss",
        "castle_type": "defensive",
        "historic": "castle",
        "historic:civilization": "medieval",
        "image": "https://upload.wikimedia.org/wikipedia/commons/thumb/1/1c/Burg_Grenchen_Bettleschloss.jpg/800px-Burg_Grenchen_Bettleschloss.jpg",
        "name": "Burg Grenchen",
        "note": "The ruins are clearly visible in the digital elevation model. There seems to be a detailed wiki of the city of Grenchen: http://wiki.stadtgeschichte-grenchen.c",
        "note_1": "https://www.babs.admin.ch/content/babs-internet/de/aufgabenbabs/kgs/inventar/b-objekte/_jcr_content/contentPar/downloadlist/downloadItems/50_1482843957189.download/b_so.pdf  Coordinates according to BABS: 47.21913  7.403647",
        "ruins": "yes",
        "wikidata": "Q29880562",
        "wikimedia_commons": "Category:Burg Grenchen",
        "wikipedia": "de:Burg_Grenchen"
      },
      "geometry": {
        "type": "Point",
        "coordinates": [
          7.4036613,
          47.2191076
        ]
      },
      "id": "node/8042929770"
    },
    {
      "type": "Feature",
      "properties": {
        "@id": "node/8148016503",
        "access": "yes",
        "castle_type": "defensive",
        "description": "Planierte Fläche ohne Mauerspuren, westlicher Halsgraben. Im 13. Jh. Sitz der Mandacher, die ursprünglich ihren Sitz bei Brugg hatten. Burg im 14. Jh. aufgelassen. Kein öffentlicher Zugang.",
        "ele": "591",
        "end_date": "C14",
        "historic": "castle",
        "historic:civilization": "medieval",
        "name": "Burgstelle Mandach",
        "start_date": "C13",
        "wikidata": "Q102170711",
        "wikipedia": "de:Burgstelle Mandach"
      },
      "geometry": {
        "type": "Point",
        "coordinates": [
          8.4417418,
          47.4832725
        ]
      },
      "id": "node/8148016503"
    },
    {
      "type": "Feature",
      "properties": {
        "@id": "node/8148577408",
        "access": "private",
        "alt_name": "Nieder-Schollenberg",
        "castle_type": "defensive",
        "description": "Im Gegensatz zu Alt-Schollenberg auch Nieder-Schollenberg genannte Burgstelle. Anlage bestand aus Turm mit angebautem Wohnhaus. Burggräben noch sichtbar. Nach einem Brand wurde sie 1838/39 abgebrochen und durch ein Bauernhaus ersetzt. (Quelle: Burgenwelt.",
        "ele": "355",
        "historic": "castle",
        "historic:civilization": "medieval",
        "name": "Burgstelle Schollenberg",
        "start_date": "C13",
        "wikidata": "Q102177853",
        "wikipedia": "de:Burgstelle Schollenberg"
      },
      "geometry": {
        "type": "Point",
        "coordinates": [
          8.5876889,
          47.5745297
        ]
      },
      "id": "node/8148577408"
    },
    {
      "type": "Feature",
      "properties": {
        "@id": "node/8169282143",
        "access": "private",
        "alt_name": "Wandelburg",
        "castle_type": "defensive",
        "description": "Ehemalige Burg auf einem 12 m hohen Sandsteinfelsen, vermutlich durch den Grafen von Rapperswil um 1200 gegründet.",
        "ele": "423",
        "historic": "castle",
        "historic:civilization": "medieval",
        "image": "https://upload.wikimedia.org/wikipedia/commons/4/44/Burgstelle_Wandelburg.jpg",
        "name": "Burgstelle Wandelberg",
        "start_date": "C13",
        "wikidata": "Q102367418",
        "wikimedia_commons": "Category:Burg Wandelberg",
        "wikipedia": "de:Burg Wandelberg"
      },
      "geometry": {
        "type": "Point",
        "coordinates": [
          9.0025783,
          47.1940673
        ]
      },
      "id": "node/8169282143"
    },
    {
      "type": "Feature",
      "properties": {
        "@id": "node/8173104333",
        "access": "yes",
        "castle_type": "defensive",
        "description": "Ehemalige Stammburg der Rapperswilerum 1350 von dern Zürchern zerstört. Chor der Kapelle St. Johann steht vermutlich auf dem Fundament der alten runden Burgkapelle.",
        "ele": "498",
        "historic": "castle",
        "historic:civilization": "medieval",
        "name": "Alt-Rapperswil",
        "start_date": "C11",
        "wikidata": "Q4735927",
        "wikipedia": "en:Alt Rapperswil Castle"
      },
      "geometry": {
        "type": "Point",
        "coordinates": [
          8.8415268,
          47.1850507
        ]
      },
      "id": "node/8173104333"
    },
    {
      "type": "Feature",
      "properties": {
        "@id": "node/8176951739",
        "access": "no",
        "alt_name": "Wasserburg Mülinen",
        "castle_type": "defensive",
        "description": "Um 1100 gegründete Wasserburg einer Ministerialfamilie beim Weiler Mülenen. Ab 15.Jh. in bäuerlichen Händen. 1968 beim Bau der Autobahn N3 überdeckt.",
        "ele": "409",
        "historic": "castle",
        "historic:civilization": "medieval",
        "layer": "-1",
        "name": "Burgstelle Mülenen",
        "start_date": "C12",
        "wikidata": "Q102512512",
        "wikipedia": "de:Wasserburg Mülenen"
      },
      "geometry": {
        "type": "Point",
        "coordinates": [
          8.9443897,
          47.1830203
        ]
      },
      "id": "node/8176951739"
    },
    {
      "type": "Feature",
      "properties": {
        "@id": "node/8181074853",
        "access": "private",
        "castle_type": "defensive",
        "description": "Im 19. Jh. teilweise abgetragener Burghügel. Die Burg war wahrscheinlich im 14. Jh. Sitz der Herren von Schiterberg.",
        "ele": "398",
        "historic": "castle",
        "historic:civilization": "medieval",
        "name": "Burgstelle Schiterberg",
        "start_date": "C14",
        "wikidata": "Q102879126"
      },
      "geometry": {
        "type": "Point",
        "coordinates": [
          8.6694483,
          47.6096753
        ]
      },
      "id": "node/8181074853"
    },
    {
      "type": "Feature",
      "properties": {
        "@id": "node/8355898813",
        "castle_type": "defensive",
        "historic": "castle",
        "name": "Ruine Hintere Birseck",
        "ruins": "yes",
        "wikidata": "Q103944033"
      },
      "geometry": {
        "type": "Point",
        "coordinates": [
          7.6293404,
          47.4951639
        ]
      },
      "id": "node/8355898813"
    },
    {
      "type": "Feature",
      "properties": {
        "@id": "node/8356065242",
        "historic": "castle",
        "name": "Ruine Spitzburg",
        "ruins": "yes",
        "wikidata": "Q105011193"
      },
      "geometry": {
        "type": "Point",
        "coordinates": [
          7.7663121,
          47.4455386
        ]
      },
      "id": "node/8356065242"
    },
    {
      "type": "Feature",
      "properties": {
        "@id": "node/8357345116",
        "castle_type": "fortress",
        "historic": "castle",
        "name": "La Bâtie Beauregard",
        "ruins": "yes",
        "wikidata": "Q67772264"
      },
      "geometry": {
        "type": "Point",
        "coordinates": [
          6.1195672,
          46.2910865
        ]
      },
      "id": "node/8357345116"
    },
    {
      "type": "Feature",
      "properties": {
        "@id": "node/8380388023",
        "access": "yes",
        "castle_type": "defensive",
        "historic": "castle",
        "historic:civilization": "medieval",
        "name": "Ruine Langenstein",
        "note": "Es gibt einen Verein, der die Burgruinen Grünenberg und Langenstein unterhält. Darum die Website gruenenberg.ch.",
        "website": "https://www.gruenenberg.ch/",
        "wikidata": "Q105155112"
      },
      "geometry": {
        "type": "Point",
        "coordinates": [
          7.860282,
          47.1789565
        ]
      },
      "id": "node/8380388023"
    },
    {
      "type": "Feature",
      "properties": {
        "@id": "node/8643766617",
        "historic": "castle",
        "name": "Ruine der la Tour",
        "name:fr": "Ruine de la Tour Tavelli",
        "wikidata": "Q29929292"
      },
      "geometry": {
        "type": "Point",
        "coordinates": [
          7.4082026,
          46.2040867
        ]
      },
      "id": "node/8643766617"
    },
    {
      "type": "Feature",
      "properties": {
        "@id": "node/8662026221",
        "access": "yes",
        "archaeological_site": "fortification",
        "description": "Vermutlich ehemals Wachturm der Grafen von Toggenburg. Gemäss einer Legende wurden die Steine der Ruine für den Bau der Häuser im Spreitenbach verwendet.",
        "historic": "archaeological_site",
        "historic:civilization": "medieval",
        "name": "Burghügel Rattenburg",
        "ruins": "castle",
        "source": "local knowledge"
      },
      "geometry": {
        "type": "Point",
        "coordinates": [
          9.1482722,
          47.3226027
        ]
      },
      "id": "node/8662026221"
    },
    {
      "type": "Feature",
      "properties": {
        "@id": "node/8745473692",
        "castle_type": "stately",
        "historic": "castle",
        "name": "Altes Schloss Gerzensee",
        "start_date": "1518",
        "wikidata": "Q439590",
        "wikipedia": "de:Altes Schloss Gerzensee"
      },
      "geometry": {
        "type": "Point",
        "coordinates": [
          7.544145,
          46.8410429
        ]
      },
      "id": "node/8745473692"
    },
    {
      "type": "Feature",
      "properties": {
        "@id": "node/8930788836",
        "castle_type": "stately",
        "historic": "castle",
        "name": "ruines du château du Crêt",
        "ruins": "yes",
        "wikidata": "Q29891869"
      },
      "geometry": {
        "type": "Point",
        "coordinates": [
          7.251786,
          46.2145474
        ]
      },
      "id": "node/8930788836"
    },
    {
      "type": "Feature",
      "properties": {
        "@id": "node/8930788837",
        "historic": "castle",
        "name": "Burgruine",
        "ruins": "yes",
        "wikidata": "Q29892189"
      },
      "geometry": {
        "type": "Point",
        "coordinates": [
          8.0973602,
          46.3691344
        ]
      },
      "id": "node/8930788837"
    },
    {
      "type": "Feature",
      "properties": {
        "@id": "node/9216556501",
        "historic": "ruins",
        "name": "Burgstelle",
        "ruins": "castle"
      },
      "geometry": {
        "type": "Point",
        "coordinates": [
          7.9578898,
          47.1998541
        ]
      },
      "id": "node/9216556501"
    },
    {
      "type": "Feature",
      "properties": {
        "@id": "node/9246264239",
        "archaeological_site": "earthwork",
        "historic": "archaeological_site",
        "name": "Burgstelle Schönfels",
        "ruins": "castle"
      },
      "geometry": {
        "type": "Point",
        "coordinates": [
          7.3291172,
          46.8318016
        ]
      },
      "id": "node/9246264239"
    },
    {
      "type": "Feature",
      "properties": {
        "@id": "node/9895722188",
        "access": "yes",
        "archaeological_site": "fortification",
        "historic": "archaeological_site",
        "historic:civilization": "medieval",
        "name": "Burgstelle Rossbach",
        "ruins": "castle",
        "source": "local knowledge",
        "website": "https://www.vvherrliberg.ch/portfolio/21-alte-burg-herrliberg/"
      },
      "geometry": {
        "type": "Point",
        "coordinates": [
          8.610506,
          47.2843279
        ]
      },
      "id": "node/9895722188"
    },
    {
      "type": "Feature",
      "properties": {
        "@id": "node/10226046900",
        "castle_type": "defensive",
        "historic": "castle",
        "name": "Goffischlössli",
        "wikidata": "Q29576514"
      },
      "geometry": {
        "type": "Point",
        "coordinates": [
          8.1907239,
          47.3862091
        ]
      },
      "id": "node/10226046900"
    },
    {
      "type": "Feature",
      "properties": {
        "@id": "node/11150651230",
        "access": "private",
        "castle_type": "defensive",
        "historic": "castle",
        "historic:civilization": "medieval",
        "name": "Burgstelle Langenhard",
        "ruins": "yes",
        "start_date": "1200"
      },
      "geometry": {
        "type": "Point",
        "coordinates": [
          8.8046002,
          47.448364
        ]
      },
      "id": "node/11150651230"
    },
    {
      "type": "Feature",
      "properties": {
        "@id": "node/11152182910",
        "access": "yes",
        "historic": "ruins",
        "historic:civilization": "medieval",
        "name": "Altburg",
        "ruins": "castle"
      },
      "geometry": {
        "type": "Point",
        "coordinates": [
          7.8187139,
          47.1295914
        ]
      },
      "id": "node/11152182910"
    },
    {
      "type": "Feature",
      "properties": {
        "@id": "node/11263218553",
        "historic": "castle",
        "name": "Chillon",
        "name:de": "Schloss Chillon",
        "name:en": "Chillon",
        "name:fr": "Château de Chillon"
      },
      "geometry": {
        "type": "Point",
        "coordinates": [
          8.9504306,
          45.9538399
        ]
      },
      "id": "node/11263218553"
    },
    {
      "type": "Feature",
      "properties": {
        "@id": "node/11443073326",
        "historic": "ruins",
        "ruins": "castle"
      },
      "geometry": {
        "type": "Point",
        "coordinates": [
          6.7075615,
          46.6541925
        ]
      },
      "id": "node/11443073326"
    },
    {
      "type": "Feature",
      "properties": {
        "@id": "node/11960808069",
        "historic": "castle",
        "name": "Maison Devantery (XVIIe siècle)"
      },
      "geometry": {
        "type": "Point",
        "coordinates": [
          6.9455406,
          46.2553256
        ]
      },
      "id": "node/11960808069"
    },
    {
      "type": "Feature",
      "properties": {
        "@id": "node/12123147111",
        "access": "private",
        "castle_type": "stately",
        "description": "Burggrundriss nur noch schwach erkennbar, ganzes Areal modern überbaut. Drei der vier Ecktürme der ehemaligen Ringmauer erhalten, innen und aussen stark verändert; die beiden Tore sichtbar.",
        "historic": "castle",
        "name": "Castello dei Griglioni"
      },
      "geometry": {
        "type": "Point",
        "coordinates": [
          8.7711693,
          46.1527575
        ]
      },
      "id": "node/12123147111"
    },
    {
      "type": "Feature",
      "properties": {
        "@id": "node/12182161558",
        "access:note": "Gebuchte führungen",
        "castle_type": "fortress",
        "contact:email": "daniel.Schwitter@tbgn.ch",
        "description": "Die Artilleriefestung Niederberg in Näfels, 1941 erbaut, umfasst 400 Meter Gänge. Besucher erleben Militärgeschichte. Dauer: 3 Std., Kosten: CHF 20, Gruppen: 8-30, barrierefrei.",
        "historic": "castle",
        "name": "Festung Niederberg",
        "owner": "Daniel Schwitter"
      },
      "geometry": {
        "type": "Point",
        "coordinates": [
          9.0541107,
          47.0984095
        ]
      },
      "id": "node/12182161558"
    },
    {
      "type": "Feature",
      "properties": {
        "@id": "node/12898172891",
        "historic": "castle",
        "name": "Ruine Unspunnen",
        "ruins": "yes"
      },
      "geometry": {
        "type": "Point",
        "coordinates": [
          7.8574085,
          46.6687082
        ]
      },
      "id": "node/12898172891"
    },
    {
      "type": "Feature",
      "properties": {
        "@id": "node/12977869497",
        "castle_type": "defensive",
        "historic": "castle",
        "historic:civilization": "medieval",
        "name": "Chastè Chastlatsch",
        "ruins": "yes"
      },
      "geometry": {
        "type": "Point",
        "coordinates": [
          9.8759392,
          46.5083977
        ]
      },
      "id": "node/12977869497"
    },
    {
      "type": "Feature",
      "properties": {
        "@id": "node/13206584189",
        "castle_type": "stately",
        "historic": "castle",
        "historic:civilization": "medieval",
        "name": "Schloss Jegenstorf",
        "website": "https://www.schloss-jegenstorf.ch/",
        "wikidata": "Q2241751",
        "wikipedia": "de:Schloss Jegenstorf"
      },
      "geometry": {
        "type": "Point",
        "coordinates": [
          7.5096354,
          47.0478249
        ]
      },
      "id": "node/13206584189"
    },
    {
      "type": "Feature",
      "properties": {
        "@id": "node/13233002344",
        "access": "private",
        "historic": "ruins",
        "historic:civilization": "medieval",
        "name": "Burgstelle Tal",
        "ruins": "castle"
      },
      "geometry": {
        "type": "Point",
        "coordinates": [
          8.8046774,
          47.1939943
        ]
      },
      "id": "node/13233002344"
    },
    {
      "type": "Feature",
      "properties": {
        "@id": "node/13422356377",
        "archaeological_site": "fortification",
        "castle_type": "defensive",
        "ele": "610",
        "historic": "castle",
        "historic:civilization": "medieval",
        "name": "Ruine Königstein",
        "ruins": "yes",
        "wikidata": "Q1284411",
        "wikipedia": "de:Ruine Königstein (Aargau)"
      },
      "geometry": {
        "type": "Point",
        "coordinates": [
          8.0334368,
          47.4246796
        ]
      },
      "id": "node/13422356377"
    },
    {
      "type": "Feature",
      "properties": {
        "@id": "node/13504536076",
        "historic": "ruins",
        "historic:civilization": "medieval",
        "name": "Ruine Ramstein",
        "ruins": "castle",
        "wikidata": "Q1231512",
        "wikipedia": "de:Ruine Ramstein (Bretzwil)"
      },
      "geometry": {
        "type": "Point",
        "coordinates": [
          7.6541753,
          47.3901643
        ]
      },
      "id": "node/13504536076"
    }
  ]
}