{
  "type": "FeatureCollection",
  "generator": "overpass-turbo",
  "copyright": "The data included in this document is from www.openstreetmap.org. The data is made available under ODbL.",
  "timestamp": "2026-05-09T11:40:00Z",
  "features": [
    {
      "type": "Feature",
      "properties": {
        "@id": "relation/16431",
        "addr:city": "Southsea",
        "addr:country": "GB",
        "addr:housename": "Southsea Castle",
        "addr:postcode": "PO5 3PA",
        "building": "yes",
        "building:levels": "3",
        "castle_type": "defensive",
        "fee": "no",
        "historic": "castle",
        "name": "Southsea Castle",
        "name:fr": "Château de Southsea",
        "name:ga": "Caisleán Southsea",
        "name:he": "מצודת סאות'סי",
        "opening_hours": "Apr-Sep 10:00-17:30",
        "source": "Bing",
        "source:2": "https://en.wikipedia.org/wiki/Southsea_Castle#/media/File:Southsea_Castle_-_early_19th_century.png",
        "tourism": "museum",
        "type": "multipolygon",
        "website": "https://southseacastle.co.uk/",
        "wikidata": "Q1743815",
        "wikipedia": "en:Southsea Castle",
        "@geometry": "center"
      },
      "geometry": {
        "type": "Point",
        "coordinates": [
          -1.0887672,
          50.7781651
        ]
      },
      "id": "relation/16431"
    },
    {
      "type": "Feature",
      "properties": {
        "@id": "relation/21104",
        "addr:city": "London",
        "building": "palace",
        "building:levels": "3",
        "castle_type": "palace",
        "heritage": "2",
        "heritage:operator": "Historic England",
        "heritage:website": "https://historicengland.org.uk/listing/the-list/list-entry/1193127",
        "historic": "castle",
        "listed_status": "Grade I",
        "name": "Hampton Court Palace",
        "ref:GB:nhle": "1193127",
        "tourism": "attraction",
        "type": "multipolygon",
        "wheelchair": "limited",
        "wikidata": "Q205666",
        "wikimedia_commons": "Category:Hampton Court Palace",
        "wikipedia": "en:Hampton Court Palace",
        "@geometry": "center"
      },
      "geometry": {
        "type": "Point",
        "coordinates": [
          -0.3377352,
          51.4036628
        ]
      },
      "id": "relation/21104"
    },
    {
      "type": "Feature",
      "properties": {
        "@id": "relation/126477",
        "HE_ref": "1159012",
        "addr:city": "Durham",
        "addr:postcode": "DH7 8DE",
        "addr:village": "Brancepeth",
        "building": "castle",
        "castle_type": "defensive",
        "fhrs:id": "429718",
        "historic": "castle",
        "layer": "1",
        "listed_status": "Grade I",
        "name": "Brancepeth Castle",
        "source:postcode": "CodePoint Open",
        "tourism": "attraction",
        "type": "multipolygon",
        "website": "https://www.brancepethcastle.org.uk/",
        "wikidata": "Q4956323",
        "wikipedia": "en:Brancepeth Castle",
        "@geometry": "center"
      },
      "geometry": {
        "type": "Point",
        "coordinates": [
          -1.6545342,
          54.7341068
        ]
      },
      "id": "relation/126477"
    },
    {
      "type": "Feature",
      "properties": {
        "@id": "relation/146749",
        "HE_ref": "1120960",
        "addr:city": "Chester-le-Street",
        "addr:postcode": "DH3 4NX",
        "alt_name": "Lumley Castle Hotel",
        "building": "yes",
        "castle_type": "defensive",
        "fhrs:id": "1660808",
        "historic": "castle",
        "listed_status": "Grade I",
        "name": "Lumley Castle",
        "source:addr": "FHRS Open Data",
        "tourism": "hotel",
        "type": "multipolygon",
        "website": "https://www.lumleycastle.com/",
        "wikidata": "Q6703353",
        "wikipedia": "en:Lumley Castle",
        "@geometry": "center"
      },
      "geometry": {
        "type": "Point",
        "coordinates": [
          -1.553183,
          54.8535545
        ]
      },
      "id": "relation/146749"
    },
    {
      "type": "Feature",
      "properties": {
        "@id": "relation/163719",
        "building": "yes",
        "castle_type": "defensive",
        "civilization": "medieval",
        "heritage": "2",
        "heritage:operator": "Historic England",
        "historic": "castle",
        "layer": "1",
        "listed_status": "Grade I",
        "name": "Goodrich Castle",
        "operator": "English Heritage",
        "ruin": "yes",
        "ruins": "yes",
        "source:listed_status": "English Heritage",
        "type": "multipolygon",
        "website": "https://www.english-heritage.org.uk/visit/places/goodrich-castle/",
        "wikidata": "Q5583571",
        "wikipedia": "en:Goodrich Castle",
        "@geometry": "center"
      },
      "geometry": {
        "type": "Point",
        "coordinates": [
          -2.6158002,
          51.8767947
        ]
      },
      "id": "relation/163719"
    },
    {
      "type": "Feature",
      "properties": {
        "@id": "relation/270962",
        "access": "customers",
        "building": "yes",
        "castle_type": "palace",
        "heritage": "yes",
        "historic": "castle",
        "name": "Linlithgow Palace",
        "name:cs": "Palác Linlithgow",
        "start_date": "1424",
        "type": "multipolygon",
        "wikidata": "Q564868",
        "wikipedia": "en:Linlithgow Palace",
        "@geometry": "center"
      },
      "geometry": {
        "type": "Point",
        "coordinates": [
          -3.6008539,
          55.9787012
        ]
      },
      "id": "relation/270962"
    },
    {
      "type": "Feature",
      "properties": {
        "@id": "relation/303066",
        "building": "yes",
        "castle_type": "palace",
        "heritage": "1",
        "heritage:operator": "whc",
        "heritage:website": "http://whc.unesco.org/en/list/425",
        "historic": "castle",
        "image": "http://commons.wikimedia.org/wiki/File:Blenheim_Palace_panorama.jpg",
        "name": "Blenheim Palace",
        "name:ar": "قصر بلاينهايم",
        "name:be": "Бленхеймскі палац",
        "name:bg": "Дворецът Бленъм",
        "name:ca": "Palau de Blenheim",
        "name:cs": "Blenheimský palác",
        "name:da": "Blenheim Palace",
        "name:de": "Blenheim Palace",
        "name:el": "Ανάκτορο Μπλένειμ",
        "name:en": "Blenheim Palace",
        "name:es": "Palacio de Blenheim",
        "name:eu": "Blenheim jauregia",
        "name:fa": "کاخ بلنهایم",
        "name:fi": "Blenheimin palatsi",
        "name:fr": "Palais de Blenheim",
        "name:ga": "Blenheim Palace",
        "name:he": "ארמון בלנהיים",
        "name:hr": "Palača Blenheim",
        "name:hu": "Blenheim kastély",
        "name:hy": "Բլենիմյան պալատ",
        "name:it": "Blenheim Palace",
        "name:ja": "ブレナム宮殿",
        "name:ka": "ბლენჰეიმის სასახლე",
        "name:ko": "블레넘궁",
        "name:lv": "Blenemas pils",
        "name:ne": "ब्लेनहेम दरबार",
        "name:nl": "Blenheim Palace",
        "name:nn": "Blenheim Palace",
        "name:no": "Blenheim Palace",
        "name:pl": "Blenheim Palace",
        "name:pt": "Palácio de Blenheim",
        "name:ro": "Palatul Blenheim",
        "name:ru": "Бленхеймский дворец",
        "name:sh": "Palača Blenheim",
        "name:sk": "Blenheim Palace",
        "name:sv": "Blenheim Palace",
        "name:th": "วังเบลนิม",
        "name:tr": "Blenheim Sarayı",
        "name:uk": "Бленгеймський палац",
        "name:vi": "Cung điện Blenheim",
        "name:xmf": "ბლენჰეიმიშ დოხორე",
        "name:zh": "布伦海姆宫",
        "ref:whc": "425",
        "source:geometry": "Bing",
        "tourism": "attraction",
        "type": "multipolygon",
        "whc:criteria": "(ii)(iv)",
        "whc:inscription_date": "1987",
        "wikidata": "Q208181",
        "wikimedia_commons": "Category:Blenheim Palace",
        "wikipedia": "en:Blenheim Palace",
        "@geometry": "center"
      },
      "geometry": {
        "type": "Point",
        "coordinates": [
          -1.3615394,
          51.8419522
        ]
      },
      "id": "relation/303066"
    },
    {
      "type": "Feature",
      "properties": {
        "@id": "relation/317958",
        "building": "yes",
        "castle_type": "defensive",
        "heritage": "2",
        "heritage:operator": "Historic England",
        "historic": "castle",
        "listed_status": "Grade I",
        "name": "Maxstoke Castle",
        "source": "OOC 1:25K",
        "type": "multipolygon",
        "wikidata": "Q6796030",
        "wikipedia": "en:Maxstoke Castle",
        "@geometry": "center"
      },
      "geometry": {
        "type": "Point",
        "coordinates": [
          -1.6716445,
          52.4993697
        ]
      },
      "id": "relation/317958"
    },
    {
      "type": "Feature",
      "properties": {
        "@id": "relation/545040",
        "building": "yes",
        "castle_type": "palace",
        "heritage": "2",
        "heritage:operator": "he",
        "heritage:website": "https://historicengland.org.uk/listing/the-list/list-entry/1264851",
        "historic": "castle",
        "inscription_date": "1970-02-05",
        "name": "Saint James's Palace",
        "name:ar": "قصر سانت جيمس",
        "name:en": "Saint James's Palace",
        "name:es": "Palacio Saint James.",
        "name:zh": "圣詹姆斯宫",
        "ref:GB:nhle": "1264851",
        "tourism": "attraction",
        "type": "multipolygon",
        "wheelchair": "no",
        "wikidata": "Q272162",
        "wikipedia": "en:St James's Palace",
        "@geometry": "center"
      },
      "geometry": {
        "type": "Point",
        "coordinates": [
          -0.137973,
          51.5045485
        ]
      },
      "id": "relation/545040"
    },
    {
      "type": "Feature",
      "properties": {
        "@id": "relation/553839",
        "access": "customers",
        "addr:city": "Warwick",
        "building": "castle",
        "castle_type": "defensive",
        "heritage": "2",
        "heritage:operator": "Historic England",
        "historic": "castle",
        "historic:civilization": "medieval",
        "listed_status": "Grade I",
        "name": "Warwick Castle",
        "name:ar": "قلعة ورك",
        "name:bg": "Уорик",
        "name:cs": "Warwick",
        "name:cy": "Castell Warwick",
        "name:en": "Warwick Castle",
        "name:es": "Castillo de Warwick",
        "name:fa": "قلعه واریک",
        "name:fi": "Warwickin linna",
        "name:fr": "Château de Warwick",
        "name:it": "Castello di Warwick",
        "name:ja": "ウォリック城",
        "name:ko": "워릭 성",
        "name:lt": "Voriko pilis",
        "name:ms": "Istana kota Warwick",
        "name:pl": "Zamek w Warwick",
        "name:pt": "Castelo de Warwick",
        "name:ru": "Уорикский замок",
        "name:th": "ปราสาทวอริก",
        "name:vi": "Lâu đài Warwick",
        "name:zh": "華威城堡",
        "start_date": "1068",
        "tourism": "attraction",
        "type": "multipolygon",
        "wikidata": "Q941276",
        "wikipedia": "en:Warwick Castle",
        "@geometry": "center"
      },
      "geometry": {
        "type": "Point",
        "coordinates": [
          -1.5851724,
          52.2795316
        ]
      },
      "id": "relation/553839"
    },
    {
      "type": "Feature",
      "properties": {
        "@id": "relation/904705",
        "addr:city": "London",
        "addr:housename": "Kensington Palace",
        "addr:postcode": "W8 4PX",
        "addr:street": "Kensington Garen",
        "building": "yes",
        "castle_type": "palace",
        "heritage": "2",
        "heritage:operator": "he",
        "heritage:website": "https://historicengland.org.uk/listing/the-list/list-entry/1223861",
        "historic": "castle",
        "listed_status": "Grade I",
        "name": "Kensington Palace",
        "name:ar": "قصر كنسينغتون",
        "name:en": "Kensington Palace",
        "name:et": "Kensingtoni palee",
        "name:fr": "Palais de Kensington",
        "name:lv": "Kensingtonpils",
        "name:zh": "肯辛顿宫",
        "opening_hours": "Mo-Su 09:00-16:00",
        "phone": "+44 20 3166 6000",
        "ref:GB:nhle": "1223861",
        "toilets": "yes",
        "toilets:access": "customers",
        "toilets:female": "yes",
        "toilets:male": "yes",
        "tourism": "attraction",
        "type": "multipolygon",
        "wheelchair": "yes",
        "wikidata": "Q207385",
        "wikipedia": "en:Kensington Palace",
        "@geometry": "center"
      },
      "geometry": {
        "type": "Point",
        "coordinates": [
          -0.1880544,
          51.5050885
        ]
      },
      "id": "relation/904705"
    },
    {
      "type": "Feature",
      "properties": {
        "@id": "relation/1061567",
        "building": "yes",
        "castle_type": "manor",
        "historic": "castle",
        "name": "Stobo Castle",
        "type": "multipolygon",
        "wikidata": "Q7617794",
        "wikipedia": "en:Stobo Castle",
        "@geometry": "center"
      },
      "geometry": {
        "type": "Point",
        "coordinates": [
          -3.3154495,
          55.6160666
        ]
      },
      "id": "relation/1061567"
    },
    {
      "type": "Feature",
      "properties": {
        "@id": "relation/1118816",
        "addr:city": "Arundel",
        "addr:housename": "Arundel Castle",
        "addr:postcode": "BN18 9AB",
        "addr:street": "High Street",
        "building": "yes",
        "castle_type": "defensive",
        "fhrs:authority": "Arun",
        "fhrs:id": "352052",
        "fhrs:local_authority_id": "9100314",
        "heritage": "2",
        "heritage:operator": "Historic England",
        "historic": "castle",
        "listed_status": "Grade I",
        "name": "Arundel Castle",
        "phone": "+44 1903 882173",
        "source:building": "OS_OpenData_StreetView",
        "tourism": "attraction",
        "type": "multipolygon",
        "url": "http://www.arundelcastle.org/",
        "wikidata": "Q716667",
        "wikipedia": "en:Arundel Castle",
        "@geometry": "center"
      },
      "geometry": {
        "type": "Point",
        "coordinates": [
          -0.5542326,
          50.8567752
        ]
      },
      "id": "relation/1118816"
    },
    {
      "type": "Feature",
      "properties": {
        "@id": "relation/1229902",
        "building": "yes",
        "castle_type": "stately",
        "historic": "castle",
        "name": "Kinloch Castle",
        "name:cs": "Zámek Kinloch",
        "name:en": "Kinloch Castle",
        "name:eu": "Kinloch gaztelua",
        "name:fr": "Château de Kinloch",
        "name:ga": "Caisteal Cheann Locha",
        "name:gd": "Caisteal Cheann Locha",
        "name:ru": "Замок Кинлох",
        "name:uk": "Замок Кінлох",
        "operator": "Scottish Natural Heritage",
        "source": "OS OpenData StreetView",
        "start_date": "1900",
        "type": "multipolygon",
        "website": "https://www.isleofrum.com/isleofrumheritag.php",
        "wikidata": "Q281232",
        "wikipedia": "en:Kinloch Castle",
        "@geometry": "center"
      },
      "geometry": {
        "type": "Point",
        "coordinates": [
          -6.2820891,
          57.0135715
        ]
      },
      "id": "relation/1229902"
    },
    {
      "type": "Feature",
      "properties": {
        "@id": "relation/1246123",
        "building": "castle",
        "castle_type": "defensive",
        "height": "4",
        "historic": "castle",
        "name": "Bodiam Castle",
        "name:ru": "Бодиам",
        "ruins": "yes",
        "start_date": "1385",
        "tourism": "attraction",
        "type": "multipolygon",
        "website": "https://www.nationaltrust.org.uk/bodiam-castle/",
        "wheelchair": "yes",
        "wikidata": "Q639208",
        "wikipedia": "en:Bodiam Castle",
        "@geometry": "center"
      },
      "geometry": {
        "type": "Point",
        "coordinates": [
          0.5435315,
          51.0022526
        ]
      },
      "id": "relation/1246123"
    },
    {
      "type": "Feature",
      "properties": {
        "@id": "relation/1271336",
        "building": "yes",
        "historic": "castle",
        "name": "Dunstaffnage Castle",
        "operator": "Historic Scotland",
        "replaces": "node 430399793",
        "source:outline": "Bing",
        "type": "multipolygon",
        "wikidata": "Q178522",
        "@geometry": "center"
      },
      "geometry": {
        "type": "Point",
        "coordinates": [
          -5.4377192,
          56.4547225
        ]
      },
      "id": "relation/1271336"
    },
    {
      "type": "Feature",
      "properties": {
        "@id": "relation/1403938",
        "addr:city": "London",
        "building": "yes",
        "building:levels": "4",
        "castle_type": "palace",
        "heritage": "2",
        "heritage:operator": "Historic England",
        "heritage:website": "https://historicengland.org.uk/listing/the-list/list-entry/1116399",
        "historic": "castle",
        "inscription_date": "1951-10-19",
        "listed_status": "Grade I",
        "name": "Lambeth Palace",
        "name:ar": "قصر لامبيث",
        "ref:GB:nhle": "1116399",
        "source": "Bing",
        "type": "multipolygon",
        "website": "https://www.archbishopofcanterbury.org/about-lambeth-palace",
        "wikidata": "Q1130266",
        "wikipedia": "en:Lambeth Palace",
        "@geometry": "center"
      },
      "geometry": {
        "type": "Point",
        "coordinates": [
          -0.1197319,
          51.4955328
        ]
      },
      "id": "relation/1403938"
    },
    {
      "type": "Feature",
      "properties": {
        "@id": "relation/1420592",
        "building": "yes",
        "historic": "castle",
        "name": "Castell Dinbych",
        "name:cy": "Castell Dinbych",
        "name:en": "Denbigh Castle",
        "type": "multipolygon",
        "wikidata": "Q1186885",
        "wikipedia": "en:Denbigh Castle and town walls",
        "@geometry": "center"
      },
      "geometry": {
        "type": "Point",
        "coordinates": [
          -3.4206786,
          53.1807345
        ]
      },
      "id": "relation/1420592"
    },
    {
      "type": "Feature",
      "properties": {
        "@id": "relation/1420892",
        "building": "yes",
        "castle_type": "defensive",
        "heritage": "yes",
        "historic": "castle",
        "name": "Doune Castle",
        "tourism": "attraction",
        "type": "multipolygon",
        "wikidata": "Q1252715",
        "wikipedia": "en:Doune Castle",
        "@geometry": "center"
      },
      "geometry": {
        "type": "Point",
        "coordinates": [
          -4.0502104,
          56.185069
        ]
      },
      "id": "relation/1420892"
    },
    {
      "type": "Feature",
      "properties": {
        "@id": "relation/1458800",
        "castle_type": "fortress",
        "fee": "yes",
        "historic": "castle",
        "name": "Blackness Castle",
        "opening_hours": "Apr-Sep 09:30-17:30; Oct-Mar Sa-We 09:30-16:30",
        "operator": "Historic Scotland",
        "tourism": "attraction",
        "type": "multipolygon",
        "wikidata": "Q1524366",
        "wikipedia": "en:Blackness Castle",
        "@geometry": "center"
      },
      "geometry": {
        "type": "Point",
        "coordinates": [
          -3.5160772,
          56.0060675
        ]
      },
      "id": "relation/1458800"
    },
    {
      "type": "Feature",
      "properties": {
        "@id": "relation/1459252",
        "building": "yes",
        "historic": "castle",
        "name": "Inverlochy Castle",
        "operator": "Historic Scotland",
        "ruins": "yes",
        "tourism": "attraction",
        "type": "multipolygon",
        "wikidata": "Q17825866",
        "wikipedia": "en:Inverlochy Castle",
        "@geometry": "center"
      },
      "geometry": {
        "type": "Point",
        "coordinates": [
          -5.0823384,
          56.832291
        ]
      },
      "id": "relation/1459252"
    },
    {
      "type": "Feature",
      "properties": {
        "@id": "relation/1515613",
        "addr:postcode": "GL13 9BQ",
        "alt_name": "Berkley Castle;Barkley Castle",
        "building": "castle",
        "castle_type": "defensive",
        "historic": "castle",
        "name": "Berkeley Castle",
        "name:en": "Berkeley Castle",
        "name:fr": "Château de Berkeley",
        "name:ga": "Caisleán Berkeley",
        "name:it": "Castello di Berkeley",
        "name:ru": "Замок Беркли",
        "name:ur": "برکلی قلعہ",
        "source:outline": "Bing",
        "tourism": "attraction",
        "type": "multipolygon",
        "wikidata": "Q4891993",
        "wikipedia": "en:Berkeley Castle",
        "@geometry": "center"
      },
      "geometry": {
        "type": "Point",
        "coordinates": [
          -2.4567708,
          51.688552
        ]
      },
      "id": "relation/1515613"
    },
    {
      "type": "Feature",
      "properties": {
        "@id": "relation/1525518",
        "building": "yes",
        "castle_type": "defensive",
        "historic": "castle",
        "name": "Carreg Cennen Castle",
        "name:br": "Kastell Carreg Cennen",
        "name:cy": "Castell Carreg Cennen",
        "name:fi": "Carreg Cennenin linna",
        "name:pt": "Castelo Carreg Cennen",
        "ruins": "yes",
        "type": "multipolygon",
        "wikidata": "Q3403691",
        "wikipedia": "en:Carreg Cennen Castle",
        "@geometry": "center"
      },
      "geometry": {
        "type": "Point",
        "coordinates": [
          -3.935346,
          51.8544479
        ]
      },
      "id": "relation/1525518"
    },
    {
      "type": "Feature",
      "properties": {
        "@id": "relation/1539623",
        "building": "stately_home",
        "castle_type": "stately",
        "historic": "castle",
        "name": "Blickling Hall",
        "operator": "National Trust",
        "owner": "National Trust",
        "source": "OS_OpenData _StreetView; Bing",
        "tourism": "attraction",
        "type": "multipolygon",
        "wikidata": "Q17535638",
        "wikipedia": "en:Blickling Hall",
        "@geometry": "center"
      },
      "geometry": {
        "type": "Point",
        "coordinates": [
          1.2316476,
          52.8117148
        ]
      },
      "id": "relation/1539623"
    },
    {
      "type": "Feature",
      "properties": {
        "@id": "relation/1567699",
        "addr:city": "London",
        "addr:housename": "Palace of Westminster/ Houses of Parliament",
        "addr:postcode": "SW1A 0AA",
        "addr:suburb": "Westminster",
        "alt_name": "Houses of Parliament",
        "architect": "Charles Barry, Augustus Pugin",
        "architect:wikidata": "Q552584;Q313288",
        "building": "government",
        "building:levels": "4",
        "castle_type": "palace",
        "government": "parliament",
        "heritage": "1",
        "heritage:operator": "whc",
        "historic": "castle",
        "landmark": "1",
        "name": "Palace of Westminster",
        "name:af": "Paleis van Westminster",
        "name:ar": "قصر وستمنستر",
        "name:cy": "Palas San Steffan",
        "name:de": "Westminsterpalast",
        "name:en": "Palace of Westminster",
        "name:es": "Palacio de Westminster",
        "name:fr": "Palais de Westminster",
        "name:ga": "Tithe na Parlaiminte",
        "name:gl": "Palacio de Westminster",
        "name:it": "Palazzo di Westminster",
        "name:ja": "ウェストミンスター宮殿",
        "name:kn": "ಪ್ಯಾಲೇಸ್ ಆಫ್ ವೆಸ್ಟ್‌ಮಿನ್ಸ್‌ಟರ್",
        "name:ko": "웨스트민스터 궁",
        "name:pl": "Pałac Westminsterski",
        "name:pt": "Palácio de Westminster",
        "name:ro": "Palatul Westminster",
        "name:sco": "Palace o Wastmeenster",
        "name:sk": "Westministerský palác",
        "name:sr": "Вестминстерска палата",
        "name:th": "พระราชวังเวสต์มินสเตอร์",
        "name:uk": "Вестмінстерський палац",
        "name:zh": "威斯敏斯特宫",
        "name:zh-Hans": "威斯敏斯特宫",
        "name:zh-Hant": "西敏宮",
        "office": "government",
        "tourism": "attraction",
        "type": "multipolygon",
        "website": "https://www.parliament.uk/",
        "wheelchair": "yes",
        "wikidata": "Q62408",
        "wikimedia_commons": "Category:Palace of Westminster",
        "wikipedia": "en:Palace of Westminster",
        "@geometry": "center"
      },
      "geometry": {
        "type": "Point",
        "coordinates": [
          -0.1245662,
          51.4993872
        ]
      },
      "id": "relation/1567699"
    },
    {
      "type": "Feature",
      "properties": {
        "@id": "relation/1578648",
        "addr:city": "East Cowes",
        "building": "yes",
        "castle_type": "manor",
        "heritage": "2",
        "heritage:operator": "Historic England",
        "heritage:website": "https://historicengland.org.uk/listing/the-list/list-entry/1223802",
        "historic": "castle",
        "listed_status": "Grade I",
        "name": "Osborne House",
        "note": "Opening hours of the park are different",
        "opening_hours": "Apr 01-Sep 30 10:00-17:00",
        "ref:GB:nhle": "1223802",
        "source": "Bing",
        "tourism": "attraction",
        "type": "multipolygon",
        "wikidata": "Q565155",
        "wikimedia_commons": "Category:Osborne House",
        "wikipedia": "en:Osborne House",
        "@geometry": "center"
      },
      "geometry": {
        "type": "Point",
        "coordinates": [
          -1.2697264,
          50.75059
        ]
      },
      "id": "relation/1578648"
    },
    {
      "type": "Feature",
      "properties": {
        "@id": "relation/1609514",
        "addr:postcode": "PH2 6BD",
        "building": "yes",
        "historic": "castle",
        "name": "Scone Palace",
        "tourism": "attraction",
        "type": "multipolygon",
        "url": "http://en.wikipedia.org/wiki/Scone_Palace",
        "website": "https://www.scone-palace.co.uk/",
        "wikidata": "Q1269394",
        "wikipedia": "en:Scone Palace",
        "@geometry": "center"
      },
      "geometry": {
        "type": "Point",
        "coordinates": [
          -3.4384092,
          56.4228855
        ]
      },
      "id": "relation/1609514"
    },
    {
      "type": "Feature",
      "properties": {
        "@id": "relation/1621542",
        "access": "yes",
        "alt_name": "Wardour Castle",
        "building": "ruins",
        "building:colour": "beige",
        "building:levels": "6",
        "building:material": "stone",
        "castle_type": "defensive",
        "height": "25",
        "heritage": "2",
        "heritage:operator": "English Heritage",
        "historic": "castle",
        "historic:civilization": "medieval",
        "name": "Old Wardour Castle",
        "ruins": "yes",
        "type": "multipolygon",
        "wikidata": "Q7969192",
        "wikipedia": "en:Wardour Castle",
        "@geometry": "center"
      },
      "geometry": {
        "type": "Point",
        "coordinates": [
          -2.0888721,
          51.0363583
        ]
      },
      "id": "relation/1621542"
    },
    {
      "type": "Feature",
      "properties": {
        "@id": "relation/1669488",
        "building": "yes",
        "building:material": "stone",
        "castle_type": "tower_house",
        "historic": "castle",
        "name": "Lauriston Castle",
        "source:outline": "bing",
        "tourism": "attraction",
        "type": "multipolygon",
        "wikidata": "Q2969689",
        "wikipedia": "en:Lauriston Castle",
        "@geometry": "center"
      },
      "geometry": {
        "type": "Point",
        "coordinates": [
          -3.2784379,
          55.9712024
        ]
      },
      "id": "relation/1669488"
    },
    {
      "type": "Feature",
      "properties": {
        "@id": "relation/1700636",
        "addr:city": "Forfar",
        "addr:housename": "Glamis Castle",
        "addr:postcode": "DD8 1RJ",
        "addr:suburb": "Glamis",
        "building": "yes",
        "castle_type": "palace",
        "fee": "yes",
        "historic": "castle",
        "name": "Glamis Castle",
        "name:ca": "Castell de Glamis",
        "name:cs": "Glamis",
        "name:es": "Castillo de Glamis",
        "name:eu": "Glamiseko gaztelua",
        "name:fr": "Château de Glamis",
        "name:gd": "Caisteal Ghlamais",
        "name:it": "Castello di Glamis",
        "name:ja": "グラームス城",
        "name:pl": "Glamis",
        "name:pt": "Castelo de Glamis",
        "name:ru": "Замок Глэмис",
        "name:sco": "Glaums Castle",
        "name:uk": "Замок Глеміс",
        "name:vi": "Lâu đài Glamis",
        "name:zh": "格拉姆斯城堡",
        "opening_hours": "Mo-Su 10:00-18:00",
        "operator": "Earl and Countess of Strathmore and Kinghorne",
        "phone": "+44 1307 840393",
        "ref:canmore": "32055",
        "tourism": "attraction",
        "type": "multipolygon",
        "wikidata": "Q1529151",
        "wikipedia": "en:Glamis Castle",
        "@geometry": "center"
      },
      "geometry": {
        "type": "Point",
        "coordinates": [
          -3.0020454,
          56.6203771
        ]
      },
      "id": "relation/1700636"
    },
    {
      "type": "Feature",
      "properties": {
        "@id": "relation/1708110",
        "building": "castle",
        "castle_type": "defensive",
        "historic": "castle",
        "name": "Duart Castle",
        "operator": "Clan McLean",
        "tourism": "attraction",
        "tourism_1": "hotel",
        "type": "multipolygon",
        "website": "https://www.duartcastle.com/",
        "wikidata": "Q1262718",
        "wikipedia": "en:Duart Castle",
        "@geometry": "center"
      },
      "geometry": {
        "type": "Point",
        "coordinates": [
          -5.6550101,
          56.4561163
        ]
      },
      "id": "relation/1708110"
    },
    {
      "type": "Feature",
      "properties": {
        "@id": "relation/1715889",
        "building": "yes",
        "castle_type": "stately",
        "historic": "castle",
        "listed_status": "Grade I",
        "name": "Castle Ashby House",
        "type": "multipolygon",
        "wikidata": "Q5049988",
        "wikipedia": "en:Castle Ashby House",
        "@geometry": "center"
      },
      "geometry": {
        "type": "Point",
        "coordinates": [
          -0.738519,
          52.2245716
        ]
      },
      "id": "relation/1715889"
    },
    {
      "type": "Feature",
      "properties": {
        "@id": "relation/1720376",
        "access": "private",
        "building": "castle",
        "castle_type": "castle",
        "historic": "castle",
        "historic:civilization": "medieval",
        "name": "Castell Beaumaris Castle",
        "type": "multipolygon",
        "@geometry": "center"
      },
      "geometry": {
        "type": "Point",
        "coordinates": [
          -4.0897689,
          53.2648243
        ]
      },
      "id": "relation/1720376"
    },
    {
      "type": "Feature",
      "properties": {
        "@id": "relation/1721074",
        "building": "yes",
        "historic": "castle",
        "name": "Raglan Castle",
        "name:cy": "Castell Rhaglan",
        "operator": "Cadw",
        "type": "multipolygon",
        "wikidata": "Q2630723",
        "wikipedia": "en:Raglan Castle",
        "@geometry": "center"
      },
      "geometry": {
        "type": "Point",
        "coordinates": [
          -2.8501308,
          51.7704885
        ]
      },
      "id": "relation/1721074"
    },
    {
      "type": "Feature",
      "properties": {
        "@id": "relation/1737793",
        "building": "yes",
        "castle_type": "defensive",
        "historic": "castle",
        "name": "Rhuddlan Castle",
        "name:be": "Замак Рудлан",
        "name:br": "Kastell Rhuddlan",
        "name:cy": "Castell Rhuddlan",
        "name:es": "Castillo de Rhuddlan",
        "name:fi": "Rhuddlanin linna",
        "name:fr": "Château de Rhuddlan",
        "name:hu": "Rhuddlani vár",
        "name:pt": "Castelo de Rhuddlan",
        "name:ru": "Ридлан",
        "name:uk": "Рудлан",
        "name:zh": "廬德蘭城堡",
        "ruins": "yes",
        "tourism": "attraction",
        "type": "multipolygon",
        "wikidata": "Q1585938",
        "wikipedia": "en:Rhuddlan Castle",
        "@geometry": "center"
      },
      "geometry": {
        "type": "Point",
        "coordinates": [
          -3.4646315,
          53.2891775
        ]
      },
      "id": "relation/1737793"
    },
    {
      "type": "Feature",
      "properties": {
        "@id": "relation/1802876",
        "access": "customers",
        "building": "yes",
        "castle_type": "defensive",
        "historic": "castle",
        "name": "Restormel Castle",
        "start_date": "~1100",
        "type": "multipolygon",
        "website": "https://www.english-heritage.org.uk/visit/places/restormel-castle/",
        "wikidata": "Q1140030",
        "wikipedia": "en:Restormel Castle",
        "@geometry": "center"
      },
      "geometry": {
        "type": "Point",
        "coordinates": [
          -4.6704522,
          50.4217881
        ]
      },
      "id": "relation/1802876"
    },
    {
      "type": "Feature",
      "properties": {
        "@id": "relation/1811303",
        "addr:city": "Cockermouth",
        "addr:street": "Castlegate",
        "castle_type": "defensive",
        "historic": "castle",
        "name": "Cockermouth Castle",
        "type": "multipolygon",
        "wikidata": "Q5139587",
        "wikipedia": "en:Cockermouth Castle",
        "@geometry": "center"
      },
      "geometry": {
        "type": "Point",
        "coordinates": [
          -3.3623772,
          54.6651251
        ]
      },
      "id": "relation/1811303"
    },
    {
      "type": "Feature",
      "properties": {
        "@id": "relation/1949549",
        "addr:city": "King's Lynn",
        "addr:country": "GB",
        "addr:housename": "Oxburgh Hall",
        "addr:postcode": "PE33 9PS",
        "addr:suburb": "Oxborough",
        "building": "yes",
        "castle_type": "stately",
        "fhrs:id": "832093",
        "heritage": "yes",
        "historic": "castle",
        "name": "Oxburgh Hall",
        "operator": "National Trust",
        "tourism": "attraction",
        "type": "multipolygon",
        "website": "https://www.nationaltrust.org.uk/oxburghhall/",
        "wikidata": "Q7115152",
        "wikipedia": "en:Oxburgh Hall",
        "@geometry": "center"
      },
      "geometry": {
        "type": "Point",
        "coordinates": [
          0.5704259,
          52.5810295
        ]
      },
      "id": "relation/1949549"
    },
    {
      "type": "Feature",
      "properties": {
        "@id": "relation/2071746",
        "access": "yes",
        "building": "yes",
        "historic": "ruins",
        "name": "Cessford Castle",
        "ruins": "castle",
        "tourism": "attraction",
        "type": "multipolygon",
        "wikidata": "Q5065559",
        "wikipedia": "en:Cessford Castle",
        "@geometry": "center"
      },
      "geometry": {
        "type": "Point",
        "coordinates": [
          -2.4163202,
          55.5076315
        ]
      },
      "id": "relation/2071746"
    },
    {
      "type": "Feature",
      "properties": {
        "@id": "relation/2089661",
        "building": "yes",
        "castle_type": "stately",
        "fee": "yes",
        "historic": "castle",
        "name": "Penrhyn Castle",
        "name:cy": "Castell Penrhyn",
        "name:eu": "Penrhyn gaztelua",
        "name:pl": "Zamek Penrhyn",
        "name:ru": "Пенрин",
        "name:zh": "彭林城堡",
        "operator": "National Trust",
        "source": "Bing",
        "tourism": "museum",
        "type": "multipolygon",
        "wheelchair": "yes",
        "wikidata": "Q3402621",
        "wikipedia": "en:Penrhyn Castle",
        "@geometry": "center"
      },
      "geometry": {
        "type": "Point",
        "coordinates": [
          -4.0946108,
          53.2258386
        ]
      },
      "id": "relation/2089661"
    },
    {
      "type": "Feature",
      "properties": {
        "@id": "relation/2301658",
        "building": "yes",
        "historic": "castle",
        "name": "Peveril Castle",
        "type": "multipolygon",
        "website": "https://www.english-heritage.org.uk/visit/places/peveril-castle/",
        "@geometry": "center"
      },
      "geometry": {
        "type": "Point",
        "coordinates": [
          -1.7773869,
          53.3399244
        ]
      },
      "id": "relation/2301658"
    },
    {
      "type": "Feature",
      "properties": {
        "@id": "relation/2368840",
        "building": "yes",
        "castle_type": "fortress",
        "historic": "castle",
        "military": "base",
        "military_service": "army",
        "name": "Royal Citadel",
        "name:de": "Zitadelle von Plymouth",
        "type": "multipolygon",
        "wikidata": "Q7373944",
        "wikipedia": "en:Royal Citadel, Plymouth",
        "@geometry": "center"
      },
      "geometry": {
        "type": "Point",
        "coordinates": [
          -4.137615,
          50.3647333
        ]
      },
      "id": "relation/2368840"
    },
    {
      "type": "Feature",
      "properties": {
        "@id": "relation/2420826",
        "addr:city": "Lamberhurst",
        "building": "yes",
        "castle_type": "stately",
        "historic": "castle",
        "name": "Scotney Castle",
        "operator": "National Trust",
        "phone": "+44 1892 893820",
        "postal_code": "TN3 8JN",
        "type": "multipolygon",
        "website": "https://www.nationaltrust.org.uk/scotney-castle/",
        "wikidata": "Q7435720",
        "wikipedia": "en:Scotney Castle",
        "@geometry": "center"
      },
      "geometry": {
        "type": "Point",
        "coordinates": [
          0.4081705,
          51.0928543
        ]
      },
      "id": "relation/2420826"
    },
    {
      "type": "Feature",
      "properties": {
        "@id": "relation/2755833",
        "addr:city": "York",
        "addr:postcode": "YO1 9SA",
        "addr:street": "Tower Street",
        "attraction": "historic",
        "building": "yes",
        "castle_type": "defensive",
        "description": "Main building (bailery) of the original Castle of York set on a high mound (motte). Present building dates from 1259 on the site of William the Conqueror's 1068 timber castle.",
        "fee": "yes",
        "historic": "castle",
        "listed_status": "Grade I",
        "material": "stone",
        "name": "Clifford's Tower",
        "name:zh": "克利福德塔",
        "opening_hours": "1 Apr-30 Sep 10:00-18:00; 1 Oct-31 Oct 10:00-17:00; 1 Nov-31 Mar 10:00-16:00",
        "operator": "English Heritage",
        "phone": "+44 1904 646940",
        "ruins": "yes",
        "tourism": "attraction",
        "type": "multipolygon",
        "website": "https://www.english-heritage.org.uk/visit/places/cliffords-tower-york/",
        "wheelchair": "no",
        "wikidata": "Q80637",
        "wikipedia": "en:York Castle",
        "@geometry": "center"
      },
      "geometry": {
        "type": "Point",
        "coordinates": [
          -1.0800132,
          53.9558273
        ]
      },
      "id": "relation/2755833"
    },
    {
      "type": "Feature",
      "properties": {
        "@id": "relation/2793849",
        "building": "yes",
        "historic": "castle",
        "historic:civilization": "middle-ages",
        "name": "Bolingbroke Castle",
        "ruins": "yes",
        "source": "wikipedia;aerial imagery;local knowledge;Bing",
        "type": "multipolygon",
        "@geometry": "center"
      },
      "geometry": {
        "type": "Point",
        "coordinates": [
          0.0169341,
          53.1651771
        ]
      },
      "id": "relation/2793849"
    },
    {
      "type": "Feature",
      "properties": {
        "@id": "relation/3032096",
        "building": "yes",
        "castle_type": "stately",
        "historic": "castle",
        "name": "Dupplin Castle",
        "type": "multipolygon",
        "wikidata": "Q26869147",
        "wikipedia": "en:Dupplin Castle",
        "@geometry": "center"
      },
      "geometry": {
        "type": "Point",
        "coordinates": [
          -3.5287542,
          56.3581861
        ]
      },
      "id": "relation/3032096"
    },
    {
      "type": "Feature",
      "properties": {
        "@id": "relation/3131864",
        "building": "yes",
        "castle_type": "stately",
        "historic": "castle",
        "name": "Apethorpe Palace",
        "type": "multipolygon",
        "wikidata": "Q4779401",
        "wikipedia": "en:Apethorpe Palace",
        "@geometry": "center"
      },
      "geometry": {
        "type": "Point",
        "coordinates": [
          -0.4924196,
          52.5472008
        ]
      },
      "id": "relation/3131864"
    },
    {
      "type": "Feature",
      "properties": {
        "@id": "relation/3134597",
        "HE_ref": "1000679",
        "addr:city": "Bakewell",
        "addr:postcode": "DE45 1LA",
        "building": "yes",
        "building:condition": "preserved",
        "castle_type": "palace",
        "heritage": "2",
        "heritage:operator": "English Heritage",
        "historic": "castle",
        "listed_status": "Grade I",
        "name": "Haddon Hall",
        "name:zh": "哈頓莊園遊",
        "source": "bing",
        "tourism": "attraction",
        "type": "multipolygon",
        "wikidata": "Q3080996",
        "wikipedia": "en:Haddon Hall",
        "@geometry": "center"
      },
      "geometry": {
        "type": "Point",
        "coordinates": [
          -1.6496674,
          53.1938195
        ]
      },
      "id": "relation/3134597"
    },
    {
      "type": "Feature",
      "properties": {
        "@id": "relation/3174519",
        "access": "yes",
        "addr:postcode": "ME1 1SW",
        "alt_name": "Rochester Castle",
        "building": "yes",
        "castle_type": "defensive",
        "check_date": "2024-10-11",
        "description": "Rochester Castle, a historic Norman fortress in Kent, England, was built in 1127. Its impressive stone keep exemplifies medieval architecture. The castle played a key role in conflicts like the First Barons' War and is now a popular heritage site.",
        "historic": "castle",
        "historic:civilization": "norman",
        "layer": "-1",
        "loc_name": "Rochester Castle",
        "name": "Rochester Castle",
        "nat_name": "Rochester Castle",
        "note": "Rochester Castle, located in Kent, England, is a well-preserved Norman fortress built in 1127. Known for its towering stone keep, it played a key role in medieval conflicts, including the First Barons' War. Today, it is managed by English Heritage.",
        "official_name": "Rochester Castle",
        "operator": "English Heritage",
        "reg_name": "Rochester Castle",
        "ruins": "yes",
        "short_name": "Rochester Castle",
        "source": "survey;local knowledge;gps;streetlevel imagery;aerial imagery",
        "start_date": "1127",
        "tourism": "attraction",
        "type": "multipolygon",
        "website": "https://www.english-heritage.org.uk/visit/places/rochester-castle/",
        "wikidata": "Q1125527",
        "wikipedia": "en:Rochester Castle",
        "@geometry": "center"
      },
      "geometry": {
        "type": "Point",
        "coordinates": [
          0.5015338,
          51.3899854
        ]
      },
      "id": "relation/3174519"
    },
    {
      "type": "Feature",
      "properties": {
        "@id": "relation/3218557",
        "addr:postcode": "LL14 5AF",
        "building": "yes",
        "castle_type": "defensive",
        "historic": "castle",
        "historic:civilization": "medieval",
        "name": "Chirk Castle",
        "name:cy": "Casytell y Waun",
        "note": "Boundary approximate",
        "operator": "National Trust",
        "type": "multipolygon",
        "wikidata": "Q3306356",
        "wikipedia": "en:Chirk Castle",
        "@geometry": "center"
      },
      "geometry": {
        "type": "Point",
        "coordinates": [
          -3.0896084,
          52.9350385
        ]
      },
      "id": "relation/3218557"
    },
    {
      "type": "Feature",
      "properties": {
        "@id": "relation/3293344",
        "access": "private",
        "building": "yes",
        "castle_type": "defensive",
        "historic": "castle",
        "name": "Allington Castle",
        "type": "multipolygon",
        "wikidata": "Q4732691",
        "@geometry": "center"
      },
      "geometry": {
        "type": "Point",
        "coordinates": [
          0.5114413,
          51.2934262
        ]
      },
      "id": "relation/3293344"
    },
    {
      "type": "Feature",
      "properties": {
        "@id": "relation/3353687",
        "building": "yes",
        "castle_type": "stately",
        "heritage": "2",
        "heritage:operator": "Historic England",
        "historic": "castle",
        "listed_status": "Grade I",
        "name": "Compton Wynyates",
        "source": "bing",
        "type": "multipolygon",
        "wikidata": "Q5157180",
        "wikimedia_commons": "Category:Compton Wynyates",
        "@geometry": "center"
      },
      "geometry": {
        "type": "Point",
        "coordinates": [
          -1.5187902,
          52.0738072
        ]
      },
      "id": "relation/3353687"
    },
    {
      "type": "Feature",
      "properties": {
        "@id": "relation/3361771",
        "addr:city": "Stamford",
        "addr:postcode": "PE9 3JY",
        "building": "country_house",
        "castle_type": "stately",
        "historic": "castle",
        "name": "Burghley House",
        "tourism": "attraction",
        "type": "multipolygon",
        "website": "https://www.burghley.co.uk/",
        "wikidata": "Q1015079",
        "wikipedia": "en:Burghley House",
        "@geometry": "center"
      },
      "geometry": {
        "type": "Point",
        "coordinates": [
          -0.4523816,
          52.6425035
        ]
      },
      "id": "relation/3361771"
    },
    {
      "type": "Feature",
      "properties": {
        "@id": "way/3580387",
        "access": "private",
        "alt_name": "Spitsand Fort",
        "alt_name:1": "Spit Sand Fort",
        "alt_name:2": "Spit Fort",
        "building": "yes",
        "castle_type": "fortress",
        "fhrs:id": "112603",
        "historic": "castle",
        "name": "Spitbank Fort",
        "natural": "coastline",
        "ref:GB:uprn": "1775111192;1775111192",
        "source": "OS OpenData StreetView",
        "start_date": "1867",
        "tourism": "hotel",
        "website": "https://solentforts.com/",
        "wikidata": "Q2311360",
        "wikipedia": "en:Spitbank Fort",
        "@geometry": "center"
      },
      "geometry": {
        "type": "Point",
        "coordinates": [
          -1.0989458,
          50.7704964
        ]
      },
      "id": "way/3580387"
    },
    {
      "type": "Feature",
      "properties": {
        "@id": "relation/3609581",
        "addr:city": "London",
        "building": "yes",
        "castle_type": "palace",
        "heritage": "2",
        "heritage:operator": "he",
        "heritage:website": "https://historicengland.org.uk/listing/the-list/list-entry/1286903",
        "historic": "castle",
        "listed_status": "Grade I",
        "name": "Fulham Palace",
        "ref:GB:nhle": "1286903",
        "source": "yahoo",
        "source:name": "os_street_view",
        "tourism": "museum",
        "type": "multipolygon",
        "website": "https://www.fulhampalace.org/",
        "wikidata": "Q5507927",
        "wikipedia": "en:Fulham Palace",
        "@geometry": "center"
      },
      "geometry": {
        "type": "Point",
        "coordinates": [
          -0.2156544,
          51.4705417
        ]
      },
      "id": "relation/3609581"
    },
    {
      "type": "Feature",
      "properties": {
        "@id": "relation/3704610",
        "access": "customers",
        "building": "yes",
        "castle_type": "manor",
        "fee": "yes",
        "historic": "castle",
        "historic:civilization": "medieval",
        "listed_status": "Grade I",
        "name": "Tretower Court",
        "name:en": "Tretower Court",
        "operator": "Cadw",
        "owner": "Cadw",
        "ref:cadw": "20656",
        "start_date": "1300",
        "type": "multipolygon",
        "wikidata": "Q7838880",
        "wikipedia": "en:Tretower Court",
        "@geometry": "center"
      },
      "geometry": {
        "type": "Point",
        "coordinates": [
          -3.1841671,
          51.883268
        ]
      },
      "id": "relation/3704610"
    },
    {
      "type": "Feature",
      "properties": {
        "@id": "relation/3825399",
        "building": "yes",
        "building:material": "stone",
        "castle_type": "defensive",
        "heritage": "yes",
        "historic": "castle",
        "name": "Eilean Donan Castle",
        "name:de": "Burg Eilean Donan",
        "name:en": "Eilean Donan Castle",
        "name:gd": "Caisteal Eilean Donnain",
        "name:mk": "Замок Елен Донан",
        "name:ru": "Эйлен-Донан",
        "name:zh": "爱莲朵娜城堡",
        "opening_hours": "Feb 01-Mar 24,Oct 28-Dec 30 10:00-16:00; Mar 25-Oct 27 10:00-18:00",
        "roof:colour": "grey",
        "start_date": "early C13",
        "type": "multipolygon",
        "website": "https://www.eileandonancastle.com/",
        "wikidata": "Q20816698",
        "@geometry": "center"
      },
      "geometry": {
        "type": "Point",
        "coordinates": [
          -5.5160991,
          57.2738631
        ]
      },
      "id": "relation/3825399"
    },
    {
      "type": "Feature",
      "properties": {
        "@id": "relation/3851561",
        "access": "customers",
        "building": "castle",
        "castle_type": "fortress",
        "fee": "yes",
        "historic": "castle",
        "name": "Hurst Castle",
        "name:fi": "Hurstin linna",
        "name:pa": "ਹਰਸਟ ਕੈਸਲ",
        "name:pl": "Zamek Hurst",
        "name:sc": "Castello di Hurst",
        "start_date": "1544-01-01",
        "type": "multipolygon",
        "website": "https://www.english-heritage.org.uk/visit/places/hurst-castle",
        "wikidata": "Q628622",
        "wikipedia": "en:Hurst Castle",
        "@geometry": "center"
      },
      "geometry": {
        "type": "Point",
        "coordinates": [
          -1.5521412,
          50.7068819
        ]
      },
      "id": "relation/3851561"
    },
    {
      "type": "Feature",
      "properties": {
        "@id": "relation/3879106",
        "building": "yes",
        "historic": "castle",
        "name": "St Donats Castle",
        "type": "multipolygon",
        "wikidata": "Q1485119",
        "wikipedia": "en:St Donat's Castle",
        "@geometry": "center"
      },
      "geometry": {
        "type": "Point",
        "coordinates": [
          -3.5333775,
          51.4018412
        ]
      },
      "id": "relation/3879106"
    },
    {
      "type": "Feature",
      "properties": {
        "@id": "relation/3958084",
        "building": "yes",
        "castle_type": "manor",
        "construction_date": "1566-1572",
        "historic": "castle",
        "name": "Castle of Mey",
        "tourism": "attraction",
        "type": "multipolygon",
        "wikidata": "Q1049589",
        "wikimedia_commons": "Category:Castle of Mey",
        "wikipedia": "en:Castle of Mey",
        "@geometry": "center"
      },
      "geometry": {
        "type": "Point",
        "coordinates": [
          -3.2247779,
          58.6471749
        ]
      },
      "id": "relation/3958084"
    },
    {
      "type": "Feature",
      "properties": {
        "@id": "relation/4054834",
        "building": "yes",
        "castle_type": "defensive",
        "historic": "castle",
        "name": "Stafford Castle",
        "type": "multipolygon",
        "wikidata": "Q11814",
        "wikipedia": "en:Stafford Castle",
        "@geometry": "center"
      },
      "geometry": {
        "type": "Point",
        "coordinates": [
          -2.1473538,
          52.7979443
        ]
      },
      "id": "relation/4054834"
    },
    {
      "type": "Feature",
      "properties": {
        "@id": "relation/4059799",
        "building": "yes",
        "heritage": "2",
        "heritage:operator": "Cadw",
        "historic": "castle",
        "layer": "1",
        "name": "Castell Cydweli",
        "name:cy": "Castell Cydweli",
        "name:en": "Kidwelly Castle",
        "type": "multipolygon",
        "wikidata": "Q1585849",
        "wikipedia": "en:Kidwelly Castle",
        "@geometry": "center"
      },
      "geometry": {
        "type": "Point",
        "coordinates": [
          -4.3057942,
          51.7394354
        ]
      },
      "id": "relation/4059799"
    },
    {
      "type": "Feature",
      "properties": {
        "@id": "relation/4067880",
        "building": "castle",
        "historic": "castle",
        "type": "multipolygon",
        "@geometry": "center"
      },
      "geometry": {
        "type": "Point",
        "coordinates": [
          -4.6342413,
          52.057157
        ]
      },
      "id": "relation/4067880"
    },
    {
      "type": "Feature",
      "properties": {
        "@id": "relation/4128430",
        "building": "yes",
        "castle_type": "stately",
        "historic": "castle",
        "name": "Inverness Castle",
        "name:eu": "Invernessko gaztelua",
        "name:ga": "Caisteal Inbhir Nis",
        "name:gd": "Caisteal Inbhir Nis",
        "name:it": "Castello di Inverness",
        "start_date": "1836",
        "tourism": "attraction",
        "type": "multipolygon",
        "wikidata": "Q6060213",
        "wikipedia": "en:Inverness Castle",
        "@geometry": "center"
      },
      "geometry": {
        "type": "Point",
        "coordinates": [
          -4.2256332,
          57.4764409
        ]
      },
      "id": "relation/4128430"
    },
    {
      "type": "Feature",
      "properties": {
        "@id": "relation/4148076",
        "building": "yes",
        "historic": "castle",
        "name": "Castle Hill",
        "type": "multipolygon",
        "wikidata": "Q5050119",
        "wikipedia": "en:Castle Hill, Filleigh",
        "@geometry": "center"
      },
      "geometry": {
        "type": "Point",
        "coordinates": [
          -3.8967903,
          51.0402563
        ]
      },
      "id": "relation/4148076"
    },
    {
      "type": "Feature",
      "properties": {
        "@id": "relation/4229902",
        "addr:postcode": "TD15 2SH",
        "building": "yes",
        "castle_type": "fortress",
        "email": "lindisfarne@nationaltrust.org.uk",
        "historic": "castle",
        "image": "https://www.geograph.org.uk/photo/6636200",
        "name": "Lindisfarne Castle",
        "name:de": "Lindisfarne Castle",
        "name:en": "Lindisfarne Castle",
        "name:es": "Castillo de Lindisfarne",
        "name:fr": "Château de Lindisfarne",
        "name:no": "Lindisfarne Castle",
        "name:pt": "Castelo de Lindisfarne",
        "name:ru": "Замок Линдисфарн",
        "name:sv": "Lindisfarne Castle",
        "name:uk": "Ліндісфарнський замок",
        "operator": "National Trust",
        "owner": "National Trust",
        "phone": "+44 1289 389244",
        "tourism": "attraction",
        "type": "multipolygon",
        "website": "https://www.nationaltrust.org.uk/lindisfarne-castle/",
        "wheelchair": "no",
        "wikidata": "Q2627072",
        "wikimedia_commons": "Category:Lindisfarne Castle",
        "wikipedia": "en:Lindisfarne Castle",
        "@geometry": "center"
      },
      "geometry": {
        "type": "Point",
        "coordinates": [
          -1.7847188,
          55.6690641
        ]
      },
      "id": "relation/4229902"
    },
    {
      "type": "Feature",
      "properties": {
        "@id": "way/4301292",
        "addr:city": "Edinburgh",
        "addr:housename": "Edinburgh Castle",
        "addr:postcode": "EH1 2NG",
        "addr:street": "Castlehill",
        "castle_type": "fortress",
        "check_date:opening_hours": "2024-01-11",
        "fee": "yes",
        "fee:conditional": "no @ (age < 7)",
        "historic": "castle",
        "image": "https://commons.wikimedia.org/wiki/File%3AEdinburgh_Castle_from_the_south_east.JPG",
        "name": "Edinburgh Castle",
        "name:af": "Edinburg-kasteel",
        "name:ar": "قلعة إدنبرة",
        "name:az": "Edinburq qalası",
        "name:bg": "Единбургски замък",
        "name:br": "Kastell Dinedin",
        "name:ca": "Castell d'Edimburg",
        "name:ceb": "Edinburgh Castle",
        "name:cs": "Edinburský hrad",
        "name:cy": "Castell Caeredin",
        "name:da": "Edinburgh Castle",
        "name:de": "Edinburgh Castle",
        "name:es": "Castillo de Edimburgo",
        "name:et": "Edinburghi kindlus",
        "name:eu": "Edinburgheko gaztelua",
        "name:fa": "دژ ادینبورو",
        "name:fi": "Edinburghin linna",
        "name:fr": "Château d'Édimbourg",
        "name:ga": "Caisteal Dhún Éideann",
        "name:gd": "Caisteal Dhùn Èideann",
        "name:gl": "Castelo de Edimburgo",
        "name:he": "טירת אדינבורו",
        "name:hi": "एडिनबर्ग किला",
        "name:hr": "Edinburški dvorac",
        "name:hu": "Edinburgh-i vár",
        "name:hy": "Էդինբուրգյան դղյակ",
        "name:id": "Puri Edinburgh",
        "name:is": "Edinborgarkastali",
        "name:it": "Castello di Edimburgo",
        "name:ja": "エディンバラ城",
        "name:kk": "Эдинбург қамалы",
        "name:ko": "에든버러 성",
        "name:nl": "Edinburgh Castle",
        "name:no": "Edinburgh Castle",
        "name:pl": "Zamek w Edynburgu",
        "name:pt": "Castelo de Edimburgo",
        "name:ro": "Castelul Edinburgh",
        "name:ru": "Эдинбургский замок",
        "name:sco": "Edinburgh Castle",
        "name:sh": "Edinburški zamak",
        "name:sl": "Edinburški grad",
        "name:sr": "Единбуршки замак",
        "name:sv": "Edinburgh Castle",
        "name:sw": "Boma la Edinburgh",
        "name:tr": "Edinburgh Kalesi",
        "name:uk": "Единбурзький замок",
        "name:ur": "قلعہ ایڈنبرا",
        "name:vi": "Lâu đài Edinburgh",
        "name:zh": "爱丁堡城堡",
        "opening_hours": "Apr 01-Sep 30 09:30-18:00; Oct 01-Dec 23,Dec 27-31,Jan 02-Mar 31 09:30-17:00; Dec 24 09:30-16:00; Jan 01 11:00-17:00; Dec 25-26 off",
        "phone": "+44 131 225 9846",
        "source": "Bing",
        "toilets:wheelchair": "yes",
        "tourism": "attraction",
        "website": "https://www.edinburghcastle.scot/",
        "wheelchair": "limited",
        "wikidata": "Q212065",
        "wikipedia": "en:Edinburgh Castle",
        "@geometry": "center"
      },
      "geometry": {
        "type": "Point",
        "coordinates": [
          -3.2003994,
          55.9486754
        ]
      },
      "id": "way/4301292"
    },
    {
      "type": "Feature",
      "properties": {
        "@id": "way/4362072",
        "building": "chateau",
        "castle_type": "stately",
        "historic": "castle",
        "name": "Wimpole Hall",
        "operator": "National Trust",
        "wikidata": "Q8023577",
        "@geometry": "center"
      },
      "geometry": {
        "type": "Point",
        "coordinates": [
          -0.0497627,
          52.1411634
        ]
      },
      "id": "way/4362072"
    },
    {
      "type": "Feature",
      "properties": {
        "@id": "relation/4489758",
        "addr:country": "GB",
        "building": "yes",
        "historic": "castle",
        "name": "Ardverikie Castle",
        "source": "Bing",
        "type": "multipolygon",
        "website": "https://www.ardverikie.com/",
        "wikidata": "Q17570947",
        "wikipedia": "en:Ardverikie House",
        "@geometry": "center"
      },
      "geometry": {
        "type": "Point",
        "coordinates": [
          -4.4547175,
          56.9551366
        ]
      },
      "id": "relation/4489758"
    },
    {
      "type": "Feature",
      "properties": {
        "@id": "relation/4514469",
        "addr:city": "Ballindalloch",
        "addr:postcode": "AB37 9AX",
        "building": "yes",
        "contact:facebook": "https://www.facebook.com/ballindallochcastle",
        "contact:instagram": "https://www.instagram.com/ballindallochcastle/",
        "email": "enquiries@ballindallochcastle.co.uk",
        "heritage:operator": "Historic Environment Scotland",
        "heritage:website": "https://portal.historicenvironment.scot/designation/LB8449",
        "historic": "castle",
        "listed_status": "Category A",
        "name": "Ballindalloch Castle",
        "phone": "+44 1807 500205",
        "ref:GB:hs": "LB8449",
        "ref:canmore": "16007",
        "type": "multipolygon",
        "wikidata": "Q1965099",
        "wikipedia": "en:Ballindalloch Castle",
        "@geometry": "center"
      },
      "geometry": {
        "type": "Point",
        "coordinates": [
          -3.3693728,
          57.4118515
        ]
      },
      "id": "relation/4514469"
    },
    {
      "type": "Feature",
      "properties": {
        "@id": "relation/4629036",
        "addr:city": "Brechin",
        "addr:housename": "Edzell Castle",
        "addr:postcode": "DD9 7UE",
        "building": "yes",
        "historic": "castle",
        "name": "Edzell Castle",
        "name:sco": "Aigle Castle",
        "operator": "Historic Scotland",
        "phone": "+44 131 6688800",
        "ruins": "yes",
        "tourism": "attraction",
        "type": "multipolygon",
        "website": "http://www.historic-scotland.gov.uk/propertyabout.htm?PropID=PL_129",
        "wikidata": "Q2373236",
        "wikipedia": "en:Edzell Castle",
        "@geometry": "center"
      },
      "geometry": {
        "type": "Point",
        "coordinates": [
          -2.6816747,
          56.8116009
        ]
      },
      "id": "relation/4629036"
    },
    {
      "type": "Feature",
      "properties": {
        "@id": "relation/4638576",
        "addr:city": "Hexham",
        "addr:country": "GB",
        "addr:postcode": "NE48 1ER",
        "addr:suburb": "Kielder",
        "building": "yes",
        "castle_type": "stately",
        "historic": "castle",
        "name": "Kielder Castle",
        "tourism": "attraction",
        "type": "multipolygon",
        "website": "http://www.visitkielder.com/visit/kielder-castle-visitor-centre",
        "wikidata": "Q26590116",
        "@geometry": "center"
      },
      "geometry": {
        "type": "Point",
        "coordinates": [
          -2.5802379,
          55.2339058
        ]
      },
      "id": "relation/4638576"
    },
    {
      "type": "Feature",
      "properties": {
        "@id": "way/4727180",
        "created_by": "JOSM",
        "historic": "castle",
        "name": "Sowerby Castle",
        "wikidata": "Q17675921",
        "@geometry": "center"
      },
      "geometry": {
        "type": "Point",
        "coordinates": [
          -1.9407376,
          53.7062954
        ]
      },
      "id": "way/4727180"
    },
    {
      "type": "Feature",
      "properties": {
        "@id": "relation/5208404",
        "access": "permit",
        "addr:city": "London",
        "addr:housename": "Buckingham Palace",
        "addr:postcode": "SW1A 1AA",
        "architect": "John Nash, Edward Blore, Aston Webb",
        "architect:wikidata": "Q309905;Q1291717;Q750098",
        "building": "palace",
        "building:colour": "#e7e3d9",
        "building:levels": "3",
        "castle_type": "palace",
        "check_date": "2025-11-09",
        "height": "23.4",
        "heritage": "2",
        "heritage:operator": "Historic England",
        "heritage:website": "https://historicengland.org.uk/listing/the-list/list-entry/1239087",
        "historic": "castle",
        "inscription_date": "1970-02-05",
        "listed_status": "Grade I",
        "name": "Buckingham Palace",
        "name:af": "Buckingham-paleis",
        "name:ar": "قصر بكنغهام",
        "name:ast": "Palaciu de Buckingham",
        "name:az": "Bukinqem sarayı",
        "name:ban": "Buckingham Palace",
        "name:be": "Бакінгемскі палац",
        "name:be-tarask": "Бэкінггэмскі палац",
        "name:bg": "Бъкингамски дворец",
        "name:bn": "বাকিংহাম প্রাসাদ",
        "name:br": "Palez Buckingham",
        "name:bs": "Bakingemska palača",
        "name:ca": "Palau de Buckingham",
        "name:cs": "Buckinghamský palác",
        "name:cy": "Palas Buckingham",
        "name:da": "Buckingham Palace",
        "name:de": "Buckingham-Palast",
        "name:el": "Ανάκτορα του Μπάκινγκχαμ",
        "name:en": "Buckingham Palace",
        "name:eo": "Palaco Buckingham",
        "name:es": "Palacio de Buckingham",
        "name:et": "Buckinghami palee",
        "name:eu": "Buckingham jauregia",
        "name:fa": "کاخ باکینگهام",
        "name:fi": "Buckinghamin palatsi",
        "name:fr": "Palais de Buckingham",
        "name:fy": "Buckingham Palace",
        "name:ga": "Pálás Buckingham",
        "name:gl": "Palacio de Buckingham",
        "name:gu": "બકિંગહામ પેલેસ",
        "name:hak": "Buckingham Kiûng",
        "name:he": "ארמון בקינגהאם",
        "name:hi": "बकिंघम पैलेस",
        "name:hr": "Buckinghamska palača",
        "name:hu": "Buckingham-palota",
        "name:hy": "Բուքինգհեմյան պալատ",
        "name:id": "Istana Buckingham",
        "name:is": "Buckinghamhöll",
        "name:it": "Buckingham Palace",
        "name:ja": "バッキンガム宮殿",
        "name:jv": "Kedhaton Buckingham",
        "name:ka": "ბაკინგემის სასახლე",
        "name:kk": "Букингем сарайы",
        "name:kn": "ಬಕಿಂಗ್ಹ್ಯಾಮ್ ಅರಮನೆ",
        "name:ko": "버킹엄 궁전",
        "name:lv": "Bakingemas pils",
        "name:mai": "बकिङ्घम प्यालेस",
        "name:mk": "Бакингемска палата",
        "name:ml": "ബക്കിങ്ങാം കൊട്ടാരം",
        "name:mr": "बकिंगहॅम राजवाडा",
        "name:ms": "Istana Buckingham",
        "name:ne": "बकिङ्घम राजदरबार",
        "name:nl": "Buckingham Palace",
        "name:nn": "Buckingham Palace",
        "name:no": "Buckingham Palace",
        "name:pl": "Buckingham Palace",
        "name:pms": "Buckingham Palace",
        "name:pnb": "بکنگھم محل",
        "name:pt": "Palácio de Buckingham",
        "name:ro": "Palatul Buckingham",
        "name:ru": "Букингемский дворец",
        "name:sco": "Buckingham Pailace",
        "name:sh": "Buckinghamska palača",
        "name:sk": "Buckinghamský palác",
        "name:sl": "Buckinghamska palača",
        "name:sr": "Бакингамска палата",
        "name:sv": "Buckingham Palace",
        "name:ta": "பக்கிங்காம் அரண்மனை",
        "name:te": "బకింగ్ హామ్ పాలెస్",
        "name:th": "พระราชวังบักกิงแฮม",
        "name:tl": "Palasyo ng Buckingham",
        "name:tr": "Buckingham Sarayı",
        "name:tt": "Букингем сарае",
        "name:uk": "Букінгемський палац",
        "name:ur": "بکنگھم محل",
        "name:vec": "Pałaso de Buckingham",
        "name:vi": "Cung điện Buckingham",
        "name:war": "Palasyo han Buckingham",
        "name:wuu": "白金汉宫",
        "name:yi": "באקינגהאם פאלאץ",
        "name:yue": "白金漢宮",
        "name:zh": "白金汉宫",
        "opening_hours": "Mo-Su 10:00-17:30",
        "phone": "+44 20 7766 7300",
        "ref:GB:nhle": "1239087",
        "ref:GB:uprn": "1239087",
        "tourism": "attraction",
        "type": "multipolygon",
        "website": "https://www.royalcollection.org.uk/visit/the-state-rooms-buckingham-palace",
        "wikidata": "Q42182",
        "wikipedia": "en:Buckingham Palace",
        "year_of_construction": "1703 / 1826 / 1913",
        "@geometry": "center"
      },
      "geometry": {
        "type": "Point",
        "coordinates": [
          -0.1426584,
          51.5008342
        ]
      },
      "id": "relation/5208404"
    },
    {
      "type": "Feature",
      "properties": {
        "@id": "relation/5249805",
        "access": "yes",
        "alt_name": "Valence Castle",
        "building": "yes",
        "castle_type": "defensive",
        "fee": "yes",
        "historic": "castle",
        "name": "Bothwell Castle",
        "operator": "Historic Scotland",
        "ruins": "yes",
        "source": "http://canmore.org.uk/site/44889/bothwell-castle-avenue-bothwell-castle",
        "type": "multipolygon",
        "wikidata": "Q2412005",
        "wikipedia": "en:Bothwell Castle",
        "@geometry": "center"
      },
      "geometry": {
        "type": "Point",
        "coordinates": [
          -4.0950432,
          55.8094548
        ]
      },
      "id": "relation/5249805"
    },
    {
      "type": "Feature",
      "properties": {
        "@id": "relation/5272331",
        "access": "permissive",
        "building": "castle",
        "castle_type": "defensive",
        "historic": "castle",
        "historic:civilization": "medieval",
        "name": "Kilchurn Castle",
        "name:ru": "Килхурн",
        "operator": "Historic Scotland",
        "ruins": "yes",
        "tourism": "attraction",
        "type": "multipolygon",
        "website": "https://www.visitscotland.com/info/see-do/kilchurn-castle-p859451",
        "wikidata": "Q1741258",
        "wikipedia": "en:Kilchurn Castle",
        "@geometry": "center"
      },
      "geometry": {
        "type": "Point",
        "coordinates": [
          -5.0274174,
          56.4037583
        ]
      },
      "id": "relation/5272331"
    },
    {
      "type": "Feature",
      "properties": {
        "@id": "relation/5303851",
        "building": "yes",
        "castle_type": "defensive",
        "fee": "no",
        "heritage": "yes",
        "historic": "castle",
        "name": "Ardtornish Castle",
        "name:fr": "Château d'Ardtornish",
        "name:pt": "Castelo Ardtornish",
        "ruins": "yes",
        "tourism": "attraction",
        "type": "multipolygon",
        "wikidata": "Q2968118",
        "wikipedia": "en:Ardtornish Castle",
        "@geometry": "center"
      },
      "geometry": {
        "type": "Point",
        "coordinates": [
          -5.7536195,
          56.5191422
        ]
      },
      "id": "relation/5303851"
    },
    {
      "type": "Feature",
      "properties": {
        "@id": "relation/5303968",
        "access": "yes",
        "alt_name": "Dorlin Castle",
        "building": "yes",
        "castle_type": "defensive",
        "check_date": "2025-09-29",
        "description": "Ruined medieval 13-14th century castle on a tidal island, former seat of Clanranald.",
        "fee": "no",
        "historic": "castle",
        "historic:civilization": "medieval",
        "name": "Castle Tioram",
        "operator": "Anta Estates",
        "ruins": "yes",
        "start_date": "1200",
        "tourism": "attraction",
        "type": "multipolygon",
        "wikidata": "Q1049531",
        "wikimedia_commons": "File:Castle Tioram 01.jpg",
        "wikipedia": "en:Castle Tioram",
        "@geometry": "center"
      },
      "geometry": {
        "type": "Point",
        "coordinates": [
          -5.8290686,
          56.784544
        ]
      },
      "id": "relation/5303968"
    },
    {
      "type": "Feature",
      "properties": {
        "@id": "relation/5304065",
        "building": "collapsed",
        "historic": "castle",
        "material": "masonry",
        "ruins": "yes",
        "type": "multipolygon",
        "@geometry": "center"
      },
      "geometry": {
        "type": "Point",
        "coordinates": [
          -5.6654146,
          55.9479295
        ]
      },
      "id": "relation/5304065"
    },
    {
      "type": "Feature",
      "properties": {
        "@id": "relation/5307399",
        "building": "castle",
        "castle_type": "defensive",
        "historic": "castle",
        "name": "Innis Chonnell Castle",
        "ruins": "yes",
        "type": "multipolygon",
        "wikidata": "Q32725",
        "wikipedia": "en:Innes Chonnel Castle",
        "@geometry": "center"
      },
      "geometry": {
        "type": "Point",
        "coordinates": [
          -5.2678313,
          56.256579
        ]
      },
      "id": "relation/5307399"
    },
    {
      "type": "Feature",
      "properties": {
        "@id": "relation/5307420",
        "building": "castle",
        "castle_type": "defensive",
        "fee": "no",
        "heritage": "yes",
        "historic": "castle",
        "name:cs": "Lachlan Castle",
        "name:de": "Old Lachlan Castle",
        "name:nl": "Old Castle Lachlan",
        "ruins": "yes",
        "tourism": "attraction",
        "type": "multipolygon",
        "wikidata": "Q168342",
        "wikipedia": "en:Old Castle Lachlan",
        "@geometry": "center"
      },
      "geometry": {
        "type": "Point",
        "coordinates": [
          -5.2093938,
          56.1084579
        ]
      },
      "id": "relation/5307420"
    },
    {
      "type": "Feature",
      "properties": {
        "@id": "relation/5343188",
        "building": "house",
        "castle_type": "defensive",
        "fee": "yes",
        "historic": "castle",
        "name": "Caerlaverock Castle",
        "name:en": "Caerlaverock Castle",
        "name:gd": "Caisteal Cille Bhlàthain",
        "note": "1 April - 30 September Mo-Su 9.30am to 5.30pm (last entry 5pm) 1 October - 31 March Mo-Su 10am to 4pm (last entry 3.30pm) Closed Christmas Day & Boxing Day (25 & 26 December) and 1st & 2nd Januar",
        "opening_hours": "Mo-Su 09:30-17:30; Oct-Mar 08:00-16:00; Dec 25 off; Dec 26 off; Jan 1 off; Jan 2 off",
        "operator": "Historic Scotland",
        "phone": "+44 1387 770 244",
        "ruins": "yes",
        "tourism": "attraction",
        "type": "multipolygon",
        "website": "https://www.historicenvironment.scot/visit-a-place/places/caerlaverock-castle/",
        "wikidata": "Q1025398",
        "wikipedia": "en:Caerlaverock Castle",
        "@geometry": "center"
      },
      "geometry": {
        "type": "Point",
        "coordinates": [
          -3.5239011,
          54.9756519
        ]
      },
      "id": "relation/5343188"
    },
    {
      "type": "Feature",
      "properties": {
        "@id": "relation/5345104",
        "building": "yes",
        "fee": "no",
        "historic": "castle",
        "name": "Kilmahew Castle",
        "operator": "Roman Catholic Church",
        "ruins": "yes",
        "tourism": "attraction",
        "type": "multipolygon",
        "wikidata": "Q1741395",
        "wikipedia": "en:Kilmahew Castle",
        "@geometry": "center"
      },
      "geometry": {
        "type": "Point",
        "coordinates": [
          -4.6428953,
          55.9726028
        ]
      },
      "id": "relation/5345104"
    },
    {
      "type": "Feature",
      "properties": {
        "@id": "relation/5356355",
        "addr:country": "GB",
        "building": "yes",
        "castle_type": "stately",
        "historic": "castle",
        "name": "Hoddom Castle",
        "tourism": "attraction",
        "type": "multipolygon",
        "website": "https://www.hoddomcastle.co.uk/",
        "wikidata": "Q5875992",
        "wikipedia": "en:Hoddom Castle",
        "@geometry": "center"
      },
      "geometry": {
        "type": "Point",
        "coordinates": [
          -3.322752,
          55.044348
        ]
      },
      "id": "relation/5356355"
    },
    {
      "type": "Feature",
      "properties": {
        "@id": "relation/5365845",
        "alt_name": "Strathbogie Castle",
        "building": "yes",
        "castle_type": "defensive",
        "fee": "yes",
        "historic": "castle",
        "name": "Huntly Castle",
        "operator": "Historic Scotland",
        "ruins": "yes",
        "tourism": "attraction",
        "type": "multipolygon",
        "wikidata": "Q64597",
        "wikipedia": "en:Huntly Castle",
        "@geometry": "center"
      },
      "geometry": {
        "type": "Point",
        "coordinates": [
          -2.7816368,
          57.4547017
        ]
      },
      "id": "relation/5365845"
    },
    {
      "type": "Feature",
      "properties": {
        "@id": "relation/5365923",
        "building": "castle",
        "castle_type": "defensive",
        "fee": "yes",
        "historic": "castle",
        "name": "Drum Castle",
        "operator": "National Trust for Scotland",
        "phone": "+44 7583 388847",
        "tourism": "attraction",
        "type": "multipolygon",
        "website": "https://www.nts.org.uk/Property/Drum-Castle-Garden-and-Estate/",
        "wikidata": "Q1923521",
        "wikipedia": "en:Drum Castle",
        "@geometry": "center"
      },
      "geometry": {
        "type": "Point",
        "coordinates": [
          -2.337939,
          57.0950251
        ]
      },
      "id": "relation/5365923"
    },
    {
      "type": "Feature",
      "properties": {
        "@id": "relation/5369390",
        "alt_name": "Spynie Castle",
        "building": "yes",
        "historic": "castle",
        "name": "Spynie Palace",
        "ruins": "yes",
        "style": "palace",
        "tourism": "attraction",
        "type": "multipolygon",
        "website": "http://www.historic-scotland.gov.uk/propertyresults/propertyoverview.htm?PropID=PL_247",
        "wikidata": "Q1127580",
        "wikipedia": "en:Spynie Palace",
        "@geometry": "center"
      },
      "geometry": {
        "type": "Point",
        "coordinates": [
          -3.2909133,
          57.6759066
        ]
      },
      "id": "relation/5369390"
    },
    {
      "type": "Feature",
      "properties": {
        "@id": "relation/5375551",
        "addr:city": "Brodie",
        "addr:housename": "Brodie Castle",
        "addr:postcode": "IV36 2TE",
        "building": "yes",
        "castle_type": "stately",
        "heritage": "yes",
        "heritage:operator": "Historic Environment Scotland",
        "heritage:website": "https://portal.historicenvironment.scot/designation/LB2260",
        "historic": "castle",
        "listed_status": "Category A",
        "name": "Brodie Castle",
        "name:eu": "Brodie gaztelua",
        "name:fr": "Château de Brodie",
        "name:it": "Castello Brodie",
        "name:pt": "Castelo Brodie",
        "operator": "National Trust for Scotland",
        "phone": "+44 1309 641371",
        "ref:GB:hs": "LB2260",
        "type": "multipolygon",
        "website": "https://www.nts.org.uk/Property/Brodie-Castle",
        "wikidata": "Q625533",
        "wikipedia": "en:Brodie Castle",
        "@geometry": "center"
      },
      "geometry": {
        "type": "Point",
        "coordinates": [
          -3.7089689,
          57.5984569
        ]
      },
      "id": "relation/5375551"
    },
    {
      "type": "Feature",
      "properties": {
        "@id": "relation/5393383",
        "addr:city": "East Linton",
        "building": "ruins",
        "castle_type": "defensive",
        "historic": "castle",
        "name": "Hailes Castle",
        "name:eu": "Hailes gaztelua",
        "name:pt": "Castelo Hailes",
        "operator": "Historic Scotland",
        "ruins": "yes",
        "type": "multipolygon",
        "website": "https://www.historicenvironment.scot/visit-a-place/places/hailes-castle/",
        "wikidata": "Q2740508",
        "wikipedia": "en:Hailes Castle",
        "@geometry": "center"
      },
      "geometry": {
        "type": "Point",
        "coordinates": [
          -2.6831156,
          55.9732249
        ]
      },
      "id": "relation/5393383"
    },
    {
      "type": "Feature",
      "properties": {
        "@id": "relation/5396478",
        "alt_name": "Dounarwyse Castle",
        "building": "ruins",
        "historic": "castle",
        "name": "Aros Castle",
        "name:gd": "Caisteal Àrais",
        "note": "bear in mind that the area of the castle seems to be a happy home for a healthy population of sheep ticks.",
        "ruins": "yes",
        "tourism": "attraction",
        "type": "multipolygon",
        "wikidata": "Q2805188",
        "wikipedia": "en:Aros Castle",
        "@geometry": "center"
      },
      "geometry": {
        "type": "Point",
        "coordinates": [
          -5.9650814,
          56.5335232
        ]
      },
      "id": "relation/5396478"
    },
    {
      "type": "Feature",
      "properties": {
        "@id": "relation/5403599",
        "alt_name": "Red Castle of Lunan",
        "building": "castle",
        "historic": "castle",
        "historic:civilization": "medieval",
        "name": "Red Castle",
        "ruins": "yes",
        "type": "multipolygon",
        "wikidata": "Q7303864",
        "wikipedia": "en:Red Castle, Angus",
        "@geometry": "center"
      },
      "geometry": {
        "type": "Point",
        "coordinates": [
          -2.5107256,
          56.6504027
        ]
      },
      "id": "relation/5403599"
    },
    {
      "type": "Feature",
      "properties": {
        "@id": "relation/5441004",
        "building": "yes",
        "castle_type": "manor",
        "historic": "castle",
        "name": "Crom Castle",
        "type": "multipolygon",
        "wikidata": "Q17780087",
        "@geometry": "center"
      },
      "geometry": {
        "type": "Point",
        "coordinates": [
          -7.4486693,
          54.1684597
        ]
      },
      "id": "relation/5441004"
    },
    {
      "type": "Feature",
      "properties": {
        "@id": "relation/5442212",
        "abandoned:amenity": "prison",
        "building": "yes",
        "castle_type": "defensive",
        "historic": "castle",
        "image": "http://commons.wikimedia.org/wiki/File:Bass_Rock,_from_Tantallon_Castle.jpg",
        "name": "Bass Castle",
        "ruins": "yes",
        "source": "http://canmore.org.uk/site/57844/bass-rock-castle",
        "type": "multipolygon",
        "wikidata": "Q9705135",
        "wikipedia": "en:Bass Castle",
        "@geometry": "center"
      },
      "geometry": {
        "type": "Point",
        "coordinates": [
          -2.6417294,
          56.0764621
        ]
      },
      "id": "relation/5442212"
    },
    {
      "type": "Feature",
      "properties": {
        "@id": "relation/5450530",
        "building": "castle",
        "historic": "castle",
        "name": "Tor Castle",
        "name:gd": "Taigh Bhanco",
        "ruins": "yes",
        "source": "http://canmore.org.uk/site/23706/tor-castle",
        "type": "multipolygon",
        "wikidata": "Q7825240",
        "@geometry": "center"
      },
      "geometry": {
        "type": "Point",
        "coordinates": [
          -5.0650457,
          56.8610951
        ]
      },
      "id": "relation/5450530"
    },
    {
      "type": "Feature",
      "properties": {
        "@id": "relation/5450657",
        "building": "castle",
        "historic": "castle",
        "name": "Mingary Castle",
        "name:gd": "Caisteal Mhìogharraidh",
        "operator": "Mingary Castle Preservation and Restoration Trust",
        "ruins": "yes",
        "tourism": "attraction",
        "type": "multipolygon",
        "wikidata": "Q1712207",
        "wikipedia": "en:Mingary Castle",
        "@geometry": "center"
      },
      "geometry": {
        "type": "Point",
        "coordinates": [
          -6.0800557,
          56.6927637
        ]
      },
      "id": "relation/5450657"
    },
    {
      "type": "Feature",
      "properties": {
        "@id": "relation/5451333",
        "building": "yes",
        "castle_type": "stately",
        "historic": "castle",
        "name": "Balhousie Castle",
        "ref:canmore": "28420",
        "type": "multipolygon",
        "wikidata": "Q4850823",
        "wikipedia": "en:Balhousie Castle",
        "@geometry": "center"
      },
      "geometry": {
        "type": "Point",
        "coordinates": [
          -3.4368301,
          56.4033804
        ]
      },
      "id": "relation/5451333"
    },
    {
      "type": "Feature",
      "properties": {
        "@id": "relation/5515428",
        "boundary": "protected_area",
        "historic": "castle",
        "name": "Beeston Castle and Woodland Park",
        "owner": "English Heritage",
        "phone": "+44 1829 260464",
        "ruins": "yes",
        "type": "boundary",
        "website": "https://www.english-heritage.org.uk/visit/places/beeston-castle-and-woodland-park/",
        "@geometry": "center"
      },
      "geometry": {
        "type": "Point",
        "coordinates": [
          -2.6919923,
          53.1268479
        ]
      },
      "id": "relation/5515428"
    },
    {
      "type": "Feature",
      "properties": {
        "@id": "relation/5524093",
        "building": "yes",
        "historic": "castle",
        "name": "Rockingham Castle",
        "tourism": "attraction",
        "type": "multipolygon",
        "wikidata": "Q3939808",
        "wikipedia": "en:Rockingham Castle",
        "@geometry": "center"
      },
      "geometry": {
        "type": "Point",
        "coordinates": [
          -0.7241463,
          52.5129943
        ]
      },
      "id": "relation/5524093"
    },
    {
      "type": "Feature",
      "properties": {
        "@id": "relation/5539486",
        "building": "ruins",
        "historic": "castle",
        "name": "Newark Castle",
        "ruins": "yes",
        "type": "multipolygon",
        "@geometry": "center"
      },
      "geometry": {
        "type": "Point",
        "coordinates": [
          -2.7780533,
          56.2009456
        ]
      },
      "id": "relation/5539486"
    },
    {
      "type": "Feature",
      "properties": {
        "@id": "relation/5678213",
        "building": "yes",
        "historic": "castle",
        "name": "Lochwood Castle",
        "ruins": "yes",
        "type": "multipolygon",
        "wikidata": "Q56661838",
        "@geometry": "center"
      },
      "geometry": {
        "type": "Point",
        "coordinates": [
          -3.4418138,
          55.256873
        ]
      },
      "id": "relation/5678213"
    },
    {
      "type": "Feature",
      "properties": {
        "@id": "relation/5725300",
        "building": "ruins",
        "historic": "castle",
        "name": "Craigie Castle",
        "ruins": "yes",
        "type": "multipolygon",
        "@geometry": "center"
      },
      "geometry": {
        "type": "Point",
        "coordinates": [
          -4.524539,
          55.5529251
        ]
      },
      "id": "relation/5725300"
    },
    {
      "type": "Feature",
      "properties": {
        "@id": "relation/5762655",
        "building": "yes",
        "historic": "castle",
        "layer": "1",
        "name": "Burgess Gate",
        "source": "Bing",
        "type": "multipolygon",
        "@geometry": "center"
      },
      "geometry": {
        "type": "Point",
        "coordinates": [
          -3.4208074,
          53.1825642
        ]
      },
      "id": "relation/5762655"
    },
    {
      "type": "Feature",
      "properties": {
        "@id": "relation/6577697",
        "addr:postcode": "CF35 6BH",
        "building": "yes",
        "designation": "Cadw Building ID: 11254",
        "heritage": "2",
        "heritage:operator": "Cadw",
        "historic": "castle",
        "name": "Castell Coety",
        "name:cy": "Castell Coety",
        "name:en": "Coity Castle",
        "type": "multipolygon",
        "website": "https://www.britishlistedbuildings.co.uk/wa-11254-coity-castle-coity-higher",
        "wikidata": "Q1107288",
        "wikipedia": "en:Coity Castle",
        "@geometry": "center"
      },
      "geometry": {
        "type": "Point",
        "coordinates": [
          -3.5535364,
          51.5220658
        ]
      },
      "id": "relation/6577697"
    },
    {
      "type": "Feature",
      "properties": {
        "@id": "relation/6702853",
        "access": "customers",
        "building": "yes",
        "castle_type": "defensive",
        "historic": "castle",
        "name": "Manorbier Castle",
        "ruins": "yes",
        "type": "multipolygon",
        "wikidata": "Q1508342",
        "wikipedia": "en:Manorbier Castle",
        "@geometry": "center"
      },
      "geometry": {
        "type": "Point",
        "coordinates": [
          -4.7996641,
          51.6454716
        ]
      },
      "id": "relation/6702853"
    },
    {
      "type": "Feature",
      "properties": {
        "@id": "relation/6941053",
        "building": "house",
        "castle_type": "defensive",
        "historic": "castle",
        "layer": "1",
        "name": "Leeds Castle",
        "start_date": "1119",
        "tourism": "attraction",
        "type": "multipolygon",
        "wheelchair": "limited",
        "wikidata": "Q746876",
        "wikipedia": "en:Leeds Castle",
        "@geometry": "center"
      },
      "geometry": {
        "type": "Point",
        "coordinates": [
          0.6298672,
          51.2489025
        ]
      },
      "id": "relation/6941053"
    },
    {
      "type": "Feature",
      "properties": {
        "@id": "relation/7125146",
        "building": "ruins",
        "heritage": "2",
        "heritage:operator": "Cadw",
        "historic": "castle",
        "name": "Y Castell Newydd",
        "name:cy": "Y Castell Newydd",
        "name:en": "Newcastle",
        "type": "multipolygon",
        "wikidata": "Q2614444",
        "wikipedia": "en:Newcastle Castle, Bridgend",
        "@geometry": "center"
      },
      "geometry": {
        "type": "Point",
        "coordinates": [
          -3.5831896,
          51.5089226
        ]
      },
      "id": "relation/7125146"
    },
    {
      "type": "Feature",
      "properties": {
        "@id": "relation/7207805",
        "building": "castle",
        "historic": "castle",
        "name": "Chiddingstone Castle",
        "opening_hours": "Su-We 11:00-17:00",
        "type": "multipolygon",
        "wikidata": "Q5096598",
        "@geometry": "center"
      },
      "geometry": {
        "type": "Point",
        "coordinates": [
          0.1422793,
          51.1857499
        ]
      },
      "id": "relation/7207805"
    },
    {
      "type": "Feature",
      "properties": {
        "@id": "relation/7294015",
        "alt_name": "Niddrie Castle",
        "building": "yes",
        "castle_type": "tower",
        "historic": "castle",
        "name": "Niddry Castle",
        "type": "multipolygon",
        "wikidata": "Q2970137",
        "wikipedia": "en:Niddry Castle",
        "@geometry": "center"
      },
      "geometry": {
        "type": "Point",
        "coordinates": [
          -3.4506127,
          55.953801
        ]
      },
      "id": "relation/7294015"
    },
    {
      "type": "Feature",
      "properties": {
        "@id": "relation/7420815",
        "building": "yes",
        "historic": "castle",
        "type": "multipolygon",
        "@geometry": "center"
      },
      "geometry": {
        "type": "Point",
        "coordinates": [
          -3.0025866,
          52.8732007
        ]
      },
      "id": "relation/7420815"
    },
    {
      "type": "Feature",
      "properties": {
        "@id": "relation/7441299",
        "access": "customers",
        "building": "yes",
        "castle_type": "defensive",
        "historic": "castle",
        "historic:civilization": "middle-ages",
        "name": "Dudley Castle",
        "start_date": "1070",
        "type": "multipolygon",
        "wikidata": "Q5311832",
        "wikipedia": "en:Dudley Castle",
        "@geometry": "center"
      },
      "geometry": {
        "type": "Point",
        "coordinates": [
          -2.079455,
          52.5145222
        ]
      },
      "id": "relation/7441299"
    },
    {
      "type": "Feature",
      "properties": {
        "@id": "relation/7660288",
        "building": "yes",
        "castle_type": "fortress",
        "designation": "Monument in State Care",
        "historic": "castle",
        "historic:civilization": "norman",
        "layer": "1",
        "name": "Dundrum Castle",
        "ref:nismr": "DOW 044:006",
        "start_date": "1177-01-01",
        "tourism": "attraction",
        "type": "multipolygon",
        "website": "https://www.communities-ni.gov.uk/heritage-sites/dundrum-castle",
        "wikipedia": "en:Dundrum Castle",
        "@geometry": "center"
      },
      "geometry": {
        "type": "Point",
        "coordinates": [
          -5.8453757,
          54.2623793
        ]
      },
      "id": "relation/7660288"
    },
    {
      "type": "Feature",
      "properties": {
        "@id": "relation/7660311",
        "building": "yes",
        "building:material": "stone",
        "castle_type": "fortress",
        "historic": "castle",
        "historic:civilization": "norman",
        "name": "Carrickfergus Castle",
        "name:ar": "قلعة كيركفرغس",
        "name:cs": "Carrickfergus",
        "name:es": "Castillo de Carrickfergus",
        "name:eu": "Carrickfergus gaztelua",
        "name:fr": "Château de Carrickfergus",
        "name:pt": "Castelo de Carrickfergus",
        "name:ru": "Замок Кэррикфергюс",
        "name:uk": "Замок Каррікфергус",
        "type": "multipolygon",
        "wikidata": "Q2368960",
        "wikipedia": "en:Carrickfergus Castle",
        "@geometry": "center"
      },
      "geometry": {
        "type": "Point",
        "coordinates": [
          -5.806262,
          54.7134285
        ]
      },
      "id": "relation/7660311"
    },
    {
      "type": "Feature",
      "properties": {
        "@id": "relation/8188851",
        "building": "yes",
        "castle_type": "defensive",
        "historic": "castle",
        "name": "Dean Castle",
        "name:eu": "Dean gaztelua",
        "name:pt": "Castelo Dean",
        "phone": "+44 1563 554734",
        "type": "multipolygon",
        "website": "https://www.eastayrshireleisure.com/index.php?a=landing&id=3&sid=37&mid=121",
        "wikidata": "Q5246061",
        "wikipedia": "en:Dean Castle",
        "@geometry": "center"
      },
      "geometry": {
        "type": "Point",
        "coordinates": [
          -4.4838367,
          55.6231557
        ]
      },
      "id": "relation/8188851"
    },
    {
      "type": "Feature",
      "properties": {
        "@id": "relation/8236206",
        "addr:postcode": "BN27 1RN",
        "addr:street": "Wartling Road",
        "addr:suburb": "Wartling",
        "amenity": "college",
        "building": "castle",
        "building:material": "brick",
        "castle_type": "defensive",
        "fhrs:id": "182305",
        "historic": "castle",
        "name": "Herstmonceux Castle",
        "source:addr": "FHRS Open Data",
        "type": "multipolygon",
        "wikidata": "Q2652207",
        "wikipedia": "en:Herstmonceux Castle",
        "@geometry": "center"
      },
      "geometry": {
        "type": "Point",
        "coordinates": [
          0.3387454,
          50.8695335
        ]
      },
      "id": "relation/8236206"
    },
    {
      "type": "Feature",
      "properties": {
        "@id": "relation/8271255",
        "building": "yes",
        "castle_type": "castle",
        "historic": "castle",
        "name": "Loch Doon Castle (re-located)",
        "ruins": "castle",
        "type": "multipolygon",
        "@geometry": "center"
      },
      "geometry": {
        "type": "Point",
        "coordinates": [
          -4.384838,
          55.2259717
        ]
      },
      "id": "relation/8271255"
    },
    {
      "type": "Feature",
      "properties": {
        "@id": "relation/8395203",
        "building": "yes",
        "castle_type": "manor",
        "historic": "castle",
        "name": "Kinnaird Castle",
        "start_date": "1409",
        "tourism": "attraction",
        "type": "multipolygon",
        "website": "http://www.southesk.co.uk/",
        "wikidata": "Q18126847",
        "wikipedia": "en:Kinnaird Castle, Brechin",
        "@geometry": "center"
      },
      "geometry": {
        "type": "Point",
        "coordinates": [
          -2.5988779,
          56.7042944
        ]
      },
      "id": "relation/8395203"
    },
    {
      "type": "Feature",
      "properties": {
        "@id": "relation/8427553",
        "building": "yes",
        "historic": "castle",
        "name": "Enniskillen Castle",
        "type": "multipolygon",
        "wikidata": "Q281623",
        "wikipedia": "en:Enniskillen Castle",
        "@geometry": "center"
      },
      "geometry": {
        "type": "Point",
        "coordinates": [
          -7.6451521,
          54.3461538
        ]
      },
      "id": "relation/8427553"
    },
    {
      "type": "Feature",
      "properties": {
        "@id": "relation/8436807",
        "access": "customers",
        "addr:city": "Yarpole",
        "addr:postcode": "HR6 9PW",
        "building": "yes",
        "castle_type": "manor",
        "heritage": "2",
        "heritage:operator": "Historic England",
        "historic": "castle",
        "listed_status": "Grade I",
        "name": "Croft Castle",
        "operator": "National Trust",
        "tourism": "attraction",
        "type": "multipolygon",
        "website": "https://www.nationaltrust.org.uk/croftcastle",
        "wikidata": "Q5187474",
        "wikipedia": "en:Croft Castle",
        "@geometry": "center"
      },
      "geometry": {
        "type": "Point",
        "coordinates": [
          -2.8085033,
          52.2843769
        ]
      },
      "id": "relation/8436807"
    },
    {
      "type": "Feature",
      "properties": {
        "@id": "relation/8447821",
        "area": "yes",
        "castle_type": "defensive",
        "fixme": "eastern walls need updating",
        "historic": "castle",
        "name": "Old Crom Castle (Ruins)",
        "ruins": "yes",
        "type": "multipolygon",
        "wikidata": "Q4121977",
        "wikipedia": "en:Crom Castle",
        "@geometry": "center"
      },
      "geometry": {
        "type": "Point",
        "coordinates": [
          -7.4440976,
          54.1624589
        ]
      },
      "id": "relation/8447821"
    },
    {
      "type": "Feature",
      "properties": {
        "@id": "relation/8519446",
        "building": "yes",
        "historic": "castle",
        "name": "Earl's Palace",
        "ruins": "yes",
        "tourism": "attraction",
        "type": "multipolygon",
        "wikidata": "Q2393208",
        "wikipedia": "en:Earl's Palace, Birsay",
        "@geometry": "center"
      },
      "geometry": {
        "type": "Point",
        "coordinates": [
          -3.3154001,
          59.1299983
        ]
      },
      "id": "relation/8519446"
    },
    {
      "type": "Feature",
      "properties": {
        "@id": "relation/8673244",
        "access": "yes",
        "addr:city": "Bakewell",
        "addr:postcode": "DE45 1PP",
        "building": "yes",
        "castle_type": "stately",
        "historic": "castle",
        "name": "Chatsworth House",
        "phone": "+44 1246 565300",
        "tourism": "attraction",
        "type": "multipolygon",
        "website": "https://www.chatsworth.org/",
        "wikidata": "Q1068289",
        "wikipedia": "en:Chatsworth House",
        "@geometry": "center"
      },
      "geometry": {
        "type": "Point",
        "coordinates": [
          -1.6118062,
          53.2277177
        ]
      },
      "id": "relation/8673244"
    },
    {
      "type": "Feature",
      "properties": {
        "@id": "relation/9506151",
        "access": "permissive",
        "building": "ruins",
        "castle_type": "tower",
        "description": "Sign exists which states private property, however, Freedom to Roam is likely to apply here, and there are no barriers preventing entry to the site.",
        "historic": "castle",
        "historic:civilization": "middle-ages",
        "name": "Rosyth Castle",
        "note": "Access is set to permissive, since site is open to public but ownership is unknown.",
        "ruins": "yes",
        "start_date": "1450",
        "survey:date": "2024-07-18",
        "type": "multipolygon",
        "wikidata": "Q6980281",
        "@geometry": "center"
      },
      "geometry": {
        "type": "Point",
        "coordinates": [
          -3.4313328,
          56.0234772
        ]
      },
      "id": "relation/9506151"
    },
    {
      "type": "Feature",
      "properties": {
        "@id": "relation/10379150",
        "building": "residential",
        "castle_type": "defensive",
        "heritage": "2",
        "heritage:operator": "Historic England",
        "historic": "castle",
        "listed_status": "Grade I",
        "name": "Pembridge Castle",
        "old_name": "Newland Castle",
        "type": "multipolygon",
        "wikidata": "Q7161933",
        "wikipedia": "en:Pembridge Castle",
        "@geometry": "center"
      },
      "geometry": {
        "type": "Point",
        "coordinates": [
          -2.7447949,
          51.8697985
        ]
      },
      "id": "relation/10379150"
    },
    {
      "type": "Feature",
      "properties": {
        "@id": "way/10524564",
        "building": "yes",
        "castle_type": "defensive",
        "height": "5",
        "historic": "castle",
        "name": "Calshot Castle",
        "tourism": "attraction",
        "website": "https://www.english-heritage.org.uk/visit/places/calshot-castle/",
        "wikidata": "Q5023957",
        "wikipedia": "en:Calshot Castle",
        "@geometry": "center"
      },
      "geometry": {
        "type": "Point",
        "coordinates": [
          -1.3075335,
          50.8198697
        ]
      },
      "id": "way/10524564"
    },
    {
      "type": "Feature",
      "properties": {
        "@id": "relation/10541390",
        "castle_type": "manor",
        "historic": "castle",
        "name": "Stokesay Castle",
        "type": "multipolygon",
        "website": "https://www.english-heritage.org.uk/visit/places/stokesay-castle/",
        "wikidata": "Q7618555",
        "wikipedia": "en:Stokesay Castle",
        "@geometry": "center"
      },
      "geometry": {
        "type": "Point",
        "coordinates": [
          -2.8313264,
          52.4302697
        ]
      },
      "id": "relation/10541390"
    },
    {
      "type": "Feature",
      "properties": {
        "@id": "relation/10546888",
        "building": "yes",
        "building:condition": "ruinous",
        "castle_type": "defensive",
        "historic": "castle",
        "name": "Kenilworth Castle",
        "official_name": "Kenilworth Castle and Elizabethan Garden",
        "ruins": "yes",
        "type": "site",
        "@geometry": "center"
      },
      "geometry": {
        "type": "Point",
        "coordinates": [
          -1.592977,
          52.3477589
        ]
      },
      "id": "relation/10546888"
    },
    {
      "type": "Feature",
      "properties": {
        "@id": "relation/10796945",
        "addr:city": "Bangor",
        "addr:place": "The Castle",
        "addr:postcode": "BT20 4BT",
        "building": "government",
        "building:colour": "orange",
        "building:levels": "2",
        "building:material": "stone",
        "building:use": "townhall",
        "castle_type": "stately",
        "historic": "castle",
        "name": "Bangor Castle",
        "note": "Originally built as a residence. Converted to town hall.",
        "roof:colour": "grey",
        "roof:levels": "1",
        "roof:material": "slate",
        "roof:shape": "many",
        "short_name": "The Castle",
        "start_date": "C19",
        "type": "multipolygon",
        "wikidata": "Q4855552",
        "wikimedia_commons": "Category:Bangor Castle, County Down",
        "wikipedia": "en:Bangor Castle",
        "@geometry": "center"
      },
      "geometry": {
        "type": "Point",
        "coordinates": [
          -5.6692078,
          54.6562114
        ]
      },
      "id": "relation/10796945"
    },
    {
      "type": "Feature",
      "properties": {
        "@id": "relation/10808757",
        "addr:city": "Skipton",
        "addr:postcode": "BD23 1AW",
        "castle_type": "defensive",
        "historic": "castle",
        "name": "Skipton Castle",
        "name:ga": "Caisleán Skipton",
        "tourism": "attraction",
        "type": "site",
        "wikidata": "Q7535853",
        "wikipedia": "en:Skipton Castle",
        "@geometry": "center"
      },
      "geometry": {
        "type": "Point",
        "coordinates": [
          -2.0143676,
          53.9637342
        ]
      },
      "id": "relation/10808757"
    },
    {
      "type": "Feature",
      "properties": {
        "@id": "relation/11014909",
        "access": "permissive",
        "addr:city": "Kirkcaldy",
        "building": "ruins",
        "castle": "ruins",
        "castle_type": "defensive",
        "historic": "castle",
        "historic:civilization": "medieval",
        "name": "Ravenscraig Castle",
        "operator": "Historic Scotland",
        "ruins": "yes",
        "tourism": "attraction",
        "type": "multipolygon",
        "wikidata": "Q3994788",
        "wikipedia": "en:Ravenscraig Castle",
        "@geometry": "center"
      },
      "geometry": {
        "type": "Point",
        "coordinates": [
          -3.1423121,
          56.1198988
        ]
      },
      "id": "relation/11014909"
    },
    {
      "type": "Feature",
      "properties": {
        "@id": "way/11508997",
        "embankment": "yes",
        "heritage": "2",
        "heritage:operator": "Historic England",
        "historic": "ruins",
        "layer": "1",
        "listed_status": "Scheduled Monument",
        "name": "Hob's Moat",
        "ruins": "castle",
        "source": "NPE",
        "website": "https://www.solihull.gov.uk/About-Solihull/Hobs-Moat-history",
        "wikidata": "Q17672056",
        "wikipedia": "en:Hobs Moat",
        "@geometry": "center"
      },
      "geometry": {
        "type": "Point",
        "coordinates": [
          -1.7864308,
          52.4409531
        ]
      },
      "id": "way/11508997"
    },
    {
      "type": "Feature",
      "properties": {
        "@id": "relation/11532266",
        "access": "customers",
        "building": "yes",
        "castle_type": "fortress",
        "description": "http://www.uskcastle.com/",
        "historic": "castle",
        "historic:civilization": "medieval",
        "name": "Usk Castle",
        "ruins": "yes",
        "start_date": "1138",
        "tourism": "attraction",
        "type": "multipolygon",
        "website": "http://www.uskcastle.com/",
        "wikidata": "Q7902005",
        "wikipedia": "en:Usk Castle",
        "@geometry": "center"
      },
      "geometry": {
        "type": "Point",
        "coordinates": [
          -2.9033239,
          51.7050869
        ]
      },
      "id": "relation/11532266"
    },
    {
      "type": "Feature",
      "properties": {
        "@id": "relation/11572540",
        "access": "permit",
        "building": "yes",
        "castle_type": "castle",
        "historic": "castle",
        "historic:civilization": "modern",
        "name": "Longford Castle",
        "owner": "William Pleydell-Bouverie, 9th Earl of Radnor",
        "start_date": "1591-01-01",
        "type": "multipolygon",
        "wikidata": "Q6673827",
        "wikipedia": "en:Longford Castle",
        "@geometry": "center"
      },
      "geometry": {
        "type": "Point",
        "coordinates": [
          -1.7568652,
          51.039192
        ]
      },
      "id": "relation/11572540"
    },
    {
      "type": "Feature",
      "properties": {
        "@id": "relation/11780694",
        "addr:city": "Bristol",
        "addr:postcode": "BS4 3BD",
        "addr:street": "Bloomfield Road Link",
        "addr:suburb": "Brislington",
        "amenity": "pub",
        "brand": "Greene King",
        "brand:wikidata": "Q5564162",
        "building": "yes",
        "fhrs:id": "312677",
        "historic": "castle",
        "name": "Black Castle",
        "operator": "Flaming Grill Pub Co.",
        "source:addr": "FHRS Open Data",
        "type": "multipolygon",
        "website": "https://www.greeneking.co.uk/pubs/avon/castle",
        "wikidata": "Q4920501",
        "wikipedia": "en:Black Castle, Bristol",
        "@geometry": "center"
      },
      "geometry": {
        "type": "Point",
        "coordinates": [
          -2.5608619,
          51.4433396
        ]
      },
      "id": "relation/11780694"
    },
    {
      "type": "Feature",
      "properties": {
        "@id": "relation/11936009",
        "addr:city": "Dollar",
        "addr:county": "Clackmannanshire",
        "addr:postcode": "FK14 7PP",
        "addr:street": "Castle Road",
        "alt_name": "Castle Doom;Castle Gloom;Castle Glume",
        "building": "house",
        "castle_type": "defensive",
        "fee": "yes",
        "fhrs:id": "1112512",
        "historic": "castle",
        "name": "Castle Campbell",
        "name:eu": "Campbell gaztelua",
        "name:fr": "Château de Campbell",
        "name:pt": "Castelo Campbell",
        "operator": "Historic Scotland",
        "ref:canmore": "48229",
        "source:addr": "FHRS Open Data",
        "type": "multipolygon",
        "website": "http://www.historic-scotland.gov.uk/propertyoverview.htm?PropID=pl_058",
        "wikidata": "Q1975734",
        "wikipedia": "en:Castle Campbell",
        "@geometry": "center"
      },
      "geometry": {
        "type": "Point",
        "coordinates": [
          -3.6747411,
          56.1748755
        ]
      },
      "id": "relation/11936009"
    },
    {
      "type": "Feature",
      "properties": {
        "@id": "relation/12076030",
        "addr:city": "Edenbridge",
        "addr:postcode": "TN8 7NG",
        "building": "yes",
        "castle_type": "stately",
        "historic": "castle",
        "name": "Hever Castle",
        "name:ar": "قلعة هيفر",
        "name:eo": "Kastelo Hever",
        "name:fa": "دژ هیور",
        "name:fr": "Château d'Hever",
        "name:it": "Castello di Hever",
        "name:sr": "Замак Хивер",
        "name:tr": "Hever Kalesi",
        "name:zh": "赫弗城堡",
        "tourism": "attraction",
        "type": "multipolygon",
        "website": "https://www.hevercastle.co.uk/",
        "wheelchair": "no",
        "wikidata": "Q1132683",
        "wikipedia": "en:Hever Castle",
        "@geometry": "center"
      },
      "geometry": {
        "type": "Point",
        "coordinates": [
          0.1138708,
          51.1869017
        ]
      },
      "id": "relation/12076030"
    },
    {
      "type": "Feature",
      "properties": {
        "@id": "relation/12093686",
        "alt_name": "Caisteal Chiosamuil",
        "alt_name:en": "Kiessimul Castle",
        "castle_type": "defensive",
        "historic": "castle",
        "historic:civilization": "medieval",
        "name": "Caisteal Chiosmuil",
        "name:en": "Kisimul Castle",
        "name:eu": "Kisimul gaztelua",
        "name:fr": "Château de Kisimul",
        "name:ga": "Caisteal Chiosmuil",
        "name:hu": "Kisimul vára",
        "name:pt": "Castelo Kisimul",
        "name:ru": "Кисимул",
        "name:uk": "Кісімул",
        "operator": "Historic Environment Scotland",
        "tourism": "attraction",
        "type": "multipolygon",
        "wikidata": "Q79160",
        "wikipedia": "en:Kisimul Castle",
        "@geometry": "center"
      },
      "geometry": {
        "type": "Point",
        "coordinates": [
          -7.4874772,
          56.9521641
        ]
      },
      "id": "relation/12093686"
    },
    {
      "type": "Feature",
      "properties": {
        "@id": "relation/12129817",
        "area": "yes",
        "historic": "castle",
        "name": "Findlater Castle",
        "tourism": "attraction",
        "type": "multipolygon",
        "wikidata": "Q486587",
        "wikipedia": "en:Findlater Castle",
        "@geometry": "center"
      },
      "geometry": {
        "type": "Point",
        "coordinates": [
          -2.7701979,
          57.6923676
        ]
      },
      "id": "relation/12129817"
    },
    {
      "type": "Feature",
      "properties": {
        "@id": "relation/12146111",
        "building": "yes",
        "castle_type": "stately",
        "historic": "castle",
        "historic:civilization": "middle-ages",
        "historic:period": "Norman",
        "name": "Devizes Castle",
        "type": "multipolygon",
        "wikidata": "Q5267588",
        "wikipedia": "en:Devizes Castle",
        "@geometry": "center"
      },
      "geometry": {
        "type": "Point",
        "coordinates": [
          -1.9977206,
          51.351026
        ]
      },
      "id": "relation/12146111"
    },
    {
      "type": "Feature",
      "properties": {
        "@id": "relation/12302036",
        "access": "no",
        "castle_type": "fortification",
        "description": "A ruined castle in Newport, Wales. Built in the 14th century believed to be by Hugh de Audley, 1st Earl of Gloucester to manage the crossing of the River Usk and administer taxes.",
        "historic": "castle",
        "historic:civilization": "medieval",
        "name": "Newport Castle",
        "name:cy": "Castell Casnewydd",
        "start_date": "C14",
        "type": "site",
        "wikidata": "Q7018806",
        "wikipedia": "en:Newport Castle",
        "@geometry": "center"
      },
      "geometry": {
        "type": "Point",
        "coordinates": [
          -2.9950085,
          51.5907974
        ]
      },
      "id": "relation/12302036"
    },
    {
      "type": "Feature",
      "properties": {
        "@id": "relation/12406640",
        "building": "yes",
        "castle_type": "manor",
        "historic": "castle",
        "name": "Hengrave Hall",
        "start_date": "1538",
        "type": "multipolygon",
        "wikidata": "Q5714331",
        "wikipedia": "en:Hengrave Hall",
        "@geometry": "center"
      },
      "geometry": {
        "type": "Point",
        "coordinates": [
          0.6725503,
          52.2848668
        ]
      },
      "id": "relation/12406640"
    },
    {
      "type": "Feature",
      "properties": {
        "@id": "relation/12517821",
        "building": "castle",
        "castle_type": "manor",
        "historic": "castle",
        "name": "Bodelwyddan Castle",
        "name:cy": "Castell Bodelwyddan",
        "name:en": "Bodelwyddan Castle",
        "tourism": "attraction",
        "type": "multipolygon",
        "wikidata": "Q2968597",
        "wikipedia": "en:Bodelwyddan Castle",
        "wikipedia:cy": "Castell Bodelwyddan",
        "@geometry": "center"
      },
      "geometry": {
        "type": "Point",
        "coordinates": [
          -3.5022645,
          53.26101
        ]
      },
      "id": "relation/12517821"
    },
    {
      "type": "Feature",
      "properties": {
        "@id": "relation/12566484",
        "castle_type": "fortress",
        "historic": "castle",
        "name": "Garrison Walls",
        "type": "multilinestring",
        "website": "https://www.english-heritage.org.uk/visit/places/garrison-walls",
        "@geometry": "center"
      },
      "geometry": {
        "type": "Point",
        "coordinates": [
          -6.3222472,
          49.9127114
        ]
      },
      "id": "relation/12566484"
    },
    {
      "type": "Feature",
      "properties": {
        "@id": "relation/12665676",
        "HE_ref": "1338625",
        "building": "yes",
        "castle_type": "defensive",
        "historic": "castle",
        "listed_status": "Grade I",
        "name": "Raby Castle",
        "name:fa": "قلعه ربی",
        "name:fr": "Château de Raby",
        "name:it": "Castello di Raby",
        "name:vi": "Lâu đài Raby",
        "name:zh": "雷比城堡",
        "source": "NPE",
        "type": "multipolygon",
        "website": "https://www.raby.co.uk/raby-castle/discover/the-park-gardens/",
        "wikidata": "Q4583646",
        "wikipedia": "en:Raby Castle",
        "@geometry": "center"
      },
      "geometry": {
        "type": "Point",
        "coordinates": [
          -1.8018233,
          54.5910518
        ]
      },
      "id": "relation/12665676"
    },
    {
      "type": "Feature",
      "properties": {
        "@id": "relation/12920204",
        "building": "yes",
        "castle_type": "stately",
        "historic": "castle",
        "name": "Exton Hall",
        "source": "os_opendata_streetview",
        "type": "multipolygon",
        "wikidata": "Q5422096",
        "wikipedia": "en:Exton Hall",
        "@geometry": "center"
      },
      "geometry": {
        "type": "Point",
        "coordinates": [
          -0.6380379,
          52.6925516
        ]
      },
      "id": "relation/12920204"
    },
    {
      "type": "Feature",
      "properties": {
        "@id": "relation/13089129",
        "addr:postcode": "DT5 1HT",
        "historic": "castle",
        "name": "Rufus Castle",
        "type": "multipolygon",
        "wikidata": "Q7378017",
        "wikipedia": "en:Rufus Castle",
        "@geometry": "center"
      },
      "geometry": {
        "type": "Point",
        "coordinates": [
          -2.4282515,
          50.53954
        ]
      },
      "id": "relation/13089129"
    },
    {
      "type": "Feature",
      "properties": {
        "@id": "relation/13539416",
        "alt_name": "Kellie Castle",
        "building": "yes",
        "historic": "castle",
        "name": "Kelly Castle",
        "type": "multipolygon",
        "wikidata": "Q17770677",
        "wikimedia_commons": "Category:Kelly Castle",
        "@geometry": "center"
      },
      "geometry": {
        "type": "Point",
        "coordinates": [
          -2.6395389,
          56.5518258
        ]
      },
      "id": "relation/13539416"
    },
    {
      "type": "Feature",
      "properties": {
        "@id": "relation/13576843",
        "building": "yes",
        "historic": "castle",
        "type": "multipolygon",
        "@geometry": "center"
      },
      "geometry": {
        "type": "Point",
        "coordinates": [
          -2.2871269,
          51.3176266
        ]
      },
      "id": "relation/13576843"
    },
    {
      "type": "Feature",
      "properties": {
        "@id": "relation/13593316",
        "building": "ruins",
        "castle_type": "defensive",
        "historic": "castle",
        "type": "multipolygon",
        "@geometry": "center"
      },
      "geometry": {
        "type": "Point",
        "coordinates": [
          -4.0658266,
          52.8977783
        ]
      },
      "id": "relation/13593316"
    },
    {
      "type": "Feature",
      "properties": {
        "@id": "relation/13603587",
        "building": "ruins",
        "historic": "castle",
        "name": "Dunbar Castle",
        "note": "Deterioration by the sea undercutting the walls has caused saftey concerns. As such, access to the castle grounds is now prohibited",
        "ref:canmore": "57687",
        "ruins": "yes",
        "source": "http://canmore.org.uk/site/57687/dunbar-castle",
        "type": "multipolygon",
        "wikidata": "Q2969165",
        "wikipedia": "en:Dunbar Castle",
        "@geometry": "center"
      },
      "geometry": {
        "type": "Point",
        "coordinates": [
          -2.5175884,
          56.0056934
        ]
      },
      "id": "relation/13603587"
    },
    {
      "type": "Feature",
      "properties": {
        "@id": "relation/13653463",
        "building": "yes",
        "castle_type": "stately",
        "historic": "castle",
        "name": "Belvoir Castle",
        "tourism": "attraction",
        "type": "multipolygon",
        "wikidata": "Q816295",
        "wikipedia": "en:Belvoir Castle",
        "@geometry": "center"
      },
      "geometry": {
        "type": "Point",
        "coordinates": [
          -0.782448,
          52.8946799
        ]
      },
      "id": "relation/13653463"
    },
    {
      "type": "Feature",
      "properties": {
        "@id": "relation/13871787",
        "building": "house",
        "castle_type": "manor",
        "historic": "castle",
        "layer": "1",
        "name": "Walkern Hall",
        "type": "multipolygon",
        "@geometry": "center"
      },
      "geometry": {
        "type": "Point",
        "coordinates": [
          -0.1112551,
          51.9078933
        ]
      },
      "id": "relation/13871787"
    },
    {
      "type": "Feature",
      "properties": {
        "@id": "relation/14018061",
        "building": "yes",
        "castle_type": "stately",
        "historic": "castle",
        "listed_status": "Category C",
        "name": "Dalnaglar Castle",
        "name:gd": "Dail nan Clàr",
        "place": "isolated_dwelling",
        "type": "multipolygon",
        "wikidata": "Q56618563",
        "wikipedia": "en:Dalnaglar Castle",
        "@geometry": "center"
      },
      "geometry": {
        "type": "Point",
        "coordinates": [
          -3.3988901,
          56.7662553
        ]
      },
      "id": "relation/14018061"
    },
    {
      "type": "Feature",
      "properties": {
        "@id": "relation/14050684",
        "access": "yes",
        "historic": "ruins",
        "name": "Cramalt Castle",
        "ruins": "castle",
        "type": "multipolygon",
        "@geometry": "center"
      },
      "geometry": {
        "type": "Point",
        "coordinates": [
          -3.274159,
          55.4923385
        ]
      },
      "id": "relation/14050684"
    },
    {
      "type": "Feature",
      "properties": {
        "@id": "relation/14117456",
        "historic": "castle",
        "name": "Dunnideer Castle",
        "opening_hours": "24/7",
        "ref:canmore": "18128",
        "ruins": "yes",
        "type": "multipolygon",
        "wikidata": "Q464433",
        "wikipedia": "en:Dunnideer Castle",
        "@geometry": "center"
      },
      "geometry": {
        "type": "Point",
        "coordinates": [
          -2.6460628,
          57.3422949
        ]
      },
      "id": "relation/14117456"
    },
    {
      "type": "Feature",
      "properties": {
        "@id": "relation/14211944",
        "area": "yes",
        "historic": "castle",
        "leisure": "park",
        "name": "Ludgershall Castle",
        "source": "GPS",
        "type": "multipolygon",
        "wikidata": "Q15243063",
        "@geometry": "center"
      },
      "geometry": {
        "type": "Point",
        "coordinates": [
          -1.6234106,
          51.2590862
        ]
      },
      "id": "relation/14211944"
    },
    {
      "type": "Feature",
      "properties": {
        "@id": "relation/14212011",
        "addr:county": "Kent",
        "addr:housename": "Lullingstone Castle",
        "addr:postcode": "DA4 0JA",
        "addr:street": "Lullingstone Lane",
        "addr:village": "Eynsford",
        "building": "yes",
        "castle_type": "manor",
        "fhrs:id": "1701952",
        "historic": "castle",
        "name": "Lullingstone Castle",
        "source:addr": "FHRS Open Data",
        "source:postcode": "FHRS open data",
        "start_date": "1497",
        "tourism": "attraction",
        "type": "multipolygon",
        "wikidata": "Q6702874",
        "wikipedia": "en:Lullingstone Castle",
        "@geometry": "center"
      },
      "geometry": {
        "type": "Point",
        "coordinates": [
          0.1963583,
          51.3578416
        ]
      },
      "id": "relation/14212011"
    },
    {
      "type": "Feature",
      "properties": {
        "@id": "relation/14212037",
        "area": "yes",
        "building": "yes",
        "historic": "castle",
        "name": "Lympne Castle",
        "name:ru": "Замок Лимпн",
        "postal_code": "CT21 4LQ",
        "type": "multipolygon",
        "website": "http://www.lympnecastle.co.uk/",
        "wikidata": "Q421395",
        "wikipedia": "en:Lympne Castle",
        "@geometry": "center"
      },
      "geometry": {
        "type": "Point",
        "coordinates": [
          1.0237801,
          51.0721266
        ]
      },
      "id": "relation/14212037"
    },
    {
      "type": "Feature",
      "properties": {
        "@id": "relation/14213231",
        "access": "private",
        "addr:city": "Ballater",
        "addr:housename": "Balmoral Estates",
        "addr:postcode": "AB35 5TB",
        "addr:state": "Aberdeenshire",
        "alt_name": "Balmoral Castle & Estate",
        "building": "yes",
        "castle_type": "palace",
        "fee": "yes",
        "historic": "castle",
        "name": "Balmoral Castle",
        "name:es": "Castillo de Balmoral",
        "name:fr": "Château de Balmoral",
        "short_name": "Balmoral",
        "source": "OS7",
        "tourism": "attraction",
        "type": "multipolygon",
        "website": "https://www.balmoralcastle.com/",
        "wikidata": "Q42049",
        "wikipedia": "en:Balmoral Castle",
        "@geometry": "center"
      },
      "geometry": {
        "type": "Point",
        "coordinates": [
          -3.2301617,
          57.0406897
        ]
      },
      "id": "relation/14213231"
    },
    {
      "type": "Feature",
      "properties": {
        "@id": "relation/14407882",
        "building": "yes",
        "castle_type": "manor",
        "historic": "castle",
        "name": "Gifford's Hall",
        "type": "multipolygon",
        "wikidata": "Q17542271",
        "@geometry": "center"
      },
      "geometry": {
        "type": "Point",
        "coordinates": [
          0.9382603,
          51.9986184
        ]
      },
      "id": "relation/14407882"
    },
    {
      "type": "Feature",
      "properties": {
        "@id": "relation/14412242",
        "building": "yes",
        "castle_type": "stately",
        "historic": "castle",
        "name": "Thame Park House",
        "type": "multipolygon",
        "wikidata": "Q17529044",
        "@geometry": "center"
      },
      "geometry": {
        "type": "Point",
        "coordinates": [
          -0.9635912,
          51.7277839
        ]
      },
      "id": "relation/14412242"
    },
    {
      "type": "Feature",
      "properties": {
        "@id": "relation/14467324",
        "addr:city": "Alnwick",
        "addr:country": "GB",
        "addr:postcode": "NE66 5NJ",
        "addr:suburb": "Chillingham",
        "building": "yes",
        "castle_type": "defensive",
        "historic": "castle",
        "image": "https://www.geograph.org.uk/photo/6688691",
        "name": "Chillingham Castle",
        "phone": "+44 1668 215359",
        "tourism": "attraction",
        "type": "multipolygon",
        "website": "https://chillingham-castle.com/",
        "wikidata": "Q1072990",
        "wikipedia": "en:Chillingham Castle",
        "@geometry": "center"
      },
      "geometry": {
        "type": "Point",
        "coordinates": [
          -1.9041523,
          55.5259083
        ]
      },
      "id": "relation/14467324"
    },
    {
      "type": "Feature",
      "properties": {
        "@id": "relation/14654500",
        "building": "yes",
        "historic": "castle",
        "name": "Monzie Castle",
        "type": "multipolygon",
        "wikidata": "Q17568173",
        "wikipedia": "en:Monzie Castle",
        "@geometry": "center"
      },
      "geometry": {
        "type": "Point",
        "coordinates": [
          -3.8263277,
          56.3992604
        ]
      },
      "id": "relation/14654500"
    },
    {
      "type": "Feature",
      "properties": {
        "@id": "relation/14699451",
        "access": "yes",
        "addr:city": "Jedburgh",
        "addr:housename": "Jedburgh Castle",
        "addr:postcode": "TD8 6AS",
        "addr:street": "Castle Gate",
        "building": "yes",
        "castle_type": "defensive",
        "check_date": "2025-04-11",
        "email": "museums@scotborders.gov.uk",
        "fee": "no",
        "heritage": "yes",
        "historic": "castle",
        "historic:civilization": "victorian",
        "name": "Jedburgh Castle",
        "name:de": "Jedburgh Castle",
        "name:en": "Jedburgh Castle Jail and Museum",
        "name:eu": "Jedburgheko gaztelua",
        "name:pt": "Castelo de Jedburgo",
        "opening_hours": "Mo-Su 10:00-16:00",
        "phone": "+44 1835 863254",
        "tourism": "museum",
        "type": "multipolygon",
        "website": "https://www.scotborders.gov.uk/directory_record/10705/jedburgh_castle_jail_and_museum",
        "wikidata": "Q1602945",
        "wikimedia_commons": "Category:Jedburgh_Castle",
        "wikipedia": "en:Jedburgh Castle",
        "@geometry": "center"
      },
      "geometry": {
        "type": "Point",
        "coordinates": [
          -2.5589968,
          55.4741408
        ]
      },
      "id": "relation/14699451"
    },
    {
      "type": "Feature",
      "properties": {
        "@id": "way/14926876",
        "access": "yes",
        "building": "civic",
        "castle_type": "stately",
        "historic": "castle",
        "historic:civilization": "victorian",
        "name": "Belfast Castle",
        "name:es": "Castillo de Belfast",
        "name:eu": "Belfast gaztelua",
        "name:ga": "Caisleán Bhéal Feirste",
        "name:it": "Castello di Belfast",
        "name:pl": "Zamek w Belfaście",
        "name:ru": "Замок Белфаст",
        "name:uk": "Замок Белфаст",
        "start_date": "1870",
        "tourism": "attraction",
        "wikidata": "Q2716995",
        "wikipedia": "en:Belfast Castle",
        "@geometry": "center"
      },
      "geometry": {
        "type": "Point",
        "coordinates": [
          -5.942206,
          54.6427916
        ]
      },
      "id": "way/14926876"
    },
    {
      "type": "Feature",
      "properties": {
        "@id": "relation/15336259",
        "building": "yes",
        "historic": "castle",
        "name": "Aboyne Castle",
        "ref:canmore": "35305",
        "type": "multipolygon",
        "wikidata": "Q4668681",
        "wikipedia": "en:Aboyne Castle",
        "@geometry": "center"
      },
      "geometry": {
        "type": "Point",
        "coordinates": [
          -2.7832104,
          57.0847263
        ]
      },
      "id": "relation/15336259"
    },
    {
      "type": "Feature",
      "properties": {
        "@id": "relation/15766515",
        "building": "yes",
        "castle_type": "defensive",
        "historic": "castle",
        "name": "Ogmore Castle",
        "name:br": "Kastell Ogwr",
        "name:cy": "Castell Ogwr",
        "name:fr": "Château d'Ogmore",
        "name:pt": "Castelo Ogmore",
        "ruins": "yes",
        "tourism": "attraction",
        "type": "multipolygon",
        "wikidata": "Q1789059",
        "wikipedia": "en:Ogmore Castle",
        "@geometry": "center"
      },
      "geometry": {
        "type": "Point",
        "coordinates": [
          -3.6115861,
          51.4805792
        ]
      },
      "id": "relation/15766515"
    },
    {
      "type": "Feature",
      "properties": {
        "@id": "relation/16057566",
        "addr:city": "London",
        "addr:housenumber": "27",
        "addr:street": "St. James's Place",
        "architect": "John Vardy",
        "architect:wikidata": "Q6261820",
        "building": "house",
        "building:architecture": "georgian",
        "castle_type": "palace",
        "heritage": "2",
        "heritage:operator": "he",
        "heritage:website": "https://historicengland.org.uk/listing/the-list/list-entry/1264952",
        "historic": "castle",
        "layer": "1",
        "listed_status": "Grade I",
        "name": "Spencer House",
        "ref:GB:nhle": "1264952",
        "start_date": "1754",
        "type": "multipolygon",
        "wikidata": "Q2505545",
        "wikipedia": "en:Spencer House, Westminster",
        "@geometry": "center"
      },
      "geometry": {
        "type": "Point",
        "coordinates": [
          -0.1402523,
          51.5051531
        ]
      },
      "id": "relation/16057566"
    },
    {
      "type": "Feature",
      "properties": {
        "@id": "way/16459858",
        "HE_ref": "1271188",
        "addr:city": "Nottingham",
        "addr:postcode": "NG1 6EL",
        "addr:street": "Castle Road",
        "addr:unit": "Nottingham Castle",
        "architect": "Thomas Chambers Hine",
        "building": "yes",
        "castle_type": "defensive",
        "description:listed_status": "Castle Museum and Art Gallery.",
        "highlight": "yes",
        "historic": "castle",
        "image": "https://historicengland.org.uk/etl/1271188/b8140d90-0dac-40eb-8d58-c8d369514571.jpg",
        "listed_status": "Grade I",
        "name": "Nottingham Castle",
        "name:de": "Nottingham Castle",
        "name:en": "Nottingham Castle",
        "name:fr": "Château de Nottingham",
        "name:hu": "Nottinghami vár",
        "name:is": "Kastalinn í Nottingham",
        "name:it": "Castello di Nottingham",
        "name:no": "Nottingham Castle",
        "name:pt": "Castelo de Nottingham",
        "name:sv": "Nottingham Castle",
        "name:zh": "諾丁漢城",
        "nohousenumber": "yes",
        "note": "The HE entry + Highway Register say this is on \"Castle Road\". The start_date refers to the reconstruction by TC Hine following Reform Riot burning. See https://geoserver.nottinghamcity.gov.uk/streetregister/",
        "source": "Bing;survey",
        "source:listed_status": "Historic England",
        "source:postcode": "NCC Open Data asset register",
        "website": "https://www.nottinghamcastle.org.uk/",
        "wheelchair": "no",
        "wikidata": "Q17642916",
        "wikipedia": "en:Nottingham Castle",
        "@geometry": "center"
      },
      "geometry": {
        "type": "Point",
        "coordinates": [
          -1.1545292,
          52.9493845
        ]
      },
      "id": "way/16459858"
    },
    {
      "type": "Feature",
      "properties": {
        "@id": "relation/16660856",
        "alt_name": "Cairn na Burgh Castle",
        "castle_type": "defensive",
        "heritage": "2",
        "heritage:operator": "Historic Environment Scotland",
        "historic": "castle",
        "name": "Cairnburgh Castle",
        "ref:GB:hs": "SM12954",
        "ruins": "yes",
        "type": "multipolygon",
        "wikidata": "Q5017682",
        "@geometry": "center"
      },
      "geometry": {
        "type": "Point",
        "coordinates": [
          -6.379371,
          56.5188979
        ]
      },
      "id": "relation/16660856"
    },
    {
      "type": "Feature",
      "properties": {
        "@id": "relation/16769442",
        "addr:city": "Edinburgh",
        "addr:housename": "Palace of Holyroodhouse",
        "addr:postcode": "EH8 8DX",
        "addr:street": "Canongate",
        "addr:suburb": "The Royal Mile",
        "alt_name": "Holyrood Palace",
        "alt_name:es": "Palacio_de_Holyroodhouse",
        "building": "yes",
        "castle_type": "palace",
        "contact:phone": "+44 20 7766 7334",
        "historic": "castle",
        "name": "Palace of Holyroodhouse",
        "name:zh": "荷里路德宫",
        "opening_hours": "Nov 01-Mar 29 09:30-16:30; Mar 31-Oct 31 09:30-18:00",
        "tourism": "attraction",
        "type": "multipolygon",
        "website": "https://www.royalcollection.org.uk/visit/palace-of-holyroodhouse",
        "wikidata": "Q505950",
        "wikipedia": "en:Holyrood Palace",
        "@geometry": "center"
      },
      "geometry": {
        "type": "Point",
        "coordinates": [
          -3.1720663,
          55.9527028
        ]
      },
      "id": "relation/16769442"
    },
    {
      "type": "Feature",
      "properties": {
        "@id": "relation/16856790",
        "building": "ruins",
        "castle_type": "defensive",
        "historic": "castle",
        "name": "Roughan Castle",
        "ruins": "yes",
        "start_date": "1618",
        "type": "multipolygon",
        "wikidata": "Q15273401",
        "wikimedia_commons": "Category:Roughan Castle",
        "wikipedia": "de:Roughan Castle",
        "@geometry": "center"
      },
      "geometry": {
        "type": "Point",
        "coordinates": [
          -6.72848,
          54.5560785
        ]
      },
      "id": "relation/16856790"
    },
    {
      "type": "Feature",
      "properties": {
        "@id": "relation/17512197",
        "access": "private",
        "addr:city": "Broadstairs",
        "addr:street": "Joss Gap Road",
        "building": "castle",
        "building:levels": "3",
        "castle_type": "stately",
        "historic": "castle",
        "name": "Kingsgate Castle",
        "type": "multipolygon",
        "wikidata": "Q6413222",
        "@geometry": "center"
      },
      "geometry": {
        "type": "Point",
        "coordinates": [
          1.4434845,
          51.383162
        ]
      },
      "id": "relation/17512197"
    },
    {
      "type": "Feature",
      "properties": {
        "@id": "relation/17605689",
        "building": "yes",
        "historic": "castle",
        "name": "Bernera Barracks",
        "ruins": "yes",
        "type": "multipolygon",
        "wikidata": "Q2390103",
        "wikimedia_commons": "Category:Bernera Barracks",
        "wikipedia": "en:Bernera Barracks",
        "@geometry": "center"
      },
      "geometry": {
        "type": "Point",
        "coordinates": [
          -5.6199207,
          57.2161373
        ]
      },
      "id": "relation/17605689"
    },
    {
      "type": "Feature",
      "properties": {
        "@id": "relation/17674496",
        "addr:city": "Horsham",
        "addr:place": "Knepp Castle",
        "addr:postcode": "RH13 8LJ",
        "addr:suburb": "West Grinstead",
        "building": "yes",
        "building:levels": "4",
        "height": "12",
        "historic": "castle",
        "historic:civilization": "middle-ages",
        "name": "Knepp Castle",
        "type": "multipolygon",
        "wikidata": "Q62085654",
        "@geometry": "center"
      },
      "geometry": {
        "type": "Point",
        "coordinates": [
          -0.354386,
          50.9834869
        ]
      },
      "id": "relation/17674496"
    },
    {
      "type": "Feature",
      "properties": {
        "@id": "relation/18195569",
        "building": "yes",
        "castle_type": "stately",
        "historic": "castle",
        "name": "Castle Upton",
        "start_date": "1611",
        "type": "multipolygon",
        "@geometry": "center"
      },
      "geometry": {
        "type": "Point",
        "coordinates": [
          -6.096654,
          54.7050969
        ]
      },
      "id": "relation/18195569"
    },
    {
      "type": "Feature",
      "properties": {
        "@id": "relation/18208397",
        "HE_ref": "1308353",
        "building": "ruins",
        "historic": "castle",
        "name": "Gidleigh Castle",
        "type": "multipolygon",
        "wikidata": "Q5559718",
        "wikipedia": "en:Gidleigh Castle",
        "@geometry": "center"
      },
      "geometry": {
        "type": "Point",
        "coordinates": [
          -3.8833714,
          50.680252
        ]
      },
      "id": "relation/18208397"
    },
    {
      "type": "Feature",
      "properties": {
        "@id": "relation/18466468",
        "area": "yes",
        "castle_type": "defensive",
        "historic": "castle",
        "name": "Skelmorlie Castle",
        "type": "multipolygon",
        "wikidata": "Q7534501",
        "wikimedia_commons": "Category:Skelmorlie Castle",
        "wikipedia": "en:Skelmorlie Castle",
        "@geometry": "center"
      },
      "geometry": {
        "type": "Point",
        "coordinates": [
          -4.8847257,
          55.8518011
        ]
      },
      "id": "relation/18466468"
    },
    {
      "type": "Feature",
      "properties": {
        "@id": "relation/18786544",
        "building": "yes",
        "building:colour": "khaki",
        "building:levels": "3",
        "building:levels:underground": "1",
        "building:material": "stone",
        "building:use": "education",
        "historic": "castle",
        "listed_status": "Grade I",
        "name": "Wentworth Castle",
        "ref:GB:uprn": "100052233237;2007006820;2007024371;2007006819;2007008438",
        "roof:colour": "grey",
        "roof:levels": "1",
        "roof:material": "metal",
        "roof:shape": "mansard",
        "type": "multipolygon",
        "wikidata": "Q7983010",
        "wikipedia": "en:Wentworth Castle",
        "@geometry": "center"
      },
      "geometry": {
        "type": "Point",
        "coordinates": [
          -1.5188647,
          53.5243456
        ]
      },
      "id": "relation/18786544"
    },
    {
      "type": "Feature",
      "properties": {
        "@id": "relation/18915159",
        "building": "yes",
        "historic": "castle",
        "name": "Grimsthorpe Castle",
        "type": "multipolygon",
        "wikidata": "Q1546926",
        "wikipedia": "en:Grimsthorpe Castle",
        "@geometry": "center"
      },
      "geometry": {
        "type": "Point",
        "coordinates": [
          -0.4522809,
          52.7923817
        ]
      },
      "id": "relation/18915159"
    },
    {
      "type": "Feature",
      "properties": {
        "@id": "relation/19131171",
        "access": "yes",
        "barrier": "wall",
        "building": "castle",
        "castle_type": "defensive",
        "historic": "castle",
        "historic:civilization": "medieval",
        "material": "stone",
        "name": "Sandal Castle",
        "ruins": "castle",
        "type": "multipolygon",
        "wall": "castle_wall",
        "website": "https://www.wakefield.gov.uk/museums-and-castles/sandal-castle",
        "@geometry": "center"
      },
      "geometry": {
        "type": "Point",
        "coordinates": [
          -1.4912193,
          53.6588249
        ]
      },
      "id": "relation/19131171"
    },
    {
      "type": "Feature",
      "properties": {
        "@id": "relation/19131172",
        "building": "yes",
        "man_made": "tower",
        "material": "stone",
        "ruins": "castle",
        "tower:type": "defensive",
        "type": "multipolygon",
        "@geometry": "center"
      },
      "geometry": {
        "type": "Point",
        "coordinates": [
          -1.4907668,
          53.6586805
        ]
      },
      "id": "relation/19131172"
    },
    {
      "type": "Feature",
      "properties": {
        "@id": "relation/19131173",
        "building": "yes",
        "man_made": "tower",
        "material": "stone",
        "ruins": "castle",
        "tower:type": "defensive",
        "type": "multipolygon",
        "@geometry": "center"
      },
      "geometry": {
        "type": "Point",
        "coordinates": [
          -1.4904231,
          53.6590116
        ]
      },
      "id": "relation/19131173"
    },
    {
      "type": "Feature",
      "properties": {
        "@id": "relation/19131174",
        "building": "yes",
        "material": "stone",
        "ruins": "castle",
        "type": "multipolygon",
        "@geometry": "center"
      },
      "geometry": {
        "type": "Point",
        "coordinates": [
          -1.4901733,
          53.6587756
        ]
      },
      "id": "relation/19131174"
    },
    {
      "type": "Feature",
      "properties": {
        "@id": "relation/19453198",
        "building": "ruins",
        "castle_type": "stately",
        "historic": "castle",
        "name": "Lowther Castle",
        "ruins": "yes",
        "type": "multipolygon",
        "@geometry": "center"
      },
      "geometry": {
        "type": "Point",
        "coordinates": [
          -2.7419296,
          54.6071223
        ]
      },
      "id": "relation/19453198"
    },
    {
      "type": "Feature",
      "properties": {
        "@id": "relation/19779482",
        "building": "yes",
        "historic": "castle",
        "memorial": "tower_house_ruins",
        "name": "Abergairn Castle",
        "note": "The tower house remains have been re-pointed and preserved as a memorial to A Keillar.",
        "ref:GB:HER:Aberdeenshire": "NO39NE0001",
        "ref:canmore": "32446",
        "ruins": "yes",
        "type": "multipolygon",
        "@geometry": "center"
      },
      "geometry": {
        "type": "Point",
        "coordinates": [
          -3.0592184,
          57.0632851
        ]
      },
      "id": "relation/19779482"
    },
    {
      "type": "Feature",
      "properties": {
        "@id": "way/19830757",
        "HE_ref": "1263073",
        "building": "yes",
        "castle_type": "palace",
        "check_date:opening_hours": "2023-09-27",
        "fee": "yes",
        "fee:conditional": "no @ (age < 4)",
        "heritage": "2",
        "heritage:operator": "Historic England",
        "heritage:operator:wikidata": "Q19604421",
        "heritage:website": "https://historicengland.org.uk/listing/the-list/list-entry/1263073",
        "historic": "castle",
        "image": "https://commons.wikimedia.org/wiki/File:Kew_Palace_(5942717068).jpg",
        "listed_status": "Grade I",
        "name": "Kew Palace",
        "old_name": "The Dutch House",
        "opening_hours": "Apr 03-Sep 24 11:00-18:00",
        "ref:GB:nhle": "1263073",
        "roof:shape": "quadruple_saltbox",
        "seasonal": "yes",
        "toilets:wheelchair": "no",
        "tourism": "attraction",
        "website": "https://www.hrp.org.uk/kew-palace/",
        "wheelchair": "yes",
        "wheelchair:description": "Ramp to right of steps at entrance is behind a low wall. Lift to upper floors, ask staff. No toilets in building.",
        "wikidata": "Q1050082",
        "wikimedia_commons": "Category:Kew Palace",
        "wikipedia": "en:Kew Palace",
        "@geometry": "center"
      },
      "geometry": {
        "type": "Point",
        "coordinates": [
          -0.2950549,
          51.4838317
        ]
      },
      "id": "way/19830757"
    },
    {
      "type": "Feature",
      "properties": {
        "@id": "relation/20050244",
        "building": "yes",
        "building:use": "school",
        "castle_type": "manor",
        "fixme": "Details of the outline?",
        "heritage": "2",
        "heritage:operator": "Historic England",
        "historic": "castle",
        "listed_status": "Grade I",
        "name": "Somerhill House",
        "ref:GB:nhle": "1253489",
        "type": "multipolygon",
        "wikidata": "Q7559754",
        "wikimedia_commons": "Category:Somerhill House",
        "wikipedia": "en:Somerhill House",
        "@geometry": "center"
      },
      "geometry": {
        "type": "Point",
        "coordinates": [
          0.3001879,
          51.1828055
        ]
      },
      "id": "relation/20050244"
    },
    {
      "type": "Feature",
      "properties": {
        "@id": "relation/20423568",
        "building": "yes",
        "historic": "castle",
        "name": "Goldielands Tower",
        "ref:canmore": "54176",
        "type": "multipolygon",
        "@geometry": "center"
      },
      "geometry": {
        "type": "Point",
        "coordinates": [
          -2.8258272,
          55.4075067
        ]
      },
      "id": "relation/20423568"
    },
    {
      "type": "Feature",
      "properties": {
        "@id": "way/22948468",
        "addr:city": "Bo'Ness",
        "addr:postcode": "EH51 0PR",
        "building": "yes",
        "historic": "castle",
        "name": "Kinneil House",
        "ref:GB:uprn": "136056484",
        "wikidata": "Q6414052",
        "wikipedia": "en:Kinneil House",
        "@geometry": "center"
      },
      "geometry": {
        "type": "Point",
        "coordinates": [
          -3.6341569,
          56.0071768
        ]
      },
      "id": "way/22948468"
    },
    {
      "type": "Feature",
      "properties": {
        "@id": "way/23438626",
        "foot": "yes",
        "historic": "ruins",
        "name": "Sandal Castle",
        "ruins": "castle",
        "wikidata": "Q1760652",
        "wikipedia": "en:Sandal Castle",
        "@geometry": "center"
      },
      "geometry": {
        "type": "Point",
        "coordinates": [
          -1.4908198,
          53.6587188
        ]
      },
      "id": "way/23438626"
    },
    {
      "type": "Feature",
      "properties": {
        "@id": "way/23524731",
        "addr:city": "Chesterfield",
        "addr:country": "GB",
        "addr:housename": "Harwick Hall",
        "addr:place": "Doe Lea",
        "addr:postcode": "S44 5QJ",
        "building": "yes",
        "castle_type": "stately",
        "historic": "castle",
        "name": "Hardwick Hall",
        "operator": "National Trust",
        "source": "Bing",
        "wikidata": "Q2526406",
        "wikipedia": "en:Hardwick Hall",
        "@geometry": "center"
      },
      "geometry": {
        "type": "Point",
        "coordinates": [
          -1.3086769,
          53.1688284
        ]
      },
      "id": "way/23524731"
    },
    {
      "type": "Feature",
      "properties": {
        "@id": "way/23580556",
        "check_date:opening_hours": "2024-07-05",
        "fee": "yes",
        "fee:conditional": "no @ age < 5",
        "historic": "castle",
        "name": "Windsor Castle",
        "name:af": "Windsor-kasteel",
        "name:an": "Castiello de Windsor",
        "name:ar": "قصر وندسور",
        "name:ast": "Castiellu de Windsor",
        "name:az": "Vindzor sarayı",
        "name:be": "Віндзорскі замак",
        "name:be-tarask": "Ўіндзарскі замак",
        "name:bg": "Уиндзорски замък",
        "name:br": "Kastell Windsor",
        "name:ca": "Castell de Windsor",
        "name:ceb": "Windsor Castle",
        "name:cs": "Windsor",
        "name:cy": "Castell Windsor",
        "name:da": "Windsor Castle",
        "name:de": "Schloss Windsor",
        "name:el": "Κάστρο Γουίντσορ",
        "name:eo": "Kastelo Windsor",
        "name:es": "Castillo de Windsor",
        "name:et": "Windsori loss",
        "name:eu": "Windsorko gaztelua",
        "name:fa": "قلعه ویندسور",
        "name:fi": "Windsorin linna",
        "name:fr": "Château de Windsor",
        "name:ga": "Caisleán Windsor",
        "name:gl": "Castelo de Windsor",
        "name:hak": "Windsor Sàng-páu",
        "name:he": "טירת וינדזור",
        "name:hi": "विंडसर कासल",
        "name:hr": "Dvorac Windsor",
        "name:hu": "Windsori kastély",
        "name:hy": "Վինձոր ամրոց",
        "name:id": "Istana Windsor",
        "name:io": "Kastelo di Windsor",
        "name:is": "Windsor-kastali",
        "name:it": "Castello di Windsor",
        "name:ja": "ウィンザー城",
        "name:jv": "Kadhaton Windsor",
        "name:ko": "윈저 성",
        "name:la": "Arx Windesoriensis",
        "name:lb": "Windsor Schlass",
        "name:lt": "Vindzoro pilis",
        "name:lv": "Vindzoras pils",
        "name:mk": "Виндзорски замок",
        "name:ms": "Istana kota Windsor",
        "name:my": "ဝင်ဆာ ရဲတိုက်",
        "name:nan": "Windsor Siâⁿ-pó",
        "name:nds": "Windsor Castle",
        "name:nl": "Windsor Castle",
        "name:no": "Windsor Castle",
        "name:pl": "Zamek Windsor",
        "name:pnb": "قلعہ ونڈسر",
        "name:pt": "Castelo de Windsor",
        "name:ro": "Castelul Windsor",
        "name:ru": "Виндзорский замок",
        "name:sco": "Windsor Castle",
        "name:sh": "Windsor",
        "name:sk": "Windsor Castle",
        "name:sr": "Замак Виндзор",
        "name:sv": "Windsor Castle",
        "name:ta": "வின்ட்சர் கோட்டை",
        "name:th": "พระราชวังวินด์เซอร์",
        "name:tr": "Windsor Sarayı",
        "name:uk": "Віндзорський замок",
        "name:ur": "قلعہ ونڈسر",
        "name:vi": "Lâu đài Windsor",
        "name:war": "Kastilyo han Windsor",
        "name:wuu": "温莎堡",
        "name:yue": "溫莎堡",
        "name:zh": "溫莎城堡",
        "opening_hours": "Nov 01-Feb 29 Th-Mo 10:00-15:00; Mar 01-Oct 31 Th-Mo 10:00-16:00",
        "tourism": "attraction",
        "website": "https://www.rct.uk/visit/windsor-castle",
        "wheelchair": "limited",
        "wikidata": "Q42646",
        "wikipedia": "en:Windsor Castle",
        "@geometry": "center"
      },
      "geometry": {
        "type": "Point",
        "coordinates": [
          -0.6041355,
          51.483796
        ]
      },
      "id": "way/23580556"
    },
    {
      "type": "Feature",
      "properties": {
        "@id": "way/23600122",
        "addr:city": "Bristol",
        "addr:place": "Thornbury",
        "addr:postcode": "BS35 1HH",
        "addr:street": "Castle Street",
        "building": "castle",
        "castle_type": "stately",
        "fhrs:id": "833894",
        "historic": "castle",
        "name": "Thornbury Castle Hotel",
        "source:outline": "Bing",
        "tourism": "hotel",
        "wikidata": "Q7796332",
        "wikipedia": "en:Thornbury Castle",
        "@geometry": "center"
      },
      "geometry": {
        "type": "Point",
        "coordinates": [
          -2.5302256,
          51.6139615
        ]
      },
      "id": "way/23600122"
    },
    {
      "type": "Feature",
      "properties": {
        "@id": "way/24006318",
        "castle_type": "defensive",
        "designation": "Cadw Building ID: 13539",
        "historic": "castle",
        "name": "Caerphilly Castle",
        "name:bg": "Карфили",
        "name:br": "Kastell Caerffili",
        "name:ca": "Castell de Caerphilly",
        "name:cs": "Caerphilly",
        "name:cy": "Castell Caerffili",
        "name:en": "Caerphilly Castle",
        "name:es": "Castillo de Caerphilly",
        "name:eu": "Caerphilly gaztelua",
        "name:fi": "Caerphillyn linna",
        "name:fr": "Château de Caerphilly",
        "name:it": "Castello di Caerphilly",
        "name:ja": "ケルフィリー城",
        "name:ko": "케어필리 성",
        "name:ms": "Istana kota Caerphilly",
        "name:pl": "Zamek Caerphilly",
        "name:pt": "Castelo de Caerphilly",
        "name:ru": "Замок Кайрфилли",
        "name:sl": "Grad Caerphilly",
        "name:ta": "காபிலி கோட்டைமனை",
        "name:zh": "卡菲利城堡",
        "source": "https://www.britishlistedbuildings.co.uk/wa-13539-caerphilly-castle-caerphilly",
        "toilets:wheelchair": "yes",
        "tourism": "attraction",
        "website": "https://www.britishlistedbuildings.co.uk/wa-13539-caerphilly-castle-caerphilly",
        "wheelchair": "limited",
        "wikidata": "Q682601",
        "wikipedia": "en:Caerphilly Castle",
        "@geometry": "center"
      },
      "geometry": {
        "type": "Point",
        "coordinates": [
          -3.2203469,
          51.5760923
        ]
      },
      "id": "way/24006318"
    },
    {
      "type": "Feature",
      "properties": {
        "@id": "way/24057691",
        "addr:city": "Bristol",
        "addr:postcode": "BS10 7QT",
        "building": "yes",
        "building:levels": "2",
        "castle": "folly",
        "historic": "castle",
        "name": "Blaise Castle",
        "ref:GB:uprn": "341947",
        "start_date": "1766",
        "wikidata": "Q31109020",
        "@geometry": "center"
      },
      "geometry": {
        "type": "Point",
        "coordinates": [
          -2.6373144,
          51.5025597
        ]
      },
      "id": "way/24057691"
    },
    {
      "type": "Feature",
      "properties": {
        "@id": "way/24304491",
        "access": "yes",
        "addr:city": "Berkhamsted",
        "addr:county": "Hertfordshire",
        "addr:postcode": "HP4 1LJ",
        "description": "Norman motte-and-bailey castle built on earlier Saxon site. Final surrender of Saxons to Normans made here.",
        "fee": "no",
        "historic": "castle",
        "name": "Berkhamsted Castle",
        "operator": "English Heritage",
        "ruins": "yes",
        "source": "npe",
        "website": "https://www.english-heritage.org.uk/",
        "wikidata": "Q4892150",
        "wikipedia": "en:Berkhamsted Castle",
        "@geometry": "center"
      },
      "geometry": {
        "type": "Point",
        "coordinates": [
          -0.5592527,
          51.763841
        ]
      },
      "id": "way/24304491"
    },
    {
      "type": "Feature",
      "properties": {
        "@id": "way/26003437",
        "castle_type": "defensive",
        "heritage": "2",
        "heritage:operator": "Historic England",
        "historic": "castle",
        "listed_status": "Grade I",
        "name": "Kenilworth Castle",
        "ruins": "yes",
        "website": "https://www.english-heritage.org.uk/visit/places/kenilworth-castle/",
        "wikidata": "Q1738764",
        "wikipedia": "en:Kenilworth Castle",
        "@geometry": "center"
      },
      "geometry": {
        "type": "Point",
        "coordinates": [
          -1.5924156,
          52.3479309
        ]
      },
      "id": "way/26003437"
    },
    {
      "type": "Feature",
      "properties": {
        "@id": "way/26658038",
        "castle_type": "defensive",
        "historic": "castle",
        "name": "Dover Castle",
        "name:fr": "Château de Douvres",
        "name:nl": "Kasteel van Dover",
        "operator": "English Heritage",
        "tourism": "attraction",
        "website": "https://www.english-heritage.org.uk/visit/places/dover-castle/",
        "wikidata": "Q950970",
        "wikipedia": "en:Dover Castle",
        "@geometry": "center"
      },
      "geometry": {
        "type": "Point",
        "coordinates": [
          1.3227341,
          51.1288768
        ]
      },
      "id": "way/26658038"
    },
    {
      "type": "Feature",
      "properties": {
        "@id": "way/26679879",
        "building": "yes",
        "heritage": "2",
        "heritage:operator": "Cadw",
        "historic": "castle",
        "name": "Castell Llanhuadain",
        "name:cy": "Castell Llanhuadain",
        "name:en": "Llawhaden Castle",
        "wikidata": "Q2637887",
        "wikipedia": "en:Llawhaden Castle",
        "@geometry": "center"
      },
      "geometry": {
        "type": "Point",
        "coordinates": [
          -4.7976182,
          51.8223592
        ]
      },
      "id": "way/26679879"
    },
    {
      "type": "Feature",
      "properties": {
        "@id": "way/26680442",
        "castle_type": "defensive",
        "historic": "castle",
        "name": "Carew Castle",
        "name:cy": "Castell Caeriw",
        "name:fr": "Château de Carew",
        "name:it": "Castello di Carew",
        "name:ru": "Замок Карей",
        "name:zh": "卡魯城堡",
        "ruins": "yes",
        "source": "GPS trace from walking perimeter",
        "tourism": "attraction",
        "wikidata": "Q752721",
        "wikipedia": "en:Carew Castle",
        "@geometry": "center"
      },
      "geometry": {
        "type": "Point",
        "coordinates": [
          -4.8300057,
          51.698475
        ]
      },
      "id": "way/26680442"
    },
    {
      "type": "Feature",
      "properties": {
        "@id": "way/27102675",
        "castle_type": "defensive",
        "historic": "castle",
        "name": "Hastings Castle",
        "ruins": "yes",
        "start_date": "1070",
        "tourism": "attraction",
        "type": "site",
        "wikidata": "Q5680295",
        "wikipedia": "en:Hastings Castle",
        "@geometry": "center"
      },
      "geometry": {
        "type": "Point",
        "coordinates": [
          0.5849196,
          50.8560308
        ]
      },
      "id": "way/27102675"
    },
    {
      "type": "Feature",
      "properties": {
        "@id": "way/27133347",
        "building": "yes",
        "castle_type": "stately",
        "historic": "castle",
        "name": "Caverswall Castle",
        "source": "extrapolation",
        "wikidata": "Q5055092",
        "wikipedia": "en:Caverswall Castle",
        "@geometry": "center"
      },
      "geometry": {
        "type": "Point",
        "coordinates": [
          -2.074636,
          52.9826281
        ]
      },
      "id": "way/27133347"
    },
    {
      "type": "Feature",
      "properties": {
        "@id": "node/27370910",
        "castle_type": "stately",
        "description": "12th century Hunting lodge for the Clifford family. Free entry.",
        "historic": "castle",
        "name": "Barden Tower",
        "ruins": "yes",
        "tourism": "attraction",
        "wikidata": "Q17658872",
        "wikipedia": "en:Barden Tower"
      },
      "geometry": {
        "type": "Point",
        "coordinates": [
          -1.9239598,
          54.0107733
        ]
      },
      "id": "node/27370910"
    },
    {
      "type": "Feature",
      "properties": {
        "@id": "way/27570926",
        "addr:city": "Penycae",
        "addr:postcode": "SA9 1GL",
        "addr:street": "Brecon Road",
        "building": "yes",
        "castle_type": "stately",
        "historic": "castle",
        "name": "Craig-y-Nos Castle",
        "phone": "+44 1639 730 725",
        "tourism": "attraction",
        "website": "https://www.craigynoscastle.com/index.htm",
        "wikidata": "Q5180663",
        "wikipedia": "cy:Craig-y-Nos Castle",
        "@geometry": "center"
      },
      "geometry": {
        "type": "Point",
        "coordinates": [
          -3.684026,
          51.8250961
        ]
      },
      "id": "way/27570926"
    },
    {
      "type": "Feature",
      "properties": {
        "@id": "way/27782649",
        "addr:postcode": "CO9 3DJ",
        "building": "castle",
        "castle_type": "defensive",
        "historic": "castle",
        "name": "Hedingham Castle",
        "opening_hours:url": "https://hedinghamcastle.tygit.com/shop/group-calendar/pk/75c0b363d1d61b916cf789b8405270b5",
        "start_date": "1140",
        "tourism": "attraction",
        "website": "https://www.hedinghamcastle.co.uk/",
        "wikidata": "Q1146583",
        "wikipedia": "en:Hedingham Castle",
        "@geometry": "center"
      },
      "geometry": {
        "type": "Point",
        "coordinates": [
          0.6014856,
          51.9924865
        ]
      },
      "id": "way/27782649"
    },
    {
      "type": "Feature",
      "properties": {
        "@id": "way/27788465",
        "castle_type": "defensive",
        "historic": "castle",
        "name": "Pickering Castle",
        "opening_hours": "Apr 01-Oct 29 10:00-17:00; Oct 30-Nov 05 10:00-16:00",
        "operator": "English Heritage",
        "ruins": "yes",
        "website": "https://www.english-heritage.org.uk/visit/places/pickering-castle/",
        "wikidata": "Q7190805",
        "@geometry": "center"
      },
      "geometry": {
        "type": "Point",
        "coordinates": [
          -0.776029,
          54.2502048
        ]
      },
      "id": "way/27788465"
    },
    {
      "type": "Feature",
      "properties": {
        "@id": "way/28035807",
        "area": "yes",
        "castle_type": "defensive",
        "designation": "British Grade I",
        "historic": "ruins",
        "name": "Halton Castle",
        "name:ca": "Castell de Halton",
        "name:eo": "Kastelo de Halton",
        "name:es": "Castillo de Halton",
        "name:et": "Haltoni kindlus",
        "name:fa": "قلعه هالتون",
        "name:fi": "Haltonin linna",
        "name:fr": "Château de Halton",
        "name:gl": "Castelo de Halton",
        "name:it": "Castello di Halton",
        "name:ru": "Замок Холтон",
        "name:zh": "哈爾頓城堡",
        "ruins": "castle",
        "wikidata": "Q2301986",
        "wikipedia": "en:Halton Castle",
        "@geometry": "center"
      },
      "geometry": {
        "type": "Point",
        "coordinates": [
          -2.6958488,
          53.3332031
        ]
      },
      "id": "way/28035807"
    },
    {
      "type": "Feature",
      "properties": {
        "@id": "way/28334205",
        "castle_type": "palace",
        "historic": "castle",
        "name": "The Archbishop's Palace",
        "notes": "copied",
        "source": "guess",
        "wikidata": "Q4785587",
        "wikipedia": "en:Archbishop's Palace, Maidstone",
        "@geometry": "center"
      },
      "geometry": {
        "type": "Point",
        "coordinates": [
          0.5211708,
          51.2710214
        ]
      },
      "id": "way/28334205"
    },
    {
      "type": "Feature",
      "properties": {
        "@id": "way/28528350",
        "building": "yes",
        "historic": "castle",
        "@geometry": "center"
      },
      "geometry": {
        "type": "Point",
        "coordinates": [
          -3.1487771,
          55.9326054
        ]
      },
      "id": "way/28528350"
    },
    {
      "type": "Feature",
      "properties": {
        "@id": "way/28621900",
        "addr:city": "Colchester",
        "addr:postcode": "CO1 1TJ",
        "building": "yes",
        "castle_type": "defensive",
        "height": "23.5 m",
        "historic": "castle",
        "name": "Colchester Castle",
        "name:fr": "Château de Colchester",
        "name:ga": "Caisleán Colchester",
        "name:hu": "Colchesteri vár",
        "name:ms": "Istana kota Colchester",
        "name:zh": "科爾切斯特城堡",
        "tourism": "museum",
        "wheelchair": "yes",
        "wikidata": "Q198287",
        "wikipedia": "en:Colchester Castle",
        "@geometry": "center"
      },
      "geometry": {
        "type": "Point",
        "coordinates": [
          0.9031093,
          51.8905941
        ]
      },
      "id": "way/28621900"
    },
    {
      "type": "Feature",
      "properties": {
        "@id": "node/29072083",
        "historic": "castle",
        "name": "Neville Castle",
        "wikidata": "Q17663455"
      },
      "geometry": {
        "type": "Point",
        "coordinates": [
          -0.9351684,
          54.2736292
        ]
      },
      "id": "node/29072083"
    },
    {
      "type": "Feature",
      "properties": {
        "@id": "way/29264611",
        "historic": "castle",
        "name": "Haverfordwest Castle",
        "wikidata": "Q5683760",
        "wikipedia": "en:Haverfordwest Castle",
        "@geometry": "center"
      },
      "geometry": {
        "type": "Point",
        "coordinates": [
          -4.9702817,
          51.8027035
        ]
      },
      "id": "way/29264611"
    },
    {
      "type": "Feature",
      "properties": {
        "@id": "way/29846121",
        "castle_type": "defensive",
        "historic": "castle",
        "name": "Portchester Castle",
        "name:fr": "Château de Portchester",
        "name:it": "Castello di Portchester",
        "name:la": "Castellum Portchester",
        "name:ms": "Istana kota Portchester",
        "name:zh": "波切斯特城堡",
        "ruins": "yes",
        "tourism": "attraction",
        "website": "https://www.english-heritage.org.uk/visit/places/portchester-castle/",
        "wheelchair": "yes",
        "wikidata": "Q732249",
        "wikipedia": "en:Portchester Castle",
        "@geometry": "center"
      },
      "geometry": {
        "type": "Point",
        "coordinates": [
          -1.1140319,
          50.8372244
        ]
      },
      "id": "way/29846121"
    },
    {
      "type": "Feature",
      "properties": {
        "@id": "way/30475890",
        "building": "yes",
        "historic": "castle",
        "name": "Liberton Tower",
        "wikidata": "Q6541506",
        "wikipedia": "en:Liberton Tower",
        "@geometry": "center"
      },
      "geometry": {
        "type": "Point",
        "coordinates": [
          -3.1773823,
          55.9145709
        ]
      },
      "id": "way/30475890"
    },
    {
      "type": "Feature",
      "properties": {
        "@id": "way/30489383",
        "historic": "castle",
        "name": "Finlarig Castle",
        "ruins": "yes",
        "@geometry": "center"
      },
      "geometry": {
        "type": "Point",
        "coordinates": [
          -4.315015,
          56.4749681
        ]
      },
      "id": "way/30489383"
    },
    {
      "type": "Feature",
      "properties": {
        "@id": "way/30665953",
        "contact:website": "https://www.english-heritage.org.uk/visit/places/osborne/",
        "heritage": "2",
        "heritage:operator": "he",
        "heritage:website": "https://www.english-heritage.org.uk/visit/places/osborne",
        "historic": "castle",
        "leisure": "park",
        "name": "Osborne House, Garden and Grounds",
        "notes": "Opening hours are for summer 2011, with the house having different opening hours. As the area describes the 'museum', the boundary is the area made accessible to the museum visitor.",
        "official_name": "Osborne",
        "opening_hours": "Apr 01-Sep 30 10:00-18:00",
        "operator": "English Heritage",
        "source": "Yahoo& Bing",
        "tourism": "attraction",
        "wikidata": "Q565155",
        "wikimedia_commons": "Category:Osborne House Gardens",
        "wikipedia": "en:Osborne House",
        "@geometry": "center"
      },
      "geometry": {
        "type": "Point",
        "coordinates": [
          -1.2657065,
          50.7506877
        ]
      },
      "id": "way/30665953"
    },
    {
      "type": "Feature",
      "properties": {
        "@id": "node/30808917",
        "historic": "ruins",
        "name": "Crickhowell Castle",
        "ruins": "castle",
        "wikidata": "Q17743117"
      },
      "geometry": {
        "type": "Point",
        "coordinates": [
          -3.1370932,
          51.8571995
        ]
      },
      "id": "node/30808917"
    },
    {
      "type": "Feature",
      "properties": {
        "@id": "way/31249534",
        "historic": "castle",
        "name": "Clearwell Castle",
        "wikidata": "Q5130970",
        "wikipedia": "en:Clearwell Castle",
        "@geometry": "center"
      },
      "geometry": {
        "type": "Point",
        "coordinates": [
          -2.6244946,
          51.7665081
        ]
      },
      "id": "way/31249534"
    },
    {
      "type": "Feature",
      "properties": {
        "@id": "way/31396161",
        "addr:city": "South Queensferry",
        "addr:postcode": "EH30 9SP",
        "building": "house",
        "building:use": "hotel",
        "castle_type": "stately",
        "fhrs:id": "663060",
        "historic": "castle",
        "name": "Dundas Castle",
        "name:pt": "Castelo Dundas",
        "ref:canmore": "50602",
        "source:addr": "FHRS Open Data",
        "tourism": "hotel",
        "wikidata": "Q5314756",
        "wikipedia": "en:Dundas Castle",
        "@geometry": "center"
      },
      "geometry": {
        "type": "Point",
        "coordinates": [
          -3.4145918,
          55.9750379
        ]
      },
      "id": "way/31396161"
    },
    {
      "type": "Feature",
      "properties": {
        "@id": "way/31404857",
        "building": "yes",
        "castle_type": "tower",
        "historic": "castle",
        "name": "Barnbougle Castle",
        "name:en": "Barnbougle Castle",
        "name:gd": "Caisteal Bharr a' Bhuachaille",
        "wikidata": "Q4861457",
        "wikipedia": "en:Barnbougle Castle",
        "@geometry": "center"
      },
      "geometry": {
        "type": "Point",
        "coordinates": [
          -3.3343483,
          55.992463
        ]
      },
      "id": "way/31404857"
    },
    {
      "type": "Feature",
      "properties": {
        "@id": "way/32594241",
        "access": "customers",
        "barrier": "wall",
        "building": "yes",
        "building:colour": "tan",
        "building:material": "limestone",
        "historic": "castle",
        "name": "The Gatehouse",
        "source": "bing",
        "wall": "castle_wall",
        "@geometry": "center"
      },
      "geometry": {
        "type": "Point",
        "coordinates": [
          -1.59141,
          52.3472053
        ]
      },
      "id": "way/32594241"
    },
    {
      "type": "Feature",
      "properties": {
        "@id": "way/32594582",
        "building": "yes",
        "building:condition": "ruinous",
        "castle_type": "defensive",
        "historic": "castle",
        "name": "Leicester's Building",
        "ruins": "yes",
        "@geometry": "center"
      },
      "geometry": {
        "type": "Point",
        "coordinates": [
          -1.5924829,
          52.3475014
        ]
      },
      "id": "way/32594582"
    },
    {
      "type": "Feature",
      "properties": {
        "@id": "way/32594584",
        "building": "yes",
        "building:colour": "tan",
        "building:condition": "ruinous",
        "building:material": "limestone",
        "castle_type": "defensive",
        "historic": "castle",
        "name": "The Keep",
        "ruins": "yes",
        "@geometry": "center"
      },
      "geometry": {
        "type": "Point",
        "coordinates": [
          -1.5926341,
          52.348039
        ]
      },
      "id": "way/32594584"
    },
    {
      "type": "Feature",
      "properties": {
        "@id": "way/32594594",
        "building": "yes",
        "building:colour": "tan",
        "building:condition": "ruinous",
        "building:material": "limestone",
        "castle_type": "defensive",
        "historic": "castle",
        "name": "Gaunt Tower",
        "ruins": "yes",
        "@geometry": "center"
      },
      "geometry": {
        "type": "Point",
        "coordinates": [
          -1.5934278,
          52.3479661
        ]
      },
      "id": "way/32594594"
    },
    {
      "type": "Feature",
      "properties": {
        "@id": "way/32594595",
        "building": "yes",
        "building:colour": "tan",
        "building:condition": "ruinous",
        "building:material": "limestone",
        "castle_type": "defensive",
        "historic": "castle",
        "name": "The Kitchen",
        "ruins": "yes",
        "@geometry": "center"
      },
      "geometry": {
        "type": "Point",
        "coordinates": [
          -1.5931076,
          52.3480261
        ]
      },
      "id": "way/32594595"
    },
    {
      "type": "Feature",
      "properties": {
        "@id": "way/32594596",
        "building": "yes",
        "building:condition": "ruinous",
        "castle_type": "defensive",
        "historic": "castle",
        "ruins": "yes",
        "@geometry": "center"
      },
      "geometry": {
        "type": "Point",
        "coordinates": [
          -1.5930178,
          52.3475809
        ]
      },
      "id": "way/32594596"
    },
    {
      "type": "Feature",
      "properties": {
        "@id": "way/32825099",
        "addr:city": "London",
        "addr:place": "Castle Wood",
        "addr:postcode": "SE18 3RT",
        "building": "yes",
        "castle_type": "stately",
        "contact:email": "info@severndroogcastle.org.uk",
        "contact:facebook": "severndroog",
        "contact:instagram": "severndroogcastle",
        "contact:phone": "+44 800 689 1796",
        "contact:twitter": "Severndroog",
        "historic": "castle",
        "name": "Severndroog Castle",
        "name:he": "טירת סוורנדרוג",
        "name:lt": "Severndroog pilis",
        "start_date": "1784",
        "tourism": "attraction",
        "website": "https://www.severndroogcastle.org.uk/",
        "wheelchair": "no",
        "wikidata": "Q12407683",
        "@geometry": "center"
      },
      "geometry": {
        "type": "Point",
        "coordinates": [
          0.0600544,
          51.4666244
        ]
      },
      "id": "way/32825099"
    },
    {
      "type": "Feature",
      "properties": {
        "@id": "way/34159833",
        "barrier": "wall",
        "building": "ruins",
        "fee": "no",
        "historic": "castle",
        "name": "Strome Castle",
        "operator": "National Trust for Scotland",
        "ruins": "yes",
        "source": "survey",
        "wikidata": "Q2970732",
        "wikipedia": "en:Strome Castle",
        "@geometry": "center"
      },
      "geometry": {
        "type": "Point",
        "coordinates": [
          -5.5558848,
          57.3591305
        ]
      },
      "id": "way/34159833"
    },
    {
      "type": "Feature",
      "properties": {
        "@id": "way/35902933",
        "addr:city": "York",
        "addr:postcode": "YO60 7DA",
        "architect": "John Vanbrugh",
        "building": "stately_home",
        "castle_type": "stately",
        "historic": "castle",
        "listed_status": "Grade I",
        "name": "Castle Howard",
        "name:cs": "Zámek Howard",
        "tourism": "attraction",
        "website": "https://www.castlehoward.co.uk/",
        "wikidata": "Q1049514",
        "wikipedia": "en:Castle Howard",
        "@geometry": "center"
      },
      "geometry": {
        "type": "Point",
        "coordinates": [
          -0.9060871,
          54.1215643
        ]
      },
      "id": "way/35902933"
    },
    {
      "type": "Feature",
      "properties": {
        "@id": "way/35954768",
        "addr:city": "Guildford",
        "addr:postcode": "GU1 3TU",
        "building": "yes",
        "castle_type": "defensive",
        "historic": "castle",
        "historic:civilization": "medieval",
        "is_in": "Guildford",
        "name": "Guildford Castle",
        "toilets:wheelchair": "no",
        "tourism": "attraction",
        "wheelchair": "no",
        "wheelchair:description": "Very steep path from gardens to ground floor entrance, steps to upper levels.",
        "wikidata": "Q139629",
        "wikipedia": "en:Guildford Castle",
        "@geometry": "center"
      },
      "geometry": {
        "type": "Point",
        "coordinates": [
          -0.5724166,
          51.2342725
        ]
      },
      "id": "way/35954768"
    },
    {
      "type": "Feature",
      "properties": {
        "@id": "node/36266798",
        "historic": "castle",
        "name": "Buittle Castle",
        "wikidata": "Q4986711"
      },
      "geometry": {
        "type": "Point",
        "coordinates": [
          -3.8447067,
          54.9353607
        ]
      },
      "id": "node/36266798"
    },
    {
      "type": "Feature",
      "properties": {
        "@id": "way/37621913",
        "castle_type": "defensive",
        "historic": "castle",
        "name": "Carisbrooke Castle",
        "name:en": "Carisbrooke Castle",
        "name:es": "Castillo de Carisbrooke",
        "name:fr": "Château de Carisbrooke",
        "name:ga": "Caisleán Carisbrooke",
        "name:it": "Castello di Carisbrooke",
        "name:la": "Castellum Carisbrooke",
        "name:ms": "Istana kota Carisbrooke",
        "name:ru": "Замок Карисбрук",
        "name:zh": "卡里斯布魯克城堡",
        "opening_hours": "Apr-Sep: Mo-Su, PH 10:00 - 17:00",
        "operator": "English Heritage",
        "tourism": "attraction",
        "website": "https://www.english-heritage.org.uk/visit/places/carisbrooke-castle/",
        "wikidata": "Q328595",
        "wikimedia_commons": "Category:Carisbrooke Castle",
        "wikipedia": "en:Carisbrooke Castle",
        "@geometry": "center"
      },
      "geometry": {
        "type": "Point",
        "coordinates": [
          -1.3125236,
          50.6875592
        ]
      },
      "id": "way/37621913"
    },
    {
      "type": "Feature",
      "properties": {
        "@id": "way/38508605",
        "building": "yes",
        "heritage": "yes",
        "historic": "castle",
        "layer": "1",
        "name": "Benmore House",
        "name:gd": "Taigh na Beinne Mòire",
        "source": "guessed from memory",
        "wikidata": "Q17775909",
        "@geometry": "center"
      },
      "geometry": {
        "type": "Point",
        "coordinates": [
          -4.9881622,
          56.0255205
        ]
      },
      "id": "way/38508605"
    },
    {
      "type": "Feature",
      "properties": {
        "@id": "way/39218139",
        "castle_type": "defensive",
        "heritage": "2",
        "heritage:operator": "Historic England",
        "historic": "castle",
        "listed_status": "Grade II",
        "name": "Walmer Castle",
        "note": "Some tags transferred from other object (retaining wall)",
        "operator": "English Heritage",
        "ref:GB:nhle": "1000291",
        "source": "https://commons.wikimedia.org/wiki/File:1725_Walmer_castle_plan.jpg",
        "start_date": "1540",
        "tourism": "attraction",
        "website": "https://www.english-heritage.org.uk/visit/places/walmer-castle-and-gardens/",
        "wikidata": "Q2543161",
        "wikimedia_commons": "Category:Walmer Castle",
        "wikipedia": "en:Walmer Castle",
        "@geometry": "center"
      },
      "geometry": {
        "type": "Point",
        "coordinates": [
          1.3994289,
          51.200085
        ]
      },
      "id": "way/39218139"
    },
    {
      "type": "Feature",
      "properties": {
        "@id": "way/39218993",
        "building": "yes",
        "building:levels": "5",
        "historic": "castle",
        "name": "Constables Gate, Dover Castle",
        "@geometry": "center"
      },
      "geometry": {
        "type": "Point",
        "coordinates": [
          1.319956,
          51.1296186
        ]
      },
      "id": "way/39218993"
    },
    {
      "type": "Feature",
      "properties": {
        "@id": "way/39262714",
        "alt_name": "Londonderry Monument",
        "building": "yes",
        "building:colour": "#8d8881",
        "castle_type": "tower",
        "communication:amateur_radio:wca": "GI-00013",
        "height": "41",
        "historic": "castle",
        "man_made": "tower",
        "material": "stone",
        "name": "Scrabo Tower",
        "old_name": "Londonderry Memorial",
        "operator": "Department for Communities",
        "tourism": "attraction",
        "tower:construction": "freestanding",
        "tower:type": "watchtower",
        "wikidata": "Q1999730",
        "wikipedia": "en:Scrabo Tower",
        "@geometry": "center"
      },
      "geometry": {
        "type": "Point",
        "coordinates": [
          -5.715446,
          54.5802817
        ]
      },
      "id": "way/39262714"
    },
    {
      "type": "Feature",
      "properties": {
        "@id": "way/39327323",
        "heritage": "yes",
        "historic": "castle",
        "name": "Harbottle Castle",
        "ruins": "yes",
        "wikidata": "Q5654774",
        "wikipedia": "en:Harbottle Castle",
        "@geometry": "center"
      },
      "geometry": {
        "type": "Point",
        "coordinates": [
          -2.1081451,
          55.3374169
        ]
      },
      "id": "way/39327323"
    },
    {
      "type": "Feature",
      "properties": {
        "@id": "way/39949525",
        "building": "yes",
        "castle_type": "fortress",
        "historic": "castle",
        "historic:civilization": "Norman",
        "name": "Great Tower",
        "ref:GB:uprn": "100052148378",
        "ruins": "yes",
        "source": "bing",
        "@geometry": "center"
      },
      "geometry": {
        "type": "Point",
        "coordinates": [
          -0.3895272,
          54.2875829
        ]
      },
      "id": "way/39949525"
    },
    {
      "type": "Feature",
      "properties": {
        "@id": "way/40024799",
        "building": "folly",
        "description": "Mock/castle folly built in 1762. Illumnated at night.",
        "historic": "castle",
        "image": "https://en.wikipedia.org/wiki/File:Ralph_Allens_Castle_-_geograph.org.uk_-_1762356.jpg",
        "name": "Ralph Allen’s Sham Castle",
        "source:description": "en:wikipedia",
        "tourism": "attraction",
        "wikidata": "Q7487351",
        "wikipedia": "en:Sham Castle",
        "@geometry": "center"
      },
      "geometry": {
        "type": "Point",
        "coordinates": [
          -2.3375354,
          51.3823117
        ]
      },
      "id": "way/40024799"
    },
    {
      "type": "Feature",
      "properties": {
        "@id": "way/40609405",
        "access": "customers",
        "castle_type": "fortress",
        "historic": "castle",
        "name": "Crownhill Fort",
        "note": "This is a preserved fort, open to public only on some days.",
        "wikidata": "Q5189558",
        "wikipedia": "en:Crownhill Fort",
        "@geometry": "center"
      },
      "geometry": {
        "type": "Point",
        "coordinates": [
          -4.1304647,
          50.4134263
        ]
      },
      "id": "way/40609405"
    },
    {
      "type": "Feature",
      "properties": {
        "@id": "way/40946192",
        "access": "private",
        "building": "yes",
        "historic": "castle",
        "name": "Hornby Castle",
        "wikidata": "Q1628393",
        "wikipedia": "en:Hornby Castle, Lancashire",
        "@geometry": "center"
      },
      "geometry": {
        "type": "Point",
        "coordinates": [
          -2.6323258,
          54.1114097
        ]
      },
      "id": "way/40946192"
    },
    {
      "type": "Feature",
      "properties": {
        "@id": "way/42003074",
        "addr:postcode": "EH23 4QY",
        "building": "yes",
        "castle_type": "defensive",
        "fhrs:id": "158958",
        "historic": "castle",
        "name": "Borthwick Castle Hotel",
        "name:de": "Borthwick Castle",
        "name:eu": "Borthwickeko gaztelua",
        "name:nl": "Borthwick Castle",
        "name:pt": "Castelo de Borthwick",
        "source:addr:postcode": "FHRS Open Data",
        "tourism": "hotel",
        "wikidata": "Q17567402",
        "wikipedia": "en:Borthwick Castle",
        "@geometry": "center"
      },
      "geometry": {
        "type": "Point",
        "coordinates": [
          -3.007474,
          55.82668
        ]
      },
      "id": "way/42003074"
    },
    {
      "type": "Feature",
      "properties": {
        "@id": "way/42003475",
        "building": "yes",
        "castle_type": "manor",
        "heritage": "2",
        "heritage:operator": "Historic England",
        "historic": "castle",
        "listed_status": "Grade I",
        "name": "Bruce Castle",
        "old_name": "Lordship House",
        "ref:GB:nhle": "1358861",
        "wikidata": "Q991572",
        "wikipedia": "en:Bruce Castle",
        "@geometry": "center"
      },
      "geometry": {
        "type": "Point",
        "coordinates": [
          -0.0754365,
          51.5991824
        ]
      },
      "id": "way/42003475"
    },
    {
      "type": "Feature",
      "properties": {
        "@id": "way/42231295",
        "historic": "castle",
        "name": "Castle of Old Wick",
        "@geometry": "center"
      },
      "geometry": {
        "type": "Point",
        "coordinates": [
          -3.0815025,
          58.4232536
        ]
      },
      "id": "way/42231295"
    },
    {
      "type": "Feature",
      "properties": {
        "@id": "way/42686471",
        "access": "customers",
        "building": "yes",
        "castle_type": "defensive",
        "historic": "castle",
        "name": "Hermitage Castle",
        "opening_hours": "1 April to 30 September: Daily, 9.30am to 5.30pm Last entry 5pm",
        "ruins": "yes",
        "source": "bing",
        "website": "https://www.historicenvironment.scot/visit-a-place/places/hermitage-castle/",
        "wikidata": "Q1613640",
        "wikipedia": "en:Hermitage Castle",
        "@geometry": "center"
      },
      "geometry": {
        "type": "Point",
        "coordinates": [
          -2.7932564,
          55.2559753
        ]
      },
      "id": "way/42686471"
    },
    {
      "type": "Feature",
      "properties": {
        "@id": "way/42826750",
        "HE_ref": "1391378",
        "building": "yes",
        "castle_type": "manor",
        "historic": "castle",
        "listed_status": "Grade II",
        "name": "Bailrigg House",
        "wikidata": "Q26670743",
        "@geometry": "center"
      },
      "geometry": {
        "type": "Point",
        "coordinates": [
          -2.7874833,
          54.0148241
        ]
      },
      "id": "way/42826750"
    },
    {
      "type": "Feature",
      "properties": {
        "@id": "way/47075297",
        "building": "ruins",
        "castle_type": "defensive",
        "historic": "castle",
        "name": "Castell Aberlleiniog",
        "name:cy": "Castell Aberlleiniog",
        "name:en": "Castell Aberlleiniog",
        "name:pt": "Castelo de Aberlleiniog",
        "name:ru": "Замок Аберллейниог",
        "ruins": "yes",
        "tourism": "attraction",
        "wikidata": "Q2275648",
        "wikipedia": "en:Castell Aberlleiniog",
        "@geometry": "center"
      },
      "geometry": {
        "type": "Point",
        "coordinates": [
          -4.0773269,
          53.2926231
        ]
      },
      "id": "way/47075297"
    },
    {
      "type": "Feature",
      "properties": {
        "@id": "way/47189011",
        "access": "customers",
        "addr:city": "Chard",
        "addr:country": "GB",
        "addr:county": "Dorset",
        "addr:place": "Forde Abbey",
        "addr:postcode": "TA20 4LU",
        "building": "house",
        "castle_type": "stately",
        "contact:phone": "+44 1460 221290",
        "email": "Info@fordeabbey.co.uk",
        "historic": "castle",
        "name": "Forde Abbey",
        "phone": "+44 1460 220231",
        "start_date": "1141",
        "website": "https://www.fordeabbey.co.uk/",
        "wikidata": "Q689615",
        "wikipedia": "en:Forde Abbey",
        "wikipedia:de": "https://de.wikipedia.org/wiki/Forde_Abbey",
        "wikipedia:fr": "https://fr.wikipedia.org/wiki/Abbaye_de_Forde",
        "wikipedia:it": "https://it.wikipedia.org/wiki/Forde_Abbey",
        "wikipedia:no": "https://no.wikipedia.org/wiki/Forde_Abbey",
        "wikipedia:pt": "https://pt.wikipedia.org/wiki/Forde_Abbey",
        "@geometry": "center"
      },
      "geometry": {
        "type": "Point",
        "coordinates": [
          -2.9114304,
          50.8427081
        ]
      },
      "id": "way/47189011"
    },
    {
      "type": "Feature",
      "properties": {
        "@id": "way/48296427",
        "castle_type": "fortress",
        "fee": "yes",
        "heritage": "1",
        "heritage:operator": "whc",
        "historic": "castle",
        "name": "Castell Biwmares / Beaumaris Castle",
        "name:bg": "Биумарис",
        "name:ca": "Castell de Beaumaris",
        "name:cs": "Beaumaris",
        "name:cy": "Castell Biwmares",
        "name:en": "Beaumaris Castle",
        "name:eo": "Kastelo Beaumaris",
        "name:es": "Castillo de Beaumaris",
        "name:eu": "Beaumaris gaztelua",
        "name:fi": "Beaumarisin linna",
        "name:fr": "Château de Beaumaris",
        "name:he": "טירת בומריס",
        "name:hu": "Beaumarisi vár",
        "name:it": "Castello di Beaumaris",
        "name:ja": "ビューマリス城",
        "name:ka": "ბომარისის ციხესიმაგრე",
        "name:pl": "Zamek w Beaumaris",
        "name:pt": "Castelo de Beaumaris",
        "name:ru": "Замок Бомарис",
        "name:sl": "Grad Beaumaris",
        "name:uk": "Бомаріс",
        "name:vi": "Lâu đài Beaumaris",
        "name:zh": "博馬里斯城堡",
        "ref:whc": "374-001",
        "tourism": "attraction",
        "website": "https://cadw.gov.wales/visit/places-to-visit/beaumaris-castle",
        "whc:criteria": "(i),(iii),(iv)",
        "whc:inscription_date": "1986",
        "wheelchair": "limited",
        "wikidata": "Q756815",
        "wikipedia": "en:Beaumaris Castle",
        "@geometry": "center"
      },
      "geometry": {
        "type": "Point",
        "coordinates": [
          -4.0897745,
          53.2647262
        ]
      },
      "id": "way/48296427"
    },
    {
      "type": "Feature",
      "properties": {
        "@id": "way/48815019",
        "HE_ref": "1194905",
        "addr:city": "Lancaster",
        "addr:housename": "Lancaster Castle",
        "addr:postcode": "LA1 1YJ",
        "addr:street": "Castle Parade",
        "castle_type": "defensive",
        "email": "info@lancastercastle.com",
        "heritage": "2",
        "heritage:operator": "Historic England",
        "historic": "castle",
        "historic:amenity": "prison",
        "listed_status": "Grade I",
        "name": "Lancaster Castle",
        "name:eo": "Kastelo Lancaster",
        "name:fr": "Château de Lancaster",
        "name:ga": "Caisleán Lancaster",
        "name:zh": "蘭卡斯特城堡",
        "note": "prison closed 2012",
        "phone": "+44 1524 64998",
        "tourism": "attraction",
        "website": "https://lancastercastle.com/",
        "wheelchair": "limited",
        "wikidata": "Q2969640",
        "wikipedia": "en:Lancaster Castle",
        "@geometry": "center"
      },
      "geometry": {
        "type": "Point",
        "coordinates": [
          -2.805383,
          54.0499181
        ]
      },
      "id": "way/48815019"
    },
    {
      "type": "Feature",
      "properties": {
        "@id": "way/48853303",
        "building": "castle",
        "castle_type": "stately",
        "heritage": "2",
        "heritage:operator": "Historic England",
        "historic": "castle",
        "listed_status": "Grade I",
        "name": "Eastnor Castle",
        "name:ga": "Caisleán Eastnor",
        "source": "OS 1:25k",
        "wikidata": "Q5330815",
        "wikipedia": "en:Eastnor Castle",
        "@geometry": "center"
      },
      "geometry": {
        "type": "Point",
        "coordinates": [
          -2.387739,
          52.0297086
        ]
      },
      "id": "way/48853303"
    },
    {
      "type": "Feature",
      "properties": {
        "@id": "way/48854593",
        "building": "ruins",
        "historic": "castle",
        "name": "Bronsil Castle",
        "wikidata": "Q4974032",
        "@geometry": "center"
      },
      "geometry": {
        "type": "Point",
        "coordinates": [
          -2.3666166,
          52.0327751
        ]
      },
      "id": "way/48854593"
    },
    {
      "type": "Feature",
      "properties": {
        "@id": "way/48870880",
        "addr:city": "Alnwick",
        "addr:country": "GB",
        "addr:postcode": "NE66 3TT",
        "addr:street": "Craster",
        "check_date:opening_hours": "2025-12-31",
        "contact:phone": "+44 1665 576231",
        "historic": "castle",
        "name": "Dunstanburgh Castle",
        "name:ru": "Замок Данстенбург",
        "opening_hours": "Tu-Su 10:00-17:00",
        "operator": "English Heritage",
        "ruins": "yes",
        "source": "bing",
        "tourism": "attraction",
        "website": "https://www.english-heritage.org.uk/visit/places/dunstanburgh-castle/",
        "wheelchair": "limited",
        "wikidata": "Q515105",
        "wikipedia": "en:Dunstanburgh Castle",
        "@geometry": "center"
      },
      "geometry": {
        "type": "Point",
        "coordinates": [
          -1.5944473,
          55.4906018
        ]
      },
      "id": "way/48870880"
    },
    {
      "type": "Feature",
      "properties": {
        "@id": "way/48938057",
        "historic": "castle",
        "name": "Stogursey Castle",
        "ruins": "yes",
        "wikidata": "Q7618366",
        "wikipedia": "en:Stogursey Castle",
        "@geometry": "center"
      },
      "geometry": {
        "type": "Point",
        "coordinates": [
          -3.1418552,
          51.1769351
        ]
      },
      "id": "way/48938057"
    },
    {
      "type": "Feature",
      "properties": {
        "@id": "way/49782845",
        "building": "castle",
        "communication:amateur_radio:wca": "GI-00012",
        "historic": "castle",
        "name": "Castle Chester",
        "@geometry": "center"
      },
      "geometry": {
        "type": "Point",
        "coordinates": [
          -5.7073349,
          54.754435
        ]
      },
      "id": "way/49782845"
    },
    {
      "type": "Feature",
      "properties": {
        "@id": "way/50833872",
        "building": "castle",
        "castle_type": "defensive",
        "email": "info@boltoncastle.co.uk",
        "fax": "+44 1969 623 332",
        "historic": "castle",
        "listed_status": "Grade I",
        "name": "Bolton Castle",
        "name:fr": "Château de Bolton",
        "name:ga": "Caisleán Bolton",
        "note": "Opening hour are a bit irregular because of private booking, see website for further details.",
        "opening_hours": "Feb-Oct: Mo-Su 10:00-16:00",
        "opening_hours:url": "http://www.boltoncastle.co.uk/what-to-do-yorkshire/#opening_times",
        "phone": "+44 1969 623 981",
        "tourism": "attraction",
        "website": "https://boltoncastle.co.uk/",
        "wikidata": "Q495086",
        "wikimedia_commons": "File:Castle Bolton from the south west.jpg",
        "wikipedia": "en:Bolton Castle",
        "@geometry": "center"
      },
      "geometry": {
        "type": "Point",
        "coordinates": [
          -1.9496355,
          54.3221046
        ]
      },
      "id": "way/50833872"
    },
    {
      "type": "Feature",
      "properties": {
        "@id": "way/52467063",
        "castle_type": "defensive",
        "castle_type:de": "burg",
        "fee": "yes",
        "heritage": "1",
        "heritage:operator": "whc",
        "historic": "castle",
        "name": "Conwy Castle",
        "name:cy": "Castell Conwy",
        "operator": "Cadw",
        "ref:whc": "374-003",
        "tourism": "attraction",
        "website": "https://cadw.gov.wales/visit/places-to-visit/castell-conwy",
        "whc:criteria": "(i),(iii),(iv)",
        "whc:inscription_date": "1986",
        "wikidata": "Q756830",
        "wikipedia": "en:Conwy Castle",
        "@geometry": "center"
      },
      "geometry": {
        "type": "Point",
        "coordinates": [
          -3.8255665,
          53.2800283
        ]
      },
      "id": "way/52467063"
    },
    {
      "type": "Feature",
      "properties": {
        "@id": "way/53573360",
        "access": "yes",
        "building": "yes",
        "castle_type": "defensive",
        "historic": "castle",
        "historic:civilization": "early_medieval",
        "layer": "1",
        "name": "Clitheroe Castle",
        "start_date": "1186",
        "wikidata": "Q5134437",
        "wikipedia": "en:Clitheroe Castle",
        "@geometry": "center"
      },
      "geometry": {
        "type": "Point",
        "coordinates": [
          -2.3931467,
          53.870797
        ]
      },
      "id": "way/53573360"
    },
    {
      "type": "Feature",
      "properties": {
        "@id": "way/54433967",
        "addr:city": "Exeter",
        "addr:postcode": "EX6 6PB",
        "addr:suburb": "Drewsteignton",
        "castle_type": "stately",
        "email": "castledrogo@nationaltrust.org.uk",
        "fee": "yes",
        "historic": "castle",
        "name": "Castle Drogo",
        "name:ar": "قلعة دروغو",
        "name:bg": "Дрого",
        "operator": "National Trust",
        "operator:type": "private",
        "operator:wikidata": "Q333515",
        "phone": "+44 1647 433306",
        "tourism": "attraction",
        "website": "https://www.nationaltrust.org.uk/visit/devon/castle-drogo",
        "wheelchair": "no",
        "wikidata": "Q746819",
        "wikipedia": "en:Castle Drogo",
        "@geometry": "center"
      },
      "geometry": {
        "type": "Point",
        "coordinates": [
          -3.8109415,
          50.6958893
        ]
      },
      "id": "way/54433967"
    },
    {
      "type": "Feature",
      "properties": {
        "@id": "way/54478457",
        "architect": "John Nash",
        "architect:wikidata": "Q309905",
        "building": "yes",
        "building:architecture": "classicism",
        "castle_type": "palace",
        "fee": "yes",
        "heritage": "2",
        "heritage:operator": "he",
        "heritage:website": "https://historicengland.org.uk/listing/the-list/list-entry/1236580",
        "historic": "castle",
        "inscription_date": "1970-02-05",
        "listed_status": "Grade I",
        "name": "Clarence House",
        "name:uk": "Кларенс-хаус",
        "opening_hours": "Aug",
        "ref:GB:nhle": "1236580",
        "source": "Bing",
        "start_date": "1827",
        "tourism": "yes",
        "website": "https://www.rct.uk/visit/clarence-house",
        "wheelchair": "yes",
        "wikidata": "Q565521",
        "wikipedia": "en:Clarence House",
        "year_of_construction": "1825 - 1827",
        "@geometry": "center"
      },
      "geometry": {
        "type": "Point",
        "coordinates": [
          -0.1384356,
          51.5039832
        ]
      },
      "id": "way/54478457"
    },
    {
      "type": "Feature",
      "properties": {
        "@id": "way/54978541",
        "building": "yes",
        "castle_type": "towerhouse",
        "heritage": "2",
        "heritage:operator": "Historic Environment Scotland",
        "historic": "castle",
        "name": "Uttershill Castle",
        "ref:GB:hs": "SM5063",
        "ref:canmore": "51621",
        "ruins": "yes",
        "wikidata": "Q40812708",
        "@geometry": "center"
      },
      "geometry": {
        "type": "Point",
        "coordinates": [
          -3.2169782,
          55.8220943
        ]
      },
      "id": "way/54978541"
    },
    {
      "type": "Feature",
      "properties": {
        "@id": "way/55079805",
        "addr:street": "Tidal Causeway (Check Tide Times)",
        "building": "yes",
        "historic": "castle",
        "name": "St Michael's Mount Castle",
        "name:ar": "قلعة جبل سانت مايكل",
        "name:ru": "гора святого Михаила",
        "phone": "+44 1736 710507",
        "tourism": "attraction",
        "website": "https://www.stmichaelsmount.co.uk/",
        "wheelchair": "no",
        "wikidata": "Q1431121",
        "wikipedia": "en:St Michael's Mount",
        "@geometry": "center"
      },
      "geometry": {
        "type": "Point",
        "coordinates": [
          -5.4783236,
          50.116519
        ]
      },
      "id": "way/55079805"
    },
    {
      "type": "Feature",
      "properties": {
        "@id": "way/56072358",
        "addr:city": "Criccieth",
        "castle_type": "defensive",
        "heritage:operator": "Cadw",
        "historic": "castle",
        "name": "Castell Cricieth",
        "name:cy": "Castell Cricieth",
        "name:en": "Criccieth Castle",
        "tourism": "attraction",
        "wheelchair": "no",
        "wikidata": "Q1139896",
        "@geometry": "center"
      },
      "geometry": {
        "type": "Point",
        "coordinates": [
          -4.2325636,
          52.9160861
        ]
      },
      "id": "way/56072358"
    },
    {
      "type": "Feature",
      "properties": {
        "@id": "way/57993288",
        "HE_ref": "1318962",
        "building": "castle",
        "castle_type": "manor",
        "heritage": "2",
        "heritage:operator": "Historic England",
        "historic": "castle",
        "listed_status": "Grade I",
        "name": "Sizergh Castle",
        "operator": "National Trust",
        "ref:GB:uprn": "10003956538;10090933139",
        "source": "local knowledge",
        "website": "https://www.nationaltrust.org.uk/visit/lake-district/sizergh",
        "wikidata": "Q2290997",
        "wikimedia_commons": "Category:Sizergh Castle",
        "wikipedia": "en:Sizergh",
        "@geometry": "center"
      },
      "geometry": {
        "type": "Point",
        "coordinates": [
          -2.7717582,
          54.2842462
        ]
      },
      "id": "way/57993288"
    },
    {
      "type": "Feature",
      "properties": {
        "@id": "way/58073711",
        "addr:city": "Shrewsbury",
        "addr:postcode": "SY1 2AT",
        "building:levels": "3",
        "castle_type": "defensive",
        "check_date:opening_hours": "2024-06-20",
        "fee": "yes",
        "fee:conditional": "no @ age < 5",
        "historic": "castle",
        "name": "Shrewsbury Castle",
        "name:fr": "Château de Shrewsbury",
        "name:zh": "什魯斯伯里城堡",
        "opening_hours": "Feb 10-May 24 Mo-We,Fr,Sa 10:30-16:00; May 25-Sep 15 Mo-We,Fr,Sa 10:30-17:00; May 25-Sep 15 Su 10:30-16:00",
        "seasonal": "yes",
        "tourism": "attraction",
        "website": "https://www.shropshiremuseums.org.uk/shrewsbury-castle/",
        "wheelchair": "limited",
        "wikidata": "Q2280236",
        "wikipedia": "en:Shrewsbury Castle",
        "@geometry": "center"
      },
      "geometry": {
        "type": "Point",
        "coordinates": [
          -2.749607,
          52.7109811
        ]
      },
      "id": "way/58073711"
    },
    {
      "type": "Feature",
      "properties": {
        "@id": "way/59304725",
        "building": "yes",
        "castle_type": "castle",
        "historic": "castle",
        "listed_status": "Category A",
        "name": "Caisteal Leòdhais",
        "name:en": "Lews Castle",
        "name:es": "Castillo de Lews",
        "name:eu": "Lews gaztelua",
        "name:fr": "Château de Lews",
        "name:ga": "Caisteal Leódhais",
        "name:pt": "Castelo Lews",
        "source": "OS_OpenData_StreetView",
        "start_date": "1846",
        "website": "https://www.lews-castle.co.uk/",
        "wikidata": "Q2969723",
        "wikipedia": "en:Lews Castle",
        "@geometry": "center"
      },
      "geometry": {
        "type": "Point",
        "coordinates": [
          -6.3943276,
          58.2116073
        ]
      },
      "id": "way/59304725"
    },
    {
      "type": "Feature",
      "properties": {
        "@id": "way/59464569",
        "addr:city": "Perth",
        "addr:housename": "Huntingtower Castle",
        "addr:postcode": "PH1 3JT",
        "addr:street": "Crieff Road",
        "alt_name": "Ruthven Castle",
        "building": "yes",
        "castle_type": "defensive",
        "fee": "yes",
        "historic": "castle",
        "name": "Huntingtower Castle",
        "name:it": "Castello di Huntingtower",
        "name:pt": "Castelo Huntingtower",
        "opening_hours": "Mar 29-Sep 30 10:00-12:30,13:00-16:30; Oct 01-Mar 28 10:00-12:30,13:30-16:00",
        "phone": "+44 1738 627231",
        "source": "OS_OpenData_StreetView",
        "tourism": "attraction",
        "website": "https://www.historicenvironment.scot/visit-a-place/places/huntingtower-castle/",
        "wikidata": "Q2475039",
        "wikipedia": "en:Huntingtower Castle",
        "@geometry": "center"
      },
      "geometry": {
        "type": "Point",
        "coordinates": [
          -3.4881863,
          56.4094577
        ]
      },
      "id": "way/59464569"
    },
    {
      "type": "Feature",
      "properties": {
        "@id": "way/59708553",
        "HE_ref": "1011647",
        "addr:city": "Prudhoe",
        "addr:postcode": "NE42 6NA",
        "addr:street": "Castle View",
        "building": "yes",
        "castle_type": "defensive",
        "designation": "scheduled_monument",
        "heritage": "yes",
        "historic": "castle",
        "name": "Prudhoe Castle",
        "operator": "English Heritage",
        "source": "OS OpenData StreetView",
        "tourism": "attraction",
        "website": "https://www.english-heritage.org.uk/visit/places/prudhoe-castle",
        "wikidata": "Q4185858",
        "wikipedia": "en:Prudhoe Castle",
        "@geometry": "center"
      },
      "geometry": {
        "type": "Point",
        "coordinates": [
          -1.8584556,
          54.9651102
        ]
      },
      "id": "way/59708553"
    },
    {
      "type": "Feature",
      "properties": {
        "@id": "way/59806740",
        "castle_type": "fortress",
        "historic": "castle",
        "name": "Tantallon Castle",
        "source": "OS_OpenData_StreetView",
        "website": "https://www.historicenvironment.scot/visit-a-place/places/tantallon-castle/",
        "wikidata": "Q57803",
        "wikipedia": "en:Tantallon Castle",
        "@geometry": "center"
      },
      "geometry": {
        "type": "Point",
        "coordinates": [
          -2.6502375,
          56.0565028
        ]
      },
      "id": "way/59806740"
    },
    {
      "type": "Feature",
      "properties": {
        "@id": "way/59860999",
        "building": "yes",
        "historic": "ruins",
        "name": "Aberdour Castle",
        "opening_hours": "Apr-Sep Mo-Su 09:30-17:30, Oct-Mar Sa-We 10:00-16:00",
        "ruins": "castle",
        "source": "OS_OpenData_StreetView",
        "tourism": "attraction",
        "website": "https://www.historicenvironment.scot/visit-a-place/places/aberdour-castle-and-gardens/",
        "wikidata": "Q2145629",
        "wikipedia": "en:Aberdour Castle",
        "@geometry": "center"
      },
      "geometry": {
        "type": "Point",
        "coordinates": [
          -3.2982181,
          56.0552239
        ]
      },
      "id": "way/59860999"
    },
    {
      "type": "Feature",
      "properties": {
        "@id": "way/60578761",
        "building": "yes",
        "building:material": "stone",
        "castle_type": "stately",
        "historic": "castle",
        "name": "Seaton Delaval Hall",
        "operator": "National Trust",
        "operator:type": "private",
        "operator:wikidata": "Q333515",
        "source": "OS7",
        "tourism": "attraction",
        "url": "http://www.nationaltrust.org.uk/seaton-delaval-hall/",
        "wikidata": "Q2915561",
        "wikipedia": "en:Seaton Delaval Hall",
        "@geometry": "center"
      },
      "geometry": {
        "type": "Point",
        "coordinates": [
          -1.496829,
          55.0824127
        ]
      },
      "id": "way/60578761"
    },
    {
      "type": "Feature",
      "properties": {
        "@id": "way/60732901",
        "historic": "castle",
        "name": "Loch Leven Castle",
        "name:ar": "قلعة لخ لفن",
        "name:gd": "Caisteal Loch Lìobhann",
        "operator": "Historic Scotland",
        "ruins": "yes",
        "source": "Wikipedia",
        "tourism": "attraction",
        "website": "http://www.historic-scotland.gov.uk/index/places/propertyresults/propertyoverview.htm?PropID=PL_202",
        "wikidata": "Q514388",
        "wikipedia": "en:Lochleven Castle",
        "@geometry": "center"
      },
      "geometry": {
        "type": "Point",
        "coordinates": [
          -3.3917263,
          56.2007687
        ]
      },
      "id": "way/60732901"
    },
    {
      "type": "Feature",
      "properties": {
        "@id": "way/60770033",
        "access": "no",
        "castle_type": "fortress",
        "historic": "castle",
        "name": "Garrison Point Fort",
        "start_date": "1860s",
        "wikidata": "Q5524054",
        "wikipedia": "en:Garrison Point Fort",
        "@geometry": "center"
      },
      "geometry": {
        "type": "Point",
        "coordinates": [
          0.7446919,
          51.4466735
        ]
      },
      "id": "way/60770033"
    },
    {
      "type": "Feature",
      "properties": {
        "@id": "way/61161239",
        "access": "customers",
        "castle_type": "defensive",
        "historic": "castle",
        "name": "Craigmillar Castle",
        "name:es": "Castillo de Craigmillar",
        "name:fi": "Craigmillarin linna",
        "name:fr": "Château de Craigmillar",
        "name:gd": "Caisteal Chreag a' Mhuilleir",
        "name:it": "Castello di Craigmillar",
        "name:pt": "Castelo de Craigmillar",
        "operator": "Historic Environment Scotland",
        "ruins": "yes",
        "source": "wikipedia",
        "tourism": "attraction",
        "website": "https://www.historicenvironment.scot/visit-a-place/places/craigmillar-castle/",
        "wikidata": "Q432422",
        "wikipedia": "en:Craigmillar Castle",
        "@geometry": "center"
      },
      "geometry": {
        "type": "Point",
        "coordinates": [
          -3.1406202,
          55.9257071
        ]
      },
      "id": "way/61161239"
    },
    {
      "type": "Feature",
      "properties": {
        "@id": "way/61215723",
        "access": "customers",
        "building": "palace",
        "building:levels": "2",
        "castle_type": "stately",
        "description": "Family seat of the Lascelles family. 18th Century palace with extensive gardens.",
        "historic": "castle",
        "is_in:attraction": "Harewood House & Gardens",
        "listed_status": "Grade I",
        "name": "Harewood House",
        "name:pronunciation": "ˈhɑːrwʊd ˈhaʊs ən ˈɡɑːdnz",
        "operator": "Harewood House Trust",
        "source": "local_knowledge;Bing",
        "tourism": "attraction",
        "website": "https://www.harewood.org/",
        "@geometry": "center"
      },
      "geometry": {
        "type": "Point",
        "coordinates": [
          -1.5273146,
          53.896926
        ]
      },
      "id": "way/61215723"
    },
    {
      "type": "Feature",
      "properties": {
        "@id": "way/61921336",
        "building": "yes",
        "historic": "castle",
        "name": "Prior Castell's Tower",
        "@geometry": "center"
      },
      "geometry": {
        "type": "Point",
        "coordinates": [
          -1.6557046,
          55.6170618
        ]
      },
      "id": "way/61921336"
    },
    {
      "type": "Feature",
      "properties": {
        "@id": "way/62452643",
        "addr:postcode": "IV12 5RD",
        "building": "yes",
        "castle_type": "defensive",
        "email": "info@cawdorcastle.com",
        "heritage": "yes",
        "heritage:operator": "Historic Environment Scotland",
        "heritage:website": "https://portal.historicenvironment.scot/designation/LB1728",
        "historic": "castle",
        "listed_status": "Category A",
        "name": "Cawdor Castle",
        "name:de": "Schloss Cawdor",
        "name:eu": "Cawdorko gaztelua",
        "name:fr": "Château de Cawdor",
        "name:it": "Castello di Cawdor",
        "name:sr": "Замак Кодор",
        "name:zh": "考德城堡",
        "note": "Saturday 13th April to Sunday 6th October inclusive Open seven days a week, 10am to 5.30pm (last admission at 5pm)",
        "opening_hours:url": "https://www.cawdorcastle.com/welcome-to-cawdor-castle/opening-times-and-prices/",
        "phone": "+44 1667 404 401",
        "ref:GB:hs": "LB1728",
        "tourism": "attraction",
        "website": "https://www.cawdorcastle.com/",
        "wikidata": "Q1051919",
        "wikipedia": "en:Cawdor Castle",
        "@geometry": "center"
      },
      "geometry": {
        "type": "Point",
        "coordinates": [
          -3.9265409,
          57.5241656
        ]
      },
      "id": "way/62452643"
    },
    {
      "type": "Feature",
      "properties": {
        "@id": "way/64003108",
        "building": "yes",
        "building:levels": "4",
        "defensive_works": "caponier",
        "historic": "castle",
        "layer": "1",
        "name": "Spur Caponier",
        "@geometry": "center"
      },
      "geometry": {
        "type": "Point",
        "coordinates": [
          1.3205089,
          51.1306709
        ]
      },
      "id": "way/64003108"
    },
    {
      "type": "Feature",
      "properties": {
        "@id": "way/64003114",
        "addr:postcode": "CT16 1HU",
        "addr:street": "Castle Hill Road",
        "building": "yes",
        "building:levels": "4",
        "castle_type": "defensive",
        "historic": "castle",
        "historic:civilization": "medieval",
        "name": "The Great Tower",
        "source": "OS_opendata_streetview",
        "wheelchair": "limited",
        "@geometry": "center"
      },
      "geometry": {
        "type": "Point",
        "coordinates": [
          1.3213512,
          51.129605
        ]
      },
      "id": "way/64003114"
    },
    {
      "type": "Feature",
      "properties": {
        "@id": "way/64283622",
        "alt_name": "Mount Hall",
        "alt_name1": "Narrow Water House",
        "building": "yes",
        "castle_type": "stately",
        "historic": "castle",
        "name": "Narrow Water Castle",
        "wikidata": "Q6966307",
        "wikimedia_commons": "Category:Narrow Water Castle",
        "wikipedia": "en:Narrow Water Castle",
        "@geometry": "center"
      },
      "geometry": {
        "type": "Point",
        "coordinates": [
          -6.2826157,
          54.1146679
        ]
      },
      "id": "way/64283622"
    },
    {
      "type": "Feature",
      "properties": {
        "@id": "way/64298773",
        "access": "yes",
        "castle_type": "defensive",
        "fee": "no",
        "historic": "castle",
        "historic:civilization": "medieval",
        "name": "Oswestry Castle",
        "ruins": "yes",
        "wikidata": "Q20713795",
        "wikipedia": "en:Oswestry Castle",
        "@geometry": "center"
      },
      "geometry": {
        "type": "Point",
        "coordinates": [
          -3.055268,
          52.8610723
        ]
      },
      "id": "way/64298773"
    },
    {
      "type": "Feature",
      "properties": {
        "@id": "way/64302837",
        "building": "yes",
        "historic": "castle",
        "name": "Newton Castle",
        "source": "OS_OpenData_StreetView",
        "@geometry": "center"
      },
      "geometry": {
        "type": "Point",
        "coordinates": [
          -3.350415,
          56.5920218
        ]
      },
      "id": "way/64302837"
    },
    {
      "type": "Feature",
      "properties": {
        "@id": "way/66568150",
        "castle_type": "defensive",
        "historic": "castle",
        "historic:civilization": "medieval",
        "name": "Kendal Castle",
        "operator": "South Lakeland District Council",
        "tourism": "attraction",
        "wikidata": "Q6388845",
        "wikimedia_commons": "Category:Kendal Castle",
        "wikipedia": "en:Kendal Castle",
        "@geometry": "center"
      },
      "geometry": {
        "type": "Point",
        "coordinates": [
          -2.7364844,
          54.3248947
        ]
      },
      "id": "way/66568150"
    },
    {
      "type": "Feature",
      "properties": {
        "@id": "way/67491714",
        "access": "yes",
        "building": "yes",
        "castle_type": "defensive",
        "historic": "castle",
        "historic:civilization": "medieval",
        "name": "Newark Castle",
        "ruins": "yes",
        "source": "Bing",
        "start_date": "1135",
        "wikidata": "Q2970132",
        "wikipedia": "en:Newark Castle, Nottinghamshire",
        "@geometry": "center"
      },
      "geometry": {
        "type": "Point",
        "coordinates": [
          -0.812725,
          53.0776736
        ]
      },
      "id": "way/67491714"
    },
    {
      "type": "Feature",
      "properties": {
        "@id": "way/68536540",
        "building": "yes",
        "castle_type": "defensive",
        "historic": "castle",
        "name": "Fyvie Castle",
        "name:fr": "Château de Fyvie",
        "name:gd": "Caisteal Fhiodh Abhainn",
        "name:it": "Castello di Fyvie",
        "name:pt": "Castelo de Fyvie",
        "operator": "National Trust for Scotland",
        "tourism": "attraction",
        "wikidata": "Q2969293",
        "wikipedia": "en:Fyvie Castle",
        "@geometry": "center"
      },
      "geometry": {
        "type": "Point",
        "coordinates": [
          -2.3949901,
          57.4434743
        ]
      },
      "id": "way/68536540"
    },
    {
      "type": "Feature",
      "properties": {
        "@id": "way/70264991",
        "alt_name": "Caernarvon Castle",
        "castle_type": "defensive",
        "heritage": "1",
        "heritage:operator": "whc",
        "historic": "castle",
        "int_name": "Caernarfon Castle",
        "name": "Castell Caernarfon",
        "name:ar": "قلعة كارنارفون",
        "name:bg": "Карнарвън (замък)",
        "name:br": "Kastell Caernarfon",
        "name:ca": "Castell de Caernarfon",
        "name:cs": "Caernarfon (hrad)",
        "name:cy": "Castell Caernarfon",
        "name:da": "Caernarfon Castle",
        "name:de": "Caernarfon Castle",
        "name:en": "Caernarfon Castle",
        "name:eo": "Kastelo Caernarfon",
        "name:es": "Castillo de Caernarfon",
        "name:eu": "Caernarfon gaztelua",
        "name:fa": "قلعه کرناروون",
        "name:fi": "Caernarfonin linna",
        "name:fr": "Château de Caernarfon",
        "name:he": "טירת קרנארבון",
        "name:hu": "Caernarfoni vár",
        "name:hy": "Կարնարվոն (ամրոց)",
        "name:id": "Kastil Caernarfon",
        "name:is": "Caernarfonkastali",
        "name:it": "Castello di Caernarfon",
        "name:ja": "カーナーヴォン城",
        "name:ka": "კერნარვონის ციხესიმაგრე",
        "name:ko": "카나번성",
        "name:ms": "Istana kota Caernarfon",
        "name:nb": "Caernarfon Castle",
        "name:nl": "Caernarfon Castle",
        "name:pl": "Zamek w Caernarfon",
        "name:pt": "Castelo de Caernarfon",
        "name:ru": "Карнарвон (замок)",
        "name:sl": "Grad Caernarfon",
        "name:sv": "Caernarfon Castle",
        "name:th": "ปราสาทคายร์นาร์วอน",
        "name:uk": "Карнарвон (замок)",
        "name:ur": "کارناروین قلعہ",
        "name:zh": "加拿分城堡",
        "operator": "Cadw",
        "phone": "+44 1286 677617",
        "ref:whc": "374-002",
        "tourism": "attraction",
        "whc:criteria": "(i),(iii),(iv)",
        "whc:inscription_date": "1986",
        "wikidata": "Q275128",
        "wikipedia": "en:Caernarfon Castle",
        "@geometry": "center"
      },
      "geometry": {
        "type": "Point",
        "coordinates": [
          -4.277001,
          53.139322
        ]
      },
      "id": "way/70264991"
    },
    {
      "type": "Feature",
      "properties": {
        "@id": "way/72056369",
        "building": "yes",
        "castle_type": "defensive",
        "historic": "castle",
        "name": "Dirleton Castle",
        "name:eu": "Dirletongo gaztelua",
        "name:fi": "Dirletonin linna",
        "name:fr": "Château de Dirleton",
        "name:it": "Castello di Dirleton",
        "name:pt": "Castelo de Dirleton",
        "name:ru": "Замок Дирлетон",
        "operator": "Historic Environment Scotland",
        "ruins": "yes",
        "tourism": "attraction",
        "website": "https://www.historicenvironment.scot/visit-a-place/places/dirleton-castle/",
        "wikidata": "Q1955420",
        "wikipedia": "en:Dirleton Castle",
        "@geometry": "center"
      },
      "geometry": {
        "type": "Point",
        "coordinates": [
          -2.7781186,
          56.045897
        ]
      },
      "id": "way/72056369"
    },
    {
      "type": "Feature",
      "properties": {
        "@id": "way/72499436",
        "addr:housename": "The Garrison",
        "addr:postcode": "TR21 0JA",
        "building": "castle",
        "fhrs:id": "760515",
        "fixme:addr:1": "St Mary's",
        "historic": "castle",
        "name": "Star Castle",
        "source": "Bing",
        "source:addr": "FHRS Open Data",
        "tourism": "hotel",
        "wikidata": "Q3968286",
        "wikipedia": "en:Star Castle, Isles of Scilly",
        "@geometry": "center"
      },
      "geometry": {
        "type": "Point",
        "coordinates": [
          -6.3210235,
          49.9154026
        ]
      },
      "id": "way/72499436"
    },
    {
      "type": "Feature",
      "properties": {
        "@id": "way/73689706",
        "addr:city": "Nuneaton",
        "addr:housenumber": "1",
        "addr:place": "Astley",
        "addr:postcode": "CV10 7QN",
        "addr:street": "Church Lane",
        "building": "yes",
        "castle_type": "manor",
        "heritage": "2",
        "heritage:operator": "Historic England",
        "historic": "castle",
        "listed_status": "Grade II*",
        "name": "Astley Castle",
        "number_of_apartments": "1",
        "operator": "Landmark Trust",
        "tourism": "apartment",
        "wikidata": "Q4810907",
        "wikipedia": "en:Astley Castle",
        "@geometry": "center"
      },
      "geometry": {
        "type": "Point",
        "coordinates": [
          -1.542348,
          52.502349
        ]
      },
      "id": "way/73689706"
    },
    {
      "type": "Feature",
      "properties": {
        "@id": "way/74412998",
        "alt_name": "Dùn Sgàthaich",
        "alt_name:gd": "Caisteal Dhùn Sgàthaich",
        "historic": "castle",
        "historic:civilization": "medieval",
        "name": "Dunscaith Castle",
        "name:ga": "Dún Sgathaich",
        "name:gd": "Dùn Sgàthaich",
        "ruins": "castle",
        "wikidata": "Q3250852",
        "wikipedia": "gd:Dùn Sgàthaich",
        "wikipedia:en": "Dunscaith Castle",
        "@geometry": "center"
      },
      "geometry": {
        "type": "Point",
        "coordinates": [
          -5.9760278,
          57.1365531
        ]
      },
      "id": "way/74412998"
    },
    {
      "type": "Feature",
      "properties": {
        "@id": "way/75280299",
        "building": "yes",
        "castle_type": "defensive",
        "description": "Norman castle, largely dismantled by the Parliamentarians during Civil War",
        "end_date": "1648",
        "fee": "yes",
        "historic": "castle",
        "name": "Knaresborough Castle",
        "operator": "North Yorkshire Council",
        "ref:GB:uprn": "10003599101",
        "ruins": "yes",
        "start_date": "1100",
        "tourism": "attraction",
        "website": "https://www.northyorks.gov.uk/leisure-tourism-and-culture/museums-and-galleries/museums-harrogate-area/knaresborough-castle-and-museum/knaresborough-castle-and-museum-opening-times-and-prices",
        "wikidata": "Q6421781",
        "wikipedia": "en:Knaresborough Castle",
        "@geometry": "center"
      },
      "geometry": {
        "type": "Point",
        "coordinates": [
          -1.4692693,
          54.0071974
        ]
      },
      "id": "way/75280299"
    },
    {
      "type": "Feature",
      "properties": {
        "@id": "way/75483843",
        "access": "private",
        "building": "yes",
        "castle_type": "castle",
        "historic": "castle",
        "name": "Drummuir Castle",
        "website": "http://www.drummuircastle.com/",
        "@geometry": "center"
      },
      "geometry": {
        "type": "Point",
        "coordinates": [
          -3.0499509,
          57.482832
        ]
      },
      "id": "way/75483843"
    },
    {
      "type": "Feature",
      "properties": {
        "@id": "way/75739303",
        "addr:city": "Tamworth",
        "addr:postcode": "B79 7NA",
        "building": "yes",
        "historic": "castle",
        "name": "Tamworth Castle",
        "ref:GB:uprn": "394030236",
        "source": "OS_OpenData_StreetView",
        "url": "https://www.tamworthcastle.co.uk",
        "wikidata": "Q7681908",
        "wikimedia_commons": "Category:Tamworth_Castle",
        "wikipedia": "en:Tamworth Castle",
        "@geometry": "center"
      },
      "geometry": {
        "type": "Point",
        "coordinates": [
          -1.6967464,
          52.6326052
        ]
      },
      "id": "way/75739303"
    },
    {
      "type": "Feature",
      "properties": {
        "@id": "way/79058112",
        "access": "permit",
        "castle_type": "castle",
        "historic": "castle",
        "historic:civilization": "medieval",
        "name": "Waytemore Castle (remains)",
        "ruins": "castle",
        "toilets:wheelchair": "no",
        "wheelchair": "no",
        "wikidata": "Q4917439",
        "wikipedia": "en:Waytemore Castle",
        "@geometry": "center"
      },
      "geometry": {
        "type": "Point",
        "coordinates": [
          0.1629384,
          51.8719428
        ]
      },
      "id": "way/79058112"
    },
    {
      "type": "Feature",
      "properties": {
        "@id": "way/80331439",
        "handrail": "yes",
        "highway": "steps",
        "historic": "castle",
        "incline": "down",
        "name": "Castell Coch",
        "ramp": "no",
        "source": "Walking the perimiter with GPS (was local knowledge)",
        "surface": "rock",
        "@geometry": "center"
      },
      "geometry": {
        "type": "Point",
        "coordinates": [
          -3.2543844,
          51.5358102
        ]
      },
      "id": "way/80331439"
    },
    {
      "type": "Feature",
      "properties": {
        "@id": "way/81522967",
        "HE_ref": "1121383",
        "building": "university",
        "castle_type": "defensive",
        "college": "University College",
        "heritage": "1",
        "heritage:operator": "whc",
        "heritage:website": "http://whc.unesco.org/en/list/370",
        "historic": "castle",
        "listed_status": "Grade I",
        "name": "Durham Castle",
        "name:ar": "قلعة دورهام",
        "name:be": "Дарэмскі замак",
        "name:bg": "Дърамски замък",
        "name:ca": "Castell de Durham",
        "name:cs": "Durhamský hrad",
        "name:eo": "Kastelo de Durham",
        "name:es": "Castillo de Durham",
        "name:eu": "Durhamgo gaztelua",
        "name:fa": "قلعه دورام",
        "name:fi": "Durhamin linna",
        "name:fr": "Château de Durham",
        "name:ga": "Caisleán Durham",
        "name:gl": "Castelo de Durham",
        "name:he": "טירת דרהאם",
        "name:hr": "Dvorac Durham",
        "name:hu": "Durhami vár",
        "name:ja": "ダラム城",
        "name:ka": "დარემის ციხესიმაგრე",
        "name:ko": "더럼 성",
        "name:lv": "Daremas pils",
        "name:pl": "Zamek w Durham",
        "name:pt": "Castelo de Durham",
        "name:ru": "Даремский замок",
        "name:sv": "Durhams slott",
        "name:th": "ปราสาทเดอรัม",
        "name:uk": "Даремський замок",
        "name:vi": "Lâu đài Durham",
        "name:zh": "达勒姆城堡",
        "ref:whc": "370",
        "whc:criteria": "(ii)(iv)(vi)",
        "whc:inscription_date": "1986",
        "wikidata": "Q752266",
        "wikimedia_commons": "File:Durham Castle, April 2017 (14) (33459522640).jpg",
        "wikipedia": "en:Durham Castle",
        "@geometry": "center"
      },
      "geometry": {
        "type": "Point",
        "coordinates": [
          -1.5764123,
          54.7755012
        ]
      },
      "id": "way/81522967"
    },
    {
      "type": "Feature",
      "properties": {
        "@id": "way/83156108",
        "building": "yes",
        "castle_type": "defensive",
        "fee": "yes",
        "historic": "castle",
        "name": "Tonbridge Castle Gatehouse",
        "source:building": "OS_OpenData_StreetView",
        "tourism": "museum",
        "website": "https://www.tonbridgecastle.org/",
        "wikidata": "Q7820768",
        "wikipedia": "en:Tonbridge Castle",
        "@geometry": "center"
      },
      "geometry": {
        "type": "Point",
        "coordinates": [
          0.2739024,
          51.1965169
        ]
      },
      "id": "way/83156108"
    },
    {
      "type": "Feature",
      "properties": {
        "@id": "way/85665418",
        "building": "yes",
        "castle_type": "palace",
        "historic": "castle",
        "name": "The Bishop's Palace",
        "source": "visual survey;OS_OpenData_StreetView, Bing",
        "wikidata": "Q4917433",
        "wikipedia": "en:Bishop's Palace, Wells",
        "@geometry": "center"
      },
      "geometry": {
        "type": "Point",
        "coordinates": [
          -2.6425519,
          51.2092918
        ]
      },
      "id": "way/85665418"
    },
    {
      "type": "Feature",
      "properties": {
        "@id": "way/86222492",
        "historic": "castle",
        "name": "Strathaven Castle",
        "note": "estimated",
        "ruins": "yes",
        "wikidata": "Q2899116",
        "@geometry": "center"
      },
      "geometry": {
        "type": "Point",
        "coordinates": [
          -4.0630227,
          55.6760064
        ]
      },
      "id": "way/86222492"
    },
    {
      "type": "Feature",
      "properties": {
        "@id": "way/86345387",
        "addr:postcode": "DT9 5NR",
        "building": "yes",
        "email": "Enquiries@sherbornecastle.com",
        "historic": "castle",
        "name": "Sherborne Castle",
        "phone": "+44 1935 812072",
        "website": "https://www.sherbornecastle.com/",
        "wheelchair": "limited",
        "wikidata": "Q2970700",
        "@geometry": "center"
      },
      "geometry": {
        "type": "Point",
        "coordinates": [
          -2.5007491,
          50.9460145
        ]
      },
      "id": "way/86345387"
    },
    {
      "type": "Feature",
      "properties": {
        "@id": "way/86355465",
        "addr:country": "GB",
        "addr:postcode": "DT9 3SA",
        "castle_type": "defensive",
        "email": "customers@english-heritage.org.uk",
        "historic": "castle",
        "name": "Sherborne Old Castle",
        "operator": "English Heritage",
        "phone": "+44 870 333 1181",
        "ruins": "yes",
        "website": "https://www.english-heritage.org.uk/visit/places/sherborne-old-castle/",
        "wheelchair": "no",
        "wikidata": "Q17532356",
        "@geometry": "center"
      },
      "geometry": {
        "type": "Point",
        "coordinates": [
          -2.5019095,
          50.9495852
        ]
      },
      "id": "way/86355465"
    },
    {
      "type": "Feature",
      "properties": {
        "@id": "way/88313263",
        "building": "yes",
        "castle_type": "defensive",
        "heritage:operator": "Historic Environment Scotland",
        "heritage:website": "https://portal.historicenvironment.scot/designation/LB3262",
        "historic": "castle",
        "listed_status": "Category A",
        "name": "Crathes Castle",
        "name:es": "Castillo de Crathes",
        "name:fr": "Château de Crathes",
        "name:it": "Castello di Crathes",
        "name:pt": "Castelo de Crathes",
        "operator": "National Trust for Scotland",
        "ref:GB:hs": "LB3262",
        "source": "Bing",
        "tourism": "attraction",
        "website": "https://www.nts.org.uk/Property/Crathes-Castle-Garden-and-Estate/",
        "wikidata": "Q2748806",
        "wikipedia": "en:Crathes Castle",
        "@geometry": "center"
      },
      "geometry": {
        "type": "Point",
        "coordinates": [
          -2.4397878,
          57.0614974
        ]
      },
      "id": "way/88313263"
    },
    {
      "type": "Feature",
      "properties": {
        "@id": "way/88379287",
        "alt_name": "Pile of Fouldrey",
        "historic": "castle",
        "name": "Piel Castle",
        "website": "https://www.english-heritage.org.uk/visit/places/piel-castle/",
        "wikidata": "Q2970220",
        "wikipedia": "en:Piel Castle",
        "@geometry": "center"
      },
      "geometry": {
        "type": "Point",
        "coordinates": [
          -3.1736441,
          54.0625905
        ]
      },
      "id": "way/88379287"
    },
    {
      "type": "Feature",
      "properties": {
        "@id": "way/88916983",
        "building": "yes",
        "historic": "castle",
        "name": "Caer y Belan",
        "name:cy": "Caer y Belan",
        "name:en": "Fort Belan",
        "source": "Bing",
        "wikidata": "Q3399299",
        "wikipedia": "en:Fort Belan",
        "@geometry": "center"
      },
      "geometry": {
        "type": "Point",
        "coordinates": [
          -4.3321933,
          53.1226938
        ]
      },
      "id": "way/88916983"
    },
    {
      "type": "Feature",
      "properties": {
        "@id": "way/89616909",
        "building": "castle",
        "castle_type": "defensive",
        "fee": "no",
        "historic": "castle",
        "name": "Pendragon Castle",
        "name:ru": "Замок Бро",
        "opening_hours": "24/7",
        "ruins": "yes",
        "source": "bing",
        "tourism": "attraction",
        "wikidata": "Q15265868",
        "wikipedia": "en:Pendragon Castle",
        "@geometry": "center"
      },
      "geometry": {
        "type": "Point",
        "coordinates": [
          -2.3377947,
          54.4186647
        ]
      },
      "id": "way/89616909"
    },
    {
      "type": "Feature",
      "properties": {
        "@id": "way/89952625",
        "building": "yes",
        "castle_type": "manor",
        "historic": "castle",
        "name": "Kinpurnie Castle",
        "source": "OS_OpenData_StreetView",
        "@geometry": "center"
      },
      "geometry": {
        "type": "Point",
        "coordinates": [
          -3.1650738,
          56.5513514
        ]
      },
      "id": "way/89952625"
    },
    {
      "type": "Feature",
      "properties": {
        "@id": "way/90370065",
        "building": "yes",
        "historic": "castle",
        "name": "Dinefwr Castle",
        "name:cy": "Castell Dinefwr",
        "ruins": "yes",
        "tourism": "attraction",
        "wikidata": "Q2713117",
        "wikipedia": "en:Dinefwr Castle",
        "@geometry": "center"
      },
      "geometry": {
        "type": "Point",
        "coordinates": [
          -4.0184953,
          51.8768124
        ]
      },
      "id": "way/90370065"
    },
    {
      "type": "Feature",
      "properties": {
        "@id": "way/90640062",
        "barrier": "wall",
        "building": "yes",
        "castle_type": "defensive",
        "fee": "yes",
        "heritage": "yes",
        "historic": "castle",
        "name": "Maclellan's Castle",
        "name:de": "MacLellan’s Castle",
        "name:es": "Castillo de MacLellan",
        "name:eu": "MacLellandarren gaztelua",
        "name:nl": "MacLellan's Castle",
        "name:pt": "Castelo dos MacLellan",
        "opening_hours": "Mo-Su 09:30-17:30; Oct-Mar off",
        "operator": "Historic Scotland",
        "phone": "+44 1557 331 856",
        "ruins": "yes",
        "tourism": "attraction",
        "wall": "castle_wall",
        "website": "http://www.historic-scotland.gov.uk/index/places/propertyresults/propertyoverview.htm?PropID=PL_204",
        "wikidata": "Q6722014",
        "wikipedia": "en:MacLellan's Castle",
        "@geometry": "center"
      },
      "geometry": {
        "type": "Point",
        "coordinates": [
          -4.0530591,
          54.8370815
        ]
      },
      "id": "way/90640062"
    },
    {
      "type": "Feature",
      "properties": {
        "@id": "way/91888555",
        "addr:city": "York",
        "addr:postcode": "YO1 9AF",
        "addr:street": "Piccadilly",
        "building": "yes",
        "building:levels": "2",
        "historic": "castle",
        "listed_status": "Grade I",
        "name": "Fishergate Postern Tower",
        "ref:GB:uprn": "200004769476",
        "roof:shape": "hipped",
        "wikidata": "Q101070586",
        "@geometry": "center"
      },
      "geometry": {
        "type": "Point",
        "coordinates": [
          -1.076819,
          53.954427
        ]
      },
      "id": "way/91888555"
    },
    {
      "type": "Feature",
      "properties": {
        "@id": "way/91964590",
        "addr:city": "Newcastle upon Tyne",
        "addr:country": "GB",
        "addr:postcode": "NE1 1RQ",
        "addr:street": "Castle Garth",
        "building": "yes",
        "building:material": "stone",
        "castle_type": "defensive",
        "description": "12th century castle keep",
        "heritage": "2",
        "heritage:operator": "Historic England",
        "historic": "castle",
        "listed_status": "Grade I",
        "name": "Newcastle Castle - Keep",
        "start_date": "1177",
        "wheelchair": "limited",
        "wheelchair:description": "Only the Gaol is Wheelchair Accessible",
        "@geometry": "center"
      },
      "geometry": {
        "type": "Point",
        "coordinates": [
          -1.6103829,
          54.9688321
        ]
      },
      "id": "way/91964590"
    },
    {
      "type": "Feature",
      "properties": {
        "@id": "way/92729166",
        "building": "castle",
        "castle_type": "fortress",
        "historic": "castle",
        "name": "Round Tower",
        "name:de": "Runder Turm",
        "name:en": "Round Tower",
        "ref:GB:uprn": "10012312921;100081054679",
        "source": "Bing",
        "tower:construction": "stone",
        "wikidata": "Q138769362",
        "@geometry": "center"
      },
      "geometry": {
        "type": "Point",
        "coordinates": [
          -0.604382,
          51.4839281
        ]
      },
      "id": "way/92729166"
    },
    {
      "type": "Feature",
      "properties": {
        "@id": "way/93046910",
        "area": "yes",
        "barrier": "retaining_wall",
        "castle_type": "defensive",
        "historic": "castle",
        "name": "The Citadel",
        "operator": "Dover Citadel Ltd",
        "source": "Bing",
        "@geometry": "center"
      },
      "geometry": {
        "type": "Point",
        "coordinates": [
          1.2969937,
          51.1177785
        ]
      },
      "id": "way/93046910"
    },
    {
      "type": "Feature",
      "properties": {
        "@id": "way/93329256",
        "building": "yes",
        "castle_type": "stately",
        "historic": "castle",
        "name": "Calder House",
        "source": "Bing",
        "wikidata": "Q15790822",
        "wikipedia": "en:Calder House",
        "@geometry": "center"
      },
      "geometry": {
        "type": "Point",
        "coordinates": [
          -3.4844086,
          55.8894374
        ]
      },
      "id": "way/93329256"
    },
    {
      "type": "Feature",
      "properties": {
        "@id": "way/93648604",
        "castle_type": "fortress",
        "historic": "castle",
        "name": "Sandgate Castle",
        "source": "Bing",
        "start_date": "1539",
        "start_date:source": "sign outside",
        "tourism": "attraction",
        "wikidata": "Q3028291",
        "wikipedia": "en:Sandgate Castle",
        "@geometry": "center"
      },
      "geometry": {
        "type": "Point",
        "coordinates": [
          1.1488136,
          51.0735328
        ]
      },
      "id": "way/93648604"
    },
    {
      "type": "Feature",
      "properties": {
        "@id": "way/95070727",
        "accessibility": "Accessible to walls by publicily-accessible footpath. Inner access dangerous and forbidden.",
        "building": "ruins",
        "castle_type": "defensive",
        "description": "C14th castle build by by Sir William De Aldeburgh and occupied until about 1600.",
        "historic": "castle",
        "listed_status": "Grade I",
        "name": "Harewood Castle",
        "ruins": "yes",
        "visibility": "Roof-level fairly complete outer structure. Need to get close as now surrounded by tall trees.",
        "wikidata": "Q5656954",
        "wikipedia": "en:Harewood Castle",
        "@geometry": "center"
      },
      "geometry": {
        "type": "Point",
        "coordinates": [
          -1.5116158,
          53.9059214
        ]
      },
      "id": "way/95070727"
    },
    {
      "type": "Feature",
      "properties": {
        "@id": "way/95403114",
        "castle_type": "defensive",
        "historic": "castle",
        "historic:civilization": "medieval",
        "name": "Bishop's Castle (remains)",
        "source": "OS_Opendata",
        "@geometry": "center"
      },
      "geometry": {
        "type": "Point",
        "coordinates": [
          -2.9984254,
          52.4954292
        ]
      },
      "id": "way/95403114"
    },
    {
      "type": "Feature",
      "properties": {
        "@id": "way/95522700",
        "building": "yes",
        "castle_type": "manor",
        "historic": "castle",
        "name": "Compton Castle",
        "name:pl": "Zamek Compton",
        "name:ru": "Замок Комптон",
        "operator": "National Trust",
        "source": "Bing",
        "tourism": "attraction",
        "wikidata": "Q746423",
        "wikipedia": "en:Compton Castle",
        "@geometry": "center"
      },
      "geometry": {
        "type": "Point",
        "coordinates": [
          -3.6002655,
          50.4724931
        ]
      },
      "id": "way/95522700"
    },
    {
      "type": "Feature",
      "properties": {
        "@id": "way/96311692",
        "barrier": "wall",
        "castle_type": "stately",
        "fee": "yes",
        "historic": "castle",
        "listed_status": "Grade I",
        "name": "Ripley Castle",
        "tourism": "attraction",
        "website": "https://www.ripleycastle.co.uk/",
        "wheelchair": "limited",
        "wikidata": "Q7335614",
        "wikipedia": "en:Ripley Castle",
        "@geometry": "center"
      },
      "geometry": {
        "type": "Point",
        "coordinates": [
          -1.5701338,
          54.0402657
        ]
      },
      "id": "way/96311692"
    },
    {
      "type": "Feature",
      "properties": {
        "@id": "way/97013751",
        "access": "private",
        "building": "yes",
        "historic": "castle",
        "historic:civilization": "medieval",
        "name": "Hean Castle",
        "@geometry": "center"
      },
      "geometry": {
        "type": "Point",
        "coordinates": [
          -4.6968594,
          51.7216006
        ]
      },
      "id": "way/97013751"
    },
    {
      "type": "Feature",
      "properties": {
        "@id": "way/97565114",
        "addr:city": "Dundee",
        "addr:postcode": "DD4 9BX",
        "addr:street": "Mains Loan",
        "alt_name": "Flintry Castle",
        "building": "yes",
        "castle_type": "defensive",
        "historic": "castle",
        "name": "Mains Castle",
        "name:eu": "Mains gaztelua",
        "name:pt": "Castelo Mains",
        "ref:GB:uprn": "9059088938;9059084897",
        "start_date": "1562",
        "tourism": "attraction",
        "website": "https://www.mainscastle.co.uk/",
        "wikidata": "Q11838974",
        "wikipedia": "en:Mains Castle",
        "@geometry": "center"
      },
      "geometry": {
        "type": "Point",
        "coordinates": [
          -2.958126,
          56.4854949
        ]
      },
      "id": "way/97565114"
    },
    {
      "type": "Feature",
      "properties": {
        "@id": "way/97610390",
        "building": "yes",
        "historic": "castle",
        "name": "Airth Castle",
        "@geometry": "center"
      },
      "geometry": {
        "type": "Point",
        "coordinates": [
          -3.7682224,
          56.0616765
        ]
      },
      "id": "way/97610390"
    },
    {
      "type": "Feature",
      "properties": {
        "@id": "way/98325444",
        "castle_type": "defensive",
        "historic": "castle",
        "name": "Chartley Castle",
        "name:fr": "Château de Chartley",
        "ruins": "yes",
        "source": "Bing",
        "tourism": "attraction",
        "wikidata": "Q5086927",
        "wikipedia": "en:Chartley Castle",
        "@geometry": "center"
      },
      "geometry": {
        "type": "Point",
        "coordinates": [
          -1.9857759,
          52.8539738
        ]
      },
      "id": "way/98325444"
    },
    {
      "type": "Feature",
      "properties": {
        "@id": "way/98737124",
        "building": "yes",
        "historic": "castle",
        "name": "Falkland Palace",
        "name:gd": "Lùchairt Fhàclann",
        "operator": "National Trust for Scotland",
        "toilets:wheelchair": "yes",
        "wheelchair": "yes",
        "wikidata": "Q565345",
        "wikipedia": "en:Falkland Palace",
        "@geometry": "center"
      },
      "geometry": {
        "type": "Point",
        "coordinates": [
          -3.2064727,
          56.253893
        ]
      },
      "id": "way/98737124"
    },
    {
      "type": "Feature",
      "properties": {
        "@id": "way/99207708",
        "addr:city": "Anstruther",
        "addr:postcode": "KY10 2RF",
        "building": "yes",
        "castle_type": "defensive",
        "historic": "castle",
        "name": "Kellie Castle",
        "name:eu": "Kellie gaztelua",
        "name:pt": "Castelo de Kellie",
        "name:ru": "Замок Келли",
        "operator": "National Trust for Scotland",
        "ref:GB:uprn": "320175935",
        "tourism": "attraction",
        "website": "https://www.nts.org.uk/Property/38/",
        "wikidata": "Q4185834",
        "wikipedia": "en:Kellie Castle",
        "@geometry": "center"
      },
      "geometry": {
        "type": "Point",
        "coordinates": [
          -2.7758942,
          56.2372007
        ]
      },
      "id": "way/99207708"
    },
    {
      "type": "Feature",
      "properties": {
        "@id": "way/99210541",
        "building": "yes",
        "historic": "castle",
        "name": "Balloch Castle",
        "name:cs": "Zámek Balloch",
        "wikidata": "Q3299192",
        "@geometry": "center"
      },
      "geometry": {
        "type": "Point",
        "coordinates": [
          -4.5835859,
          56.0130168
        ]
      },
      "id": "way/99210541"
    },
    {
      "type": "Feature",
      "properties": {
        "@id": "way/99358938",
        "historic": "castle",
        "@geometry": "center"
      },
      "geometry": {
        "type": "Point",
        "coordinates": [
          -2.3408239,
          53.0174336
        ]
      },
      "id": "way/99358938"
    },
    {
      "type": "Feature",
      "properties": {
        "@id": "way/99412588",
        "building": "yes",
        "historic": "castle",
        "name": "Craigievar Castle",
        "name:es": "Castillo de Craigievar",
        "name:fr": "Château de Craigievar",
        "name:pt": "Castelo de Craigievar",
        "name:ru": "Замок Крэгивар",
        "name:sr": "Крејгивар",
        "name:uk": "Замок Крегівар",
        "operator": "Natonal Trust for Scotland",
        "ref:canmore": "346780;346782",
        "tourism": "attraction",
        "website": "https://www.nts.org.uk/Property/Craigievar-Castle/",
        "wikidata": "Q1138741",
        "wikipedia": "en:Craigievar Castle",
        "@geometry": "center"
      },
      "geometry": {
        "type": "Point",
        "coordinates": [
          -2.7181382,
          57.1741658
        ]
      },
      "id": "way/99412588"
    },
    {
      "type": "Feature",
      "properties": {
        "@id": "way/99525492",
        "access": "private",
        "historic": "castle",
        "name": "Peppercombe Castle",
        "@geometry": "center"
      },
      "geometry": {
        "type": "Point",
        "coordinates": [
          -4.3087753,
          50.9940929
        ]
      },
      "id": "way/99525492"
    },
    {
      "type": "Feature",
      "properties": {
        "@id": "way/99557837",
        "historic": "castle",
        "name": "Barr Castle",
        "ruins": "yes",
        "source": "Local Knowledge, Bing",
        "wikidata": "Q4863107",
        "wikipedia": "en:Lochwinnoch",
        "@geometry": "center"
      },
      "geometry": {
        "type": "Point",
        "coordinates": [
          -4.6381274,
          55.7883293
        ]
      },
      "id": "way/99557837"
    },
    {
      "type": "Feature",
      "properties": {
        "@id": "way/99768856",
        "castle_type": "defensive",
        "historic": "castle",
        "listed_status": "Grade I",
        "name": "Middleham Castle",
        "name:ar": "قلعة ميدلهام",
        "name:eo": "Kastelo Middleham",
        "name:fr": "Château de Middleham",
        "name:it": "Castello di Middleham",
        "name:ja": "ミドルハム城",
        "name:ms": "Istana kota Middleham",
        "name:zh": "米德爾赫姆城堡",
        "operator": "English Heritage",
        "ruins": "yes",
        "tourism": "attraction",
        "website": "https://www.english-heritage.org.uk/visit/places/middleham-castle/",
        "wikidata": "Q2705370",
        "wikipedia": "en:Middleham Castle",
        "@geometry": "center"
      },
      "geometry": {
        "type": "Point",
        "coordinates": [
          -1.8068913,
          54.2840918
        ]
      },
      "id": "way/99768856"
    },
    {
      "type": "Feature",
      "properties": {
        "@id": "way/100365047",
        "access": "private",
        "building": "yes",
        "historic": "castle",
        "name": "Boturich Castle",
        "website": "https://www.boturich.co.uk/",
        "wikidata": "Q17848841",
        "@geometry": "center"
      },
      "geometry": {
        "type": "Point",
        "coordinates": [
          -4.5888058,
          56.0267778
        ]
      },
      "id": "way/100365047"
    },
    {
      "type": "Feature",
      "properties": {
        "@id": "way/100542995",
        "addr:postcode": "FK8 1EJ",
        "addr:street": "Castle Esplanade",
        "castle_type": "fortress",
        "historic": "castle",
        "name": "Stirling Castle",
        "name:zh": "斯特灵城堡",
        "opening_hours": "Mo-Su 09:30-17:00",
        "phone": "+44 1786 450000",
        "source": "local_knowledge",
        "tourism": "attraction",
        "url": "http://www.historic-scotland.gov.uk/propertyresults/propertyplan.htm?PropID=PL_275&PropName=Stirling%20Castle",
        "website": "https://www.stirlingcastle.scot",
        "wheelchair": "limited",
        "wikidata": "Q756268",
        "wikipedia": "en:Stirling Castle",
        "@geometry": "center"
      },
      "geometry": {
        "type": "Point",
        "coordinates": [
          -3.9479194,
          56.1240782
        ]
      },
      "id": "way/100542995"
    },
    {
      "type": "Feature",
      "properties": {
        "@id": "way/100657492",
        "addr:city": "Dumbarton",
        "addr:housename": "Dumbarton Castle",
        "addr:postcode": "G82 1JJ",
        "addr:street": "Castle Road",
        "castle_type": "defensive",
        "historic": "castle",
        "name": "Dumbarton Castle",
        "name:be": "Замак Дамбартан",
        "name:br": "Alt Clut",
        "name:ca": "Castell de Dumbarton",
        "name:cy": "Castell Dumbarton",
        "name:es": "Castillo de Dumbarton",
        "name:eu": "Dumbartongo gaztelua",
        "name:fr": "Château de Dumbarton",
        "name:ga": "Caisteal Dhún Bhreatainn",
        "name:gd": "Caisteal Dhùn Bhreatainn",
        "name:it": "Dumbarton Rock",
        "name:pt": "Castelo de Dumbarton",
        "name:ru": "Замок Дамбартон",
        "name:uk": "Замок Дамбартон",
        "operator": "Historic Scotland",
        "phone": "+44 131 6688800",
        "ruins": "yes",
        "tourism": "attraction",
        "website": "http://www.historic-scotland.gov.uk/propertyoverview.htm?PropID=PL_100",
        "wikidata": "Q2177200",
        "wikipedia": "en:Dumbarton Castle",
        "@geometry": "center"
      },
      "geometry": {
        "type": "Point",
        "coordinates": [
          -4.5632627,
          55.9366006
        ]
      },
      "id": "way/100657492"
    },
    {
      "type": "Feature",
      "properties": {
        "@id": "way/101101053",
        "addr:city": "Winchester",
        "addr:country": "GB",
        "addr:housename": "The Great Hall",
        "addr:postcode": "SO23 8UJ",
        "addr:street": "Castle Avenue",
        "building": "yes",
        "fee": "yes",
        "historic": "castle",
        "name": "Great Hall",
        "opening_hours": "10:00-17:00",
        "tourism": "attraction",
        "website": "https://www3.hants.gov.uk/greathall",
        "wikidata": "Q68683802",
        "@geometry": "center"
      },
      "geometry": {
        "type": "Point",
        "coordinates": [
          -1.3197444,
          51.0626298
        ]
      },
      "id": "way/101101053"
    },
    {
      "type": "Feature",
      "properties": {
        "@id": "way/101726501",
        "building": "yes",
        "castle_type": "tower_house",
        "historic": "castle",
        "name": "Coupland Castle",
        "wikidata": "Q5178005",
        "wikipedia": "en:Coupland Castle",
        "@geometry": "center"
      },
      "geometry": {
        "type": "Point",
        "coordinates": [
          -2.1040042,
          55.5741764
        ]
      },
      "id": "way/101726501"
    },
    {
      "type": "Feature",
      "properties": {
        "@id": "way/101933503",
        "barrier": "wall",
        "castle_type": "defensive",
        "historic": "castle",
        "name": "Bothal Castle",
        "wikidata": "Q4948619",
        "wikipedia": "en:Bothal Castle",
        "@geometry": "center"
      },
      "geometry": {
        "type": "Point",
        "coordinates": [
          -1.6248737,
          55.1722538
        ]
      },
      "id": "way/101933503"
    },
    {
      "type": "Feature",
      "properties": {
        "@id": "way/102003555",
        "addr:city": "Winchester",
        "addr:postcode": "SO23 9NB",
        "addr:street": "College Street",
        "alt_name": "Old Bishop's Palace",
        "castle_type": "stately",
        "fee": "no",
        "historic": "castle",
        "historic:civilization": "medieval",
        "name": "Wolvesey Castle",
        "wikidata": "Q8030602",
        "@geometry": "center"
      },
      "geometry": {
        "type": "Point",
        "coordinates": [
          -1.3102311,
          51.0590655
        ]
      },
      "id": "way/102003555"
    },
    {
      "type": "Feature",
      "properties": {
        "@id": "way/102003562",
        "addr:city": "Winchester",
        "addr:street": "College Street",
        "building": "yes",
        "castle_type": "palace",
        "historic": "castle",
        "name": "Bishop's Palace",
        "wikidata": "Q96276762",
        "@geometry": "center"
      },
      "geometry": {
        "type": "Point",
        "coordinates": [
          -1.3106887,
          51.0587764
        ]
      },
      "id": "way/102003562"
    },
    {
      "type": "Feature",
      "properties": {
        "@id": "way/103144682",
        "building": "yes",
        "building:condition": "preserved",
        "castle_type": "palace",
        "check_date:opening_hours": "2024-01-26",
        "fee": "yes",
        "historic": "castle",
        "name": "Floors Castle",
        "name:de": "Floors Castle",
        "name:en": "Floors Castle",
        "name:eu": "Floors gaztelua",
        "name:hy": "Ֆլորզ ամրոց",
        "name:nl": "Floors Castle",
        "name:pl": "Zamek Floors",
        "name:pt": "Castelo Floors",
        "opening_hours": "May 12:00-16:00; Jun-Sep 11:00-16:00",
        "seasonal": "yes",
        "source": "Bing",
        "tourism": "attraction",
        "website": "https://www.floorscastle.com/",
        "wikidata": "Q11838960",
        "wikipedia": "en:Floors Castle",
        "@geometry": "center"
      },
      "geometry": {
        "type": "Point",
        "coordinates": [
          -2.4602622,
          55.6049807
        ]
      },
      "id": "way/103144682"
    },
    {
      "type": "Feature",
      "properties": {
        "@id": "way/104015382",
        "addr:city": "North Shields",
        "addr:country": "GB",
        "addr:postcode": "NE30 4BZ",
        "addr:province": "<different>",
        "addr:street": "Pier Road",
        "fee": "yes",
        "historic": "castle",
        "name": "Tynemouth Priory and Castle",
        "opening_hours": "Mar 28-Sep 30 Mo-Su 10:00-18:00; Oct 01-Nov 01 Mo-Su 10:00-16:00; Nov 02-Feb 14 Mo-Fr off, Sa-Su 10:00-16:00",
        "operator": "English Heritage",
        "source:postcode": "CodePoint Open",
        "tourism": "attraction",
        "website": "https://www.english-heritage.org.uk/visit/places/tynemouth-priory-and-castle/",
        "wikidata": "Q7860523",
        "wikipedia": "en:Tynemouth Castle and Priory",
        "@geometry": "center"
      },
      "geometry": {
        "type": "Point",
        "coordinates": [
          -1.4178484,
          55.0178904
        ]
      },
      "id": "way/104015382"
    },
    {
      "type": "Feature",
      "properties": {
        "@id": "way/104277567",
        "addr:postcode": "KW10 6SF",
        "castle_type": "stately",
        "email": "info@dunrobincastle.co.uk",
        "fee": "yes",
        "heritage:operator": "Historic Environment Scotland",
        "heritage:website": "https://portal.historicenvironment.scot/designation/LB7044",
        "historic": "castle",
        "listed_status": "Category A",
        "name": "Dunrobin Castle",
        "name:ca": "Castell de Dunrobin",
        "name:eu": "Dunrobin gaztelua",
        "name:fr": "Château de Dunrobin",
        "name:ga": "Caisteal Dhún Robain",
        "name:gd": "Caisteal Dhùn Robain",
        "name:pt": "Castelo Dunrobin",
        "name:sr": "Замак Данробин",
        "operator": "Earl of Sutherland, Lord Strathnaver",
        "ref:GB:hs": "LB7044",
        "tourism": "attraction",
        "url": "http://www.dunrobincastle.co.uk/",
        "wikidata": "Q946702",
        "wikipedia": "en:Dunrobin Castle",
        "@geometry": "center"
      },
      "geometry": {
        "type": "Point",
        "coordinates": [
          -3.9454007,
          57.9817466
        ]
      },
      "id": "way/104277567"
    },
    {
      "type": "Feature",
      "properties": {
        "@id": "way/105504530",
        "building": "yes",
        "castle_type": "stately",
        "historic": "castle",
        "name": "Traquair House",
        "source": "Bing",
        "tourism": "attraction",
        "website": "https://www.traquair.co.uk/",
        "wikidata": "Q1307609",
        "wikipedia": "en:Traquair House",
        "@geometry": "center"
      },
      "geometry": {
        "type": "Point",
        "coordinates": [
          -3.0641696,
          55.608278
        ]
      },
      "id": "way/105504530"
    },
    {
      "type": "Feature",
      "properties": {
        "@id": "way/106327986",
        "access": "private",
        "building": "castle",
        "castle_type": "stately",
        "historic": "castle",
        "name": "Beaufort Castle",
        "name:pt": "Castelo de Beaufort",
        "wikidata": "Q2757635",
        "wikipedia": "en:Beaufort Castle, Scotland",
        "@geometry": "center"
      },
      "geometry": {
        "type": "Point",
        "coordinates": [
          -4.490417,
          57.4527919
        ]
      },
      "id": "way/106327986"
    },
    {
      "type": "Feature",
      "properties": {
        "@id": "way/106559938",
        "building": "yes",
        "historic": "castle",
        "name": "Moy Castle",
        "ruins": "yes",
        "wikidata": "Q129460",
        "wikipedia": "en:Moy Castle",
        "@geometry": "center"
      },
      "geometry": {
        "type": "Point",
        "coordinates": [
          -5.8592287,
          56.3549182
        ]
      },
      "id": "way/106559938"
    },
    {
      "type": "Feature",
      "properties": {
        "@id": "way/106967186",
        "building": "yes",
        "castle_type": "stately",
        "historic": "castle",
        "listed_status": "Grade II*",
        "name": "Elvaston Castle",
        "source:listed_status": "English Heritage",
        "wikidata": "Q5367993",
        "wikipedia": "en:Elvaston Castle",
        "@geometry": "center"
      },
      "geometry": {
        "type": "Point",
        "coordinates": [
          -1.3952902,
          52.8929796
        ]
      },
      "id": "way/106967186"
    },
    {
      "type": "Feature",
      "properties": {
        "@id": "way/107295705",
        "building": "yes",
        "castle_type": "defensive",
        "historic": "castle",
        "name": "Neidpath Castle",
        "name:es": "Castillo de Neidpath",
        "name:eu": "Neidpath gaztelua",
        "name:pt": "Castelo Neidpath",
        "operator": "The Wemyss family",
        "tourism": "attraction",
        "website": "https://www.neidpathcastle.com/",
        "wikidata": "Q9704508",
        "wikipedia": "en:Neidpath Castle",
        "@geometry": "center"
      },
      "geometry": {
        "type": "Point",
        "coordinates": [
          -3.2155182,
          55.6519082
        ]
      },
      "id": "way/107295705"
    },
    {
      "type": "Feature",
      "properties": {
        "@id": "way/107429705",
        "building": "yes",
        "historic": "castle",
        "listed_status": "Grade II*",
        "name": "Mulgrave Castle",
        "source:name": "OS_OpenData_StreetView",
        "wikidata": "Q17540917",
        "@geometry": "center"
      },
      "geometry": {
        "type": "Point",
        "coordinates": [
          -0.6922993,
          54.5013008
        ]
      },
      "id": "way/107429705"
    },
    {
      "type": "Feature",
      "properties": {
        "@id": "way/108538775",
        "addr:city": "Yarmouth",
        "addr:country": "GB",
        "addr:postcode": "PO41 0PB",
        "addr:street": "Quay Street",
        "building": "yes",
        "fhrs:id": "540786",
        "historic": "castle",
        "name": "Yarmouth Castle",
        "opening_hours": "Apr-Oct: Mo-Su,PH 11:00-16:00",
        "operator": "English Heritage",
        "source:addr": "FHRS Open Data",
        "wikidata": "Q8049393",
        "wikimedia_commons": "Category:Yarmouth Castle",
        "@geometry": "center"
      },
      "geometry": {
        "type": "Point",
        "coordinates": [
          -1.5001772,
          50.7066774
        ]
      },
      "id": "way/108538775"
    },
    {
      "type": "Feature",
      "properties": {
        "@id": "way/108868151",
        "HE_ref": "1215317",
        "addr:city": "Lincoln",
        "addr:country": "GB",
        "addr:housename": "Tattershall Castle",
        "addr:postcode": "LN4 4LR",
        "addr:street": "Sleaford Road",
        "addr:suburb": "Tattershall",
        "building": "yes",
        "castle_type": "stately",
        "email": "tattershallcastle@nationaltrust.org.uk",
        "heritage": "2",
        "heritage:operator": "English Heritage",
        "historic": "castle",
        "historic:civilization": "middle-ages_(1600s)",
        "listed_status": "Grade I",
        "name": "Tattershall Castle",
        "name:bg": "Татършал",
        "name:eo": "Kastelo Tattershall",
        "name:fr": "Château de Tattershall",
        "name:ms": "Istana kota Tattershall",
        "name:ru": "Замок Таттершолл",
        "name:zh": "塔特歇爾城堡",
        "operator": "National Trust",
        "phone": "+44 1526 342543",
        "ref:GB:uprn": "100032085420",
        "source": "Bing",
        "tourism": "attraction",
        "website": "https://www.nationaltrust.org.uk/tattershall-castle",
        "wikidata": "Q2628361",
        "wikipedia": "en:Tattershall Castle, Lincolnshire",
        "@geometry": "center"
      },
      "geometry": {
        "type": "Point",
        "coordinates": [
          -0.1934235,
          53.1013546
        ]
      },
      "id": "way/108868151"
    },
    {
      "type": "Feature",
      "properties": {
        "@id": "way/109371387",
        "addr:city": "Farleigh Hungerford",
        "addr:country": "GB",
        "addr:postcode": "BA2 7RS",
        "castle_type": "defensive",
        "historic": "castle",
        "name": "Farleigh Hungerford Castle",
        "operator": "English Heritage",
        "ruins": "yes",
        "tourism": "attraction",
        "website": "https://www.english-heritage.org.uk/visit/places/farleigh-hungerford-castle/",
        "wheelchair": "no",
        "wikidata": "Q5435410",
        "@geometry": "center"
      },
      "geometry": {
        "type": "Point",
        "coordinates": [
          -2.2866483,
          51.3174844
        ]
      },
      "id": "way/109371387"
    },
    {
      "type": "Feature",
      "properties": {
        "@id": "way/111325342",
        "building": "yes",
        "castle_type": "manor",
        "contact:website": "https://www.nationaltrust.org.uk/barrington-court",
        "historic": "castle",
        "name": "Barrington Court",
        "operator": "National Trust",
        "tourism": "attraction",
        "wikidata": "Q4863658",
        "wikipedia": "en:Barrington Court",
        "@geometry": "center"
      },
      "geometry": {
        "type": "Point",
        "coordinates": [
          -2.8583542,
          50.9607725
        ]
      },
      "id": "way/111325342"
    },
    {
      "type": "Feature",
      "properties": {
        "@id": "way/111529136",
        "addr:city": "Perth",
        "addr:place": "Rhynd",
        "addr:postcode": "PH2 8QQ",
        "building": "yes",
        "historic": "castle",
        "name": "Elcho Castle",
        "website": "https://www.historicenvironment.scot/visit-a-place/places/elcho-castle/",
        "wikidata": "Q2049209",
        "wikipedia": "en:Elcho Castle",
        "@geometry": "center"
      },
      "geometry": {
        "type": "Point",
        "coordinates": [
          -3.354573,
          56.3746118
        ]
      },
      "id": "way/111529136"
    },
    {
      "type": "Feature",
      "properties": {
        "@id": "way/111866467",
        "building": "yes",
        "building:colour": "yellow",
        "castle_type": "stately",
        "height": "9",
        "historic": "castle",
        "name": "Highclere Castle",
        "name:zh": "海克利尔城堡",
        "source": "Bing satellite image trace",
        "wikidata": "Q1508450",
        "wikipedia": "en:Highclere Castle",
        "@geometry": "center"
      },
      "geometry": {
        "type": "Point",
        "coordinates": [
          -1.3605873,
          51.3265947
        ]
      },
      "id": "way/111866467"
    },
    {
      "type": "Feature",
      "properties": {
        "@id": "way/111872187",
        "alt_name": "The Blockhouse",
        "building": "yes",
        "historic": "ruins",
        "historic:era": "tudor",
        "name": "Polruan Castle",
        "ruins": "castle",
        "wikidata": "Q17361895",
        "@geometry": "center"
      },
      "geometry": {
        "type": "Point",
        "coordinates": [
          -4.6380878,
          50.3297324
        ]
      },
      "id": "way/111872187"
    },
    {
      "type": "Feature",
      "properties": {
        "@id": "way/112670878",
        "building": "yes",
        "castle_type": "defensive",
        "designation": "Monument in State Care",
        "historic": "castle",
        "historic:civilization": "medieval",
        "name": "Greencastle",
        "ref:nismr": "DOW 057:003",
        "start_date": "1250-01-01",
        "website": "https://www.communities-ni.gov.uk/heritage-sites/greencastle",
        "wikidata": "Q5603788",
        "wikimedia_commons": "Category:Greencastle Castle, County Down",
        "wikipedia": "de:Greencastle (County Down)",
        "@geometry": "center"
      },
      "geometry": {
        "type": "Point",
        "coordinates": [
          -6.0971666,
          54.0409552
        ]
      },
      "id": "way/112670878"
    },
    {
      "type": "Feature",
      "properties": {
        "@id": "way/113526328",
        "access": "yes",
        "building": "public",
        "castle_type": "defensive",
        "historic": "castle",
        "historic:civilization": "medieval",
        "name": "Bagenal's Castle",
        "wikidata": "Q30970510",
        "wikimedia_commons": "Category:Bagenal's Castle, Newry",
        "wikipedia": "en:Bagenal's Castle",
        "@geometry": "center"
      },
      "geometry": {
        "type": "Point",
        "coordinates": [
          -6.3358714,
          54.1729909
        ]
      },
      "id": "way/113526328"
    },
    {
      "type": "Feature",
      "properties": {
        "@id": "way/114447428",
        "building": "yes",
        "historic": "castle",
        "name": "Beckington Castle",
        "wikidata": "Q813726",
        "wikipedia": "en:Beckington Castle",
        "@geometry": "center"
      },
      "geometry": {
        "type": "Point",
        "coordinates": [
          -2.2880366,
          51.2622667
        ]
      },
      "id": "way/114447428"
    },
    {
      "type": "Feature",
      "properties": {
        "@id": "way/114807110",
        "access": "yes",
        "castle_type": "fortress",
        "historic": "castle",
        "name": "Fishguard Fort",
        "source": "Bing+local_knowledge",
        "@geometry": "center"
      },
      "geometry": {
        "type": "Point",
        "coordinates": [
          -4.9701725,
          52.0011211
        ]
      },
      "id": "way/114807110"
    },
    {
      "type": "Feature",
      "properties": {
        "@id": "way/114814101",
        "addr:city": "Cheltenham",
        "addr:country": "GB",
        "addr:postcode": "GL54 5JD",
        "building": "yes",
        "castle_type": "stately",
        "historic": "castle",
        "historic:civilization": "tudor",
        "is_in": "Glousestershire",
        "name": "Sudeley Castle",
        "source:geometry": "Bing",
        "wikidata": "Q631473",
        "wikipedia": "en:Sudeley Castle",
        "@geometry": "center"
      },
      "geometry": {
        "type": "Point",
        "coordinates": [
          -1.9561072,
          51.9473632
        ]
      },
      "id": "way/114814101"
    },
    {
      "type": "Feature",
      "properties": {
        "@id": "way/115568681",
        "building": "yes",
        "historic": "castle",
        "name": "Glen House",
        "wikidata": "Q17571951",
        "wikipedia": "en:The Glen, Scottish Borders",
        "@geometry": "center"
      },
      "geometry": {
        "type": "Point",
        "coordinates": [
          -3.1152632,
          55.5859594
        ]
      },
      "id": "way/115568681"
    },
    {
      "type": "Feature",
      "properties": {
        "@id": "way/116946923",
        "access": "yes",
        "alt_name:en": "Pomfret Castle",
        "castle_type": "defensive",
        "he:inscription_date": "1957-04-03",
        "heritage": "2",
        "heritage:operator": "Historic England",
        "heritage:website": "https://historicengland.org.uk/listing/the-list/list-entry/1010127",
        "historic": "castle",
        "listed_status": "Scheduled Monument",
        "name": "Pontefract Castle",
        "name:la": "Castellum Pontisfracti",
        "opening_hours": "Mo-Fr 08:30-16:30; Sa-Su 09:30-16:30",
        "operator": "Wakefield Council",
        "operator:type": "government",
        "operator:wikidata": "Q7961061",
        "ref:GB:nhle": "1010127",
        "ruins": "yes",
        "website": "https://www.wakefield.gov.uk/museums-and-castles/pontefract-castle",
        "wheelchair": "limited",
        "wikidata": "Q1949590",
        "wikipedia": "en:Pontefract Castle",
        "@geometry": "center"
      },
      "geometry": {
        "type": "Point",
        "coordinates": [
          -1.3039895,
          53.6954199
        ]
      },
      "id": "way/116946923"
    },
    {
      "type": "Feature",
      "properties": {
        "@id": "way/117120787",
        "building": "yes",
        "castle_type": "stately",
        "historic": "castle",
        "name": "New Wardour Castle",
        "wikidata": "Q15262106",
        "@geometry": "center"
      },
      "geometry": {
        "type": "Point",
        "coordinates": [
          -2.1042736,
          51.0417786
        ]
      },
      "id": "way/117120787"
    },
    {
      "type": "Feature",
      "properties": {
        "@id": "way/117138886",
        "barrier": "wall",
        "castle_type": "defensive",
        "historic": "castle",
        "name": "Castle Balfour",
        "ruins": "yes",
        "wikidata": "Q5049990",
        "@geometry": "center"
      },
      "geometry": {
        "type": "Point",
        "coordinates": [
          -7.4451838,
          54.2505671
        ]
      },
      "id": "way/117138886"
    },
    {
      "type": "Feature",
      "properties": {
        "@id": "way/117329524",
        "historic": "castle",
        "name": "Lee Castle",
        "wikidata": "Q6513205",
        "@geometry": "center"
      },
      "geometry": {
        "type": "Point",
        "coordinates": [
          -3.8244203,
          55.698725
        ]
      },
      "id": "way/117329524"
    },
    {
      "type": "Feature",
      "properties": {
        "@id": "way/117407449",
        "castle_type": "defensive",
        "heritage": "2",
        "heritage:operator": "Cadw",
        "historic": "castle",
        "name": "Castell Harlech",
        "name:ar": "قلعة هارليتش",
        "name:br": "Kastell Harlech",
        "name:ca": "Castell de Harlech",
        "name:cy": "Castell Harlech",
        "name:en": "Harlech Castle",
        "name:eo": "Kastelo Harlech",
        "name:es": "Castillo de Harlech",
        "name:eu": "Harlech gaztelua",
        "name:fi": "Harlechin linna",
        "name:fr": "Château de Harlech",
        "name:he": "טירת הרלך",
        "name:hu": "Harlechi vár",
        "name:it": "Castello di Harlech",
        "name:ja": "ハーレフ城",
        "name:ka": "ჰარლეკის ციხესიმაგრე",
        "name:pl": "Zamek w Harlech",
        "name:pt": "Castelo de Harlech",
        "name:ru": "Харлех",
        "name:sl": "Grad Harlech",
        "name:uk": "Гарлек",
        "name:zh": "哈萊克城堡",
        "operator": "Cadw",
        "ref:whc": "374-004",
        "source": "Bing",
        "tourism": "attraction",
        "whc:criteria": "(i),(iii),(iv)",
        "whc:inscription_date": "1986",
        "wikidata": "Q540964",
        "wikipedia": "en:Harlech Castle",
        "@geometry": "center"
      },
      "geometry": {
        "type": "Point",
        "coordinates": [
          -4.1091536,
          52.8599618
        ]
      },
      "id": "way/117407449"
    },
    {
      "type": "Feature",
      "properties": {
        "@id": "way/117730322",
        "addr:city": "Wareham",
        "addr:county": "Dorset",
        "addr:housename": "Lulworth Castle",
        "addr:place": "East Lulworth",
        "addr:postcode": "BH20 5QS",
        "building": "yes",
        "castle_type": "stately",
        "historic": "castle",
        "name": "Lulworth Castle",
        "name:ru": "Замок Лалворт",
        "phone": "+44 1929 400352",
        "ref:GB:uprn": "10013731155",
        "website": "https://www.lulworth.com/",
        "wikidata": "Q1436731",
        "wikipedia": "en:Lulworth Castle",
        "@geometry": "center"
      },
      "geometry": {
        "type": "Point",
        "coordinates": [
          -2.2088166,
          50.6390658
        ]
      },
      "id": "way/117730322"
    },
    {
      "type": "Feature",
      "properties": {
        "@id": "way/117798812",
        "building": "yes",
        "castle_type": "defensive",
        "historic": "castle",
        "name": "Ferniehirst Castle",
        "name:pt": "Castelo Ferniehirst",
        "operator": "Lord Ralph Kerr",
        "source": "Bing;survey (sign on A68)",
        "tourism": "attraction",
        "tourism_1": "hotel",
        "website": "https://www.ferniehirst.com/",
        "wikidata": "Q5445113",
        "wikipedia": "en:Ferniehirst Castle",
        "@geometry": "center"
      },
      "geometry": {
        "type": "Point",
        "coordinates": [
          -2.5512481,
          55.4542718
        ]
      },
      "id": "way/117798812"
    },
    {
      "type": "Feature",
      "properties": {
        "@id": "way/117807870",
        "castle_type": "defensive",
        "historic": "castle",
        "name": "Chester Castle",
        "name:pt": "Castelo de Chester",
        "name:sv": "Chester Castle",
        "name:zh": "切斯特城堡",
        "tourism": "attraction",
        "wikidata": "Q505858",
        "wikipedia": "en:Chester Castle",
        "@geometry": "center"
      },
      "geometry": {
        "type": "Point",
        "coordinates": [
          -2.8924408,
          53.185343
        ]
      },
      "id": "way/117807870"
    },
    {
      "type": "Feature",
      "properties": {
        "@id": "way/118483469",
        "building": "yes",
        "castle_type": "defensive",
        "historic": "castle",
        "name": "Nunney Castle",
        "operator": "English Heritage",
        "ruins": "yes",
        "wikidata": "Q427746",
        "wikipedia": "en:Nunney Castle",
        "@geometry": "center"
      },
      "geometry": {
        "type": "Point",
        "coordinates": [
          -2.3782951,
          51.2101744
        ]
      },
      "id": "way/118483469"
    },
    {
      "type": "Feature",
      "properties": {
        "@id": "way/118831401",
        "HE_ref": "1012105",
        "ele": "120",
        "historic": "castle",
        "listed_status": "scheduled monument",
        "name": "Malpas Castle Hill",
        "wikidata": "Q17661890",
        "@geometry": "center"
      },
      "geometry": {
        "type": "Point",
        "coordinates": [
          -2.7672509,
          53.0199845
        ]
      },
      "id": "way/118831401"
    },
    {
      "type": "Feature",
      "properties": {
        "@id": "way/119516718",
        "building": "yes",
        "historic": "castle",
        "name": "Darnaway Castle",
        "wikidata": "Q5224104",
        "@geometry": "center"
      },
      "geometry": {
        "type": "Point",
        "coordinates": [
          -3.6830552,
          57.5743157
        ]
      },
      "id": "way/119516718"
    },
    {
      "type": "Feature",
      "properties": {
        "@id": "way/121080184",
        "building": "yes",
        "castle_type": "stately",
        "historic": "castle",
        "name": "Powderham Castle",
        "wikidata": "Q2106892",
        "wikipedia": "en:Powderham Castle",
        "@geometry": "center"
      },
      "geometry": {
        "type": "Point",
        "coordinates": [
          -3.4606238,
          50.6429597
        ]
      },
      "id": "way/121080184"
    },
    {
      "type": "Feature",
      "properties": {
        "@id": "way/121814606",
        "building": "yes",
        "castle_type": "defensive",
        "historic": "castle",
        "historic:civilization": "medieval",
        "listed_status": "Grade I",
        "name": "Canterbury Castle",
        "ruins": "yes",
        "wikidata": "Q2968772",
        "wikipedia": "en:Canterbury Castle",
        "@geometry": "center"
      },
      "geometry": {
        "type": "Point",
        "coordinates": [
          1.0745821,
          51.2756626
        ]
      },
      "id": "way/121814606"
    },
    {
      "type": "Feature",
      "properties": {
        "@id": "way/122219687",
        "access": "private",
        "building": "yes",
        "castle_type": "stately",
        "historic": "castle",
        "name": "Brownsea Castle",
        "name:pt": "Castelo de Brownsea",
        "old_name": "Branksea Castle",
        "start_date": "1545..1547",
        "wikidata": "Q18708353",
        "wikipedia": "en:Brownsea Castle",
        "@geometry": "center"
      },
      "geometry": {
        "type": "Point",
        "coordinates": [
          -1.9581156,
          50.688458
        ]
      },
      "id": "way/122219687"
    },
    {
      "type": "Feature",
      "properties": {
        "@id": "way/123596491",
        "building": "yes",
        "castle_type": "tower",
        "historic": "castle",
        "historic:civilization": "medieval",
        "source": "survey",
        "@geometry": "center"
      },
      "geometry": {
        "type": "Point",
        "coordinates": [
          -4.0901779,
          52.4134466
        ]
      },
      "id": "way/123596491"
    },
    {
      "type": "Feature",
      "properties": {
        "@id": "way/123915173",
        "addr:city": "Hexham",
        "addr:country": "GB",
        "addr:county": "Northumberland",
        "addr:postcode": "NE47 5LU",
        "addr:suburb": "Haydon Bridge",
        "addr:village": "Haydon Bridge",
        "building": "yes",
        "fhrs:id": "287033",
        "historic": "castle",
        "name": "Langley Castle",
        "source": "Bing;survey",
        "tourism": "hotel",
        "website": "http://www.langleycastle.com/",
        "wikidata": "Q2969643",
        "wikipedia": "en:Langley Castle",
        "@geometry": "center"
      },
      "geometry": {
        "type": "Point",
        "coordinates": [
          -2.2595855,
          54.9566234
        ]
      },
      "id": "way/123915173"
    },
    {
      "type": "Feature",
      "properties": {
        "@id": "way/124048237",
        "building": "ruins",
        "historic": "castle",
        "listed_status": "Grade I",
        "name": "Old Mulgrave Castle",
        "wikidata": "Q6933971",
        "wikipedia": "en:Mulgrave Castle",
        "@geometry": "center"
      },
      "geometry": {
        "type": "Point",
        "coordinates": [
          -0.7055269,
          54.4934926
        ]
      },
      "id": "way/124048237"
    },
    {
      "type": "Feature",
      "properties": {
        "@id": "way/124283879",
        "building": "yes",
        "castle_type": "defensive",
        "email": "info@dunvegancastle.com",
        "historic": "castle",
        "name": "Dunvegan Castle",
        "name:be": "Замак Данвеган",
        "name:es": "Castillo de Dunvegan",
        "name:eu": "Dunvegan gaztelua",
        "name:fi": "Dùn Bheagainin linna",
        "name:fr": "Château de Dunvegan",
        "name:ga": "Caisteal Dún Bheagain",
        "name:gd": "Caisteal Dhùn Bheagain",
        "name:it": "Castello di Dunvegan",
        "name:pt": "Castelo de Dunvegan",
        "name:ru": "Замок Данвеган",
        "operator": "the Clan MacLeod",
        "phone": "+44 1470 521206",
        "tourism": "attraction",
        "website": "https://www.dunvegancastle.com/",
        "wikidata": "Q1266330",
        "wikipedia": "en:Dunvegan Castle",
        "@geometry": "center"
      },
      "geometry": {
        "type": "Point",
        "coordinates": [
          -6.5902188,
          57.4484092
        ]
      },
      "id": "way/124283879"
    },
    {
      "type": "Feature",
      "properties": {
        "@id": "way/124730341",
        "building": "yes",
        "historic": "castle",
        "@geometry": "center"
      },
      "geometry": {
        "type": "Point",
        "coordinates": [
          -3.0076671,
          55.8264193
        ]
      },
      "id": "way/124730341"
    },
    {
      "type": "Feature",
      "properties": {
        "@id": "way/125155979",
        "building": "yes",
        "historic": "castle",
        "name": "Glenapp Castle",
        "source": "OS_OpenData_StreetView",
        "tourism": "hotel",
        "@geometry": "center"
      },
      "geometry": {
        "type": "Point",
        "coordinates": [
          -4.9884264,
          55.0840366
        ]
      },
      "id": "way/125155979"
    },
    {
      "type": "Feature",
      "properties": {
        "@id": "way/125513830",
        "building": "castle",
        "castle_type": "manor",
        "historic": "castle",
        "name": "Inveraray Castle",
        "name:eu": "Inveraray gaztelua",
        "name:fr": "Château d'Inveraray",
        "name:ga": "Caisteal Inbhir Aora",
        "name:gd": "Caisteal Inbhir Aora",
        "name:gl": "Castelo de Inveraray",
        "name:it": "Castello di Inveraray",
        "name:ur": "انویرری قلعہ نما محل",
        "note": "new castle",
        "operator": "Duke of Argyll",
        "tourism": "attraction",
        "website": "https://www.inveraray-castle.com/",
        "wheelchair": "limited",
        "wikidata": "Q1671720",
        "wikipedia": "en:Inveraray Castle",
        "@geometry": "center"
      },
      "geometry": {
        "type": "Point",
        "coordinates": [
          -5.0735053,
          56.2374595
        ]
      },
      "id": "way/125513830"
    },
    {
      "type": "Feature",
      "properties": {
        "@id": "way/125675788",
        "addr:postcode": "PA64 6AP",
        "historic": "castle",
        "landuse": "grass",
        "name": "Duart Castle",
        "@geometry": "center"
      },
      "geometry": {
        "type": "Point",
        "coordinates": [
          -5.6543943,
          56.4555347
        ]
      },
      "id": "way/125675788"
    },
    {
      "type": "Feature",
      "properties": {
        "@id": "way/125737031",
        "historic": "castle",
        "listed_status": "Grade II*",
        "name": "Sheriff Hutton Castle",
        "ruins": "yes",
        "wikidata": "Q7494970",
        "wikipedia": "en:Sheriff Hutton Castle",
        "@geometry": "center"
      },
      "geometry": {
        "type": "Point",
        "coordinates": [
          -1.0049463,
          54.0878405
        ]
      },
      "id": "way/125737031"
    },
    {
      "type": "Feature",
      "properties": {
        "@id": "way/126352228",
        "building": "yes",
        "castle_type": "stately",
        "historic": "castle",
        "name": "Beaufront Castle",
        "source": "Bing",
        "wikidata": "Q4877490",
        "wikipedia": "en:Beaufront Castle",
        "@geometry": "center"
      },
      "geometry": {
        "type": "Point",
        "coordinates": [
          -2.0579393,
          54.9881754
        ]
      },
      "id": "way/126352228"
    },
    {
      "type": "Feature",
      "properties": {
        "@id": "way/126355228",
        "building": "yes",
        "castle_type": "stately",
        "historic": "castle",
        "listed_status": "Grade II*",
        "name": "Dobroyd Castle",
        "wikidata": "Q5286862",
        "wikipedia": "en:Dobroyd Castle",
        "@geometry": "center"
      },
      "geometry": {
        "type": "Point",
        "coordinates": [
          -2.1081069,
          53.7106571
        ]
      },
      "id": "way/126355228"
    },
    {
      "type": "Feature",
      "properties": {
        "@id": "way/126823465",
        "building": "yes",
        "castle_type": "towerhouse",
        "historic": "castle",
        "name": "Dudhope Castle",
        "start_date": "1588",
        "wikidata": "Q5311750",
        "wikipedia": "en:Dudhope Castle",
        "@geometry": "center"
      },
      "geometry": {
        "type": "Point",
        "coordinates": [
          -2.9840158,
          56.4643367
        ]
      },
      "id": "way/126823465"
    },
    {
      "type": "Feature",
      "properties": {
        "@id": "way/126832133",
        "building": "yes",
        "building:levels": "5",
        "historic": "castle",
        "name": "Canon's Gate House",
        "@geometry": "center"
      },
      "geometry": {
        "type": "Point",
        "coordinates": [
          1.3217817,
          51.1266038
        ]
      },
      "id": "way/126832133"
    },
    {
      "type": "Feature",
      "properties": {
        "@id": "way/126834537",
        "defensive_works": "battery",
        "historic": "castle",
        "name": "Citadel Battery",
        "@geometry": "center"
      },
      "geometry": {
        "type": "Point",
        "coordinates": [
          1.2906717,
          51.1157664
        ]
      },
      "id": "way/126834537"
    },
    {
      "type": "Feature",
      "properties": {
        "@id": "way/127030005",
        "building": "yes",
        "castle_type": "defensive",
        "historic": "castle",
        "name": "Morpeth Castle",
        "name:fr": "Château de Morpeth",
        "source": "Bing",
        "wikidata": "Q6913330",
        "wikipedia": "en:Morpeth Castle",
        "@geometry": "center"
      },
      "geometry": {
        "type": "Point",
        "coordinates": [
          -1.687473,
          55.1635988
        ]
      },
      "id": "way/127030005"
    },
    {
      "type": "Feature",
      "properties": {
        "@id": "way/127078702",
        "area": "yes",
        "historic": "castle",
        "name": "Skipsea Castle",
        "operator": "English Heritage",
        "wikidata": "Q7535837",
        "@geometry": "center"
      },
      "geometry": {
        "type": "Point",
        "coordinates": [
          -0.2296234,
          53.9786843
        ]
      },
      "id": "way/127078702"
    },
    {
      "type": "Feature",
      "properties": {
        "@id": "way/127108128",
        "access": "permissive",
        "castle_type": "fortress",
        "defensive_works": "moat",
        "heritage": "2",
        "heritage:operator": "Historic England",
        "historic": "castle",
        "landuse": "grass",
        "listed_status": "Scheduled Monument",
        "name": "Deal Castle",
        "operator": "English Heritage",
        "ref:GB:nhle": "1013380",
        "start_date": "1540",
        "tourism": "attraction",
        "website": "https://www.english-heritage.org.uk/visit/places/deal-castle/",
        "wikidata": "Q1180981",
        "wikimedia_commons": "Category:Deal_Castle",
        "wikipedia": "en:Deal Castle",
        "@geometry": "center"
      },
      "geometry": {
        "type": "Point",
        "coordinates": [
          1.4036167,
          51.2194375
        ]
      },
      "id": "way/127108128"
    },
    {
      "type": "Feature",
      "properties": {
        "@id": "way/128076815",
        "building": "palace",
        "building:levels": "3",
        "castle_type": "palace",
        "historic": "castle",
        "listed_status": "Grade I",
        "name": "Burton Constable Hall",
        "roof:levels": "0",
        "source": "Bing",
        "tourism": "attraction",
        "wikidata": "Q5000832",
        "wikimedia_commons": "Category:Burton Constable Hall",
        "wikipedia": "en:Burton Constable Hall",
        "@geometry": "center"
      },
      "geometry": {
        "type": "Point",
        "coordinates": [
          -0.1960107,
          53.8138471
        ]
      },
      "id": "way/128076815"
    },
    {
      "type": "Feature",
      "properties": {
        "@id": "way/128359578",
        "access": "private",
        "building": "castle",
        "historic": "castle",
        "name": "Torosay Castle",
        "wikidata": "Q129472",
        "wikipedia": "en:Torosay Castle",
        "@geometry": "center"
      },
      "geometry": {
        "type": "Point",
        "coordinates": [
          -5.6870945,
          56.4549514
        ]
      },
      "id": "way/128359578"
    },
    {
      "type": "Feature",
      "properties": {
        "@id": "way/129127769",
        "building": "yes",
        "castle_type": "stately",
        "historic": "castle",
        "name": "Longleat House",
        "tourism": "attraction",
        "wikidata": "Q1726158",
        "wikipedia": "en:Longleat",
        "@geometry": "center"
      },
      "geometry": {
        "type": "Point",
        "coordinates": [
          -2.2744554,
          51.1857579
        ]
      },
      "id": "way/129127769"
    },
    {
      "type": "Feature",
      "properties": {
        "@id": "way/129582447",
        "building": "yes",
        "castle_type": "stately",
        "historic": "castle",
        "name": "Cromarty House",
        "@geometry": "center"
      },
      "geometry": {
        "type": "Point",
        "coordinates": [
          -4.0256413,
          57.6767733
        ]
      },
      "id": "way/129582447"
    },
    {
      "type": "Feature",
      "properties": {
        "@id": "way/129877528",
        "addr:city": "Alnwick",
        "addr:housename": "Alnwick Castle",
        "addr:postcode": "NE66 1NQ",
        "castle_type": "defensive",
        "historic": "castle",
        "name": "Alnwick Castle",
        "name:br": "Kastell Alnwick",
        "name:es": "Castillo de Alnwick",
        "name:eu": "Alnwick gaztelua",
        "name:fi": "Alnwickin linna",
        "name:fr": "Château d'Alnwick",
        "name:he": "טירת אניק",
        "name:ja": "アニック・カースル",
        "name:pl": "Zamek Alnwick",
        "name:pt": "Castelo de Alnwick",
        "name:ru": "Замок Алник",
        "name:vi": "Lâu đài Alnwick",
        "name:zh": "阿尼克城堡",
        "phone": "+44 1665 511 100",
        "tourism": "attraction",
        "website": "https://www.alnwickcastle.com/",
        "wikidata": "Q1320427",
        "wikipedia": "en:Alnwick Castle",
        "@geometry": "center"
      },
      "geometry": {
        "type": "Point",
        "coordinates": [
          -1.7064138,
          55.415414
        ]
      },
      "id": "way/129877528"
    },
    {
      "type": "Feature",
      "properties": {
        "@id": "way/130113202",
        "addr:housename": "Cramond Tower",
        "building": "yes",
        "historic": "castle",
        "name": "Cramond Tower",
        "source": "bing",
        "wikidata": "Q5181857",
        "wikipedia": "en:Cramond Tower",
        "@geometry": "center"
      },
      "geometry": {
        "type": "Point",
        "coordinates": [
          -3.2980652,
          55.9788122
        ]
      },
      "id": "way/130113202"
    },
    {
      "type": "Feature",
      "properties": {
        "@id": "way/130127379",
        "addr:city": "Culrain",
        "addr:country": "GB",
        "addr:housename": "Carbisdale Castle",
        "addr:postcode": "IV24 3DP",
        "building": "yes",
        "castle_type": "stately",
        "disused:operator": "SYHA",
        "disused:tourism": "hostel",
        "historic": "castle",
        "name": "Carbisdale Castle",
        "name:eu": "Carbisdaleko gaztelua",
        "name:gd": "Caisteal Chàrbasdail",
        "name:pt": "Castelo Carbisdale",
        "source": "bing;survey",
        "wikidata": "Q491165",
        "wikipedia": "en:Carbisdale Castle",
        "@geometry": "center"
      },
      "geometry": {
        "type": "Point",
        "coordinates": [
          -4.4089725,
          57.9255383
        ]
      },
      "id": "way/130127379"
    },
    {
      "type": "Feature",
      "properties": {
        "@id": "way/130573288",
        "building": "yes",
        "historic": "castle",
        "name": "Balvaird Castle",
        "wikidata": "Q3938333",
        "wikipedia": "en:Balvaird Castle",
        "@geometry": "center"
      },
      "geometry": {
        "type": "Point",
        "coordinates": [
          -3.342703,
          56.2889198
        ]
      },
      "id": "way/130573288"
    },
    {
      "type": "Feature",
      "properties": {
        "@id": "way/131203271",
        "addr:city": "Hertford",
        "addr:postcode": "SG14 1HR",
        "building": "yes",
        "building:material": "brick",
        "historic": "castle",
        "name": "Hertford Castle Gate House",
        "roof:colour": "grey",
        "wikidata": "Q2363520",
        "wikipedia": "en:Hertford Castle",
        "@geometry": "center"
      },
      "geometry": {
        "type": "Point",
        "coordinates": [
          -0.0806298,
          51.795141
        ]
      },
      "id": "way/131203271"
    },
    {
      "type": "Feature",
      "properties": {
        "@id": "way/131223977",
        "building": "ruins",
        "historic": "castle",
        "name": "Lochindorb Castle",
        "wikidata": "Q43372925",
        "@geometry": "center"
      },
      "geometry": {
        "type": "Point",
        "coordinates": [
          -3.7081959,
          57.4056599
        ]
      },
      "id": "way/131223977"
    },
    {
      "type": "Feature",
      "properties": {
        "@id": "way/133387801",
        "building": "yes",
        "castle_type": "defensive",
        "historic": "castle",
        "name": "Edlingham Castle",
        "name:ru": "Замок Эдлингем",
        "ruins": "yes",
        "wikidata": "Q4185871",
        "wikipedia": "en:Edlingham Castle",
        "@geometry": "center"
      },
      "geometry": {
        "type": "Point",
        "coordinates": [
          -1.8184269,
          55.3767368
        ]
      },
      "id": "way/133387801"
    },
    {
      "type": "Feature",
      "properties": {
        "@id": "way/133390895",
        "addr:city": "Isle of Arran",
        "addr:housename": "Brodick Castle, Garden & Country Park,",
        "addr:place": "Brodick Castle",
        "addr:postcode": "KA27 8HY",
        "addr:suburb": "Brodick",
        "building": "yes",
        "castle_type": "stately",
        "email": "BrodickCastle@nts.org.uk",
        "historic": "castle",
        "name": "Brodick Castle",
        "operator": "National Trust for Scotland",
        "wikidata": "Q924505",
        "wikipedia": "en:Brodick Castle",
        "@geometry": "center"
      },
      "geometry": {
        "type": "Point",
        "coordinates": [
          -5.1507986,
          55.5939252
        ]
      },
      "id": "way/133390895"
    },
    {
      "type": "Feature",
      "properties": {
        "@id": "way/134642441",
        "historic": "ruins",
        "name": "St Andrews Castle",
        "ruins": "castle",
        "wikidata": "Q2287936",
        "wikipedia": "en:St Andrews Castle",
        "@geometry": "center"
      },
      "geometry": {
        "type": "Point",
        "coordinates": [
          -2.790406,
          56.3421539
        ]
      },
      "id": "way/134642441"
    },
    {
      "type": "Feature",
      "properties": {
        "@id": "way/136191851",
        "building": "castle",
        "building:architecture": "paladian",
        "castle_type": "manor",
        "historic": "castle",
        "name": "Bletchingdon Park",
        "source": "wikipedia",
        "source:geometry": "Bing",
        "wikidata": "Q15978903",
        "wikipedia": "en:Bletchingdon Park",
        "@geometry": "center"
      },
      "geometry": {
        "type": "Point",
        "coordinates": [
          -1.2676293,
          51.8585763
        ]
      },
      "id": "way/136191851"
    },
    {
      "type": "Feature",
      "properties": {
        "@id": "way/136287465",
        "building": "castle",
        "castle_type": "manor",
        "historic": "castle",
        "name": "Glympton Park",
        "source:geometry": "Bing",
        "source:name": "OS_OpenData_StreetView",
        "wikidata": "Q5572817",
        "@geometry": "center"
      },
      "geometry": {
        "type": "Point",
        "coordinates": [
          -1.3852933,
          51.893008
        ]
      },
      "id": "way/136287465"
    },
    {
      "type": "Feature",
      "properties": {
        "@id": "way/136981512",
        "building": "castle",
        "castle_type": "manor",
        "historic": "castle",
        "name": "North Aston Hall",
        "wikidata": "Q26587934",
        "@geometry": "center"
      },
      "geometry": {
        "type": "Point",
        "coordinates": [
          -1.3025515,
          51.956584
        ]
      },
      "id": "way/136981512"
    },
    {
      "type": "Feature",
      "properties": {
        "@id": "way/137033709",
        "addr:postcode": "IV5 7PQ",
        "building": "yes",
        "castle_type": "defensive",
        "fhrs:id": "562555",
        "historic": "castle",
        "name": "Moniack Castle",
        "note": "winery has now closed",
        "old_name": "Highland Wineries",
        "operator": "Lovat Frasers",
        "source": "bing;survey",
        "wikidata": "Q6899866",
        "wikipedia": "en:Moniack Castle",
        "@geometry": "center"
      },
      "geometry": {
        "type": "Point",
        "coordinates": [
          -4.415673,
          57.4596003
        ]
      },
      "id": "way/137033709"
    },
    {
      "type": "Feature",
      "properties": {
        "@id": "way/138500255",
        "addr:city": "Burton Agnes",
        "addr:postcode": "YO25 4NB",
        "building": "yes",
        "castle_type": "stately",
        "check_date:opening_hours": "2024-05-02",
        "fee": "yes",
        "fee:conditional": "no @ age < 4",
        "historic": "castle",
        "listed_status": "Grade I",
        "name": "Burton Agnes Hall",
        "opening_hours": "Mar 23-Nov 03,Nov 16-Dec 23 11:00-17:00",
        "ref:GB:uprn": "10002823099;10002365102",
        "tourism": "attraction",
        "website": "https://www.burtonagnes.com/",
        "wheelchair": "limited",
        "wikidata": "Q5000804",
        "wikipedia": "en:Burton Agnes Hall",
        "@geometry": "center"
      },
      "geometry": {
        "type": "Point",
        "coordinates": [
          -0.3167736,
          54.0536124
        ]
      },
      "id": "way/138500255"
    },
    {
      "type": "Feature",
      "properties": {
        "@id": "way/138704315",
        "building": "yes",
        "historic": "castle",
        "name": "Castell y Bere",
        "name:cy": "Castell y Bere",
        "name:en": "Castell Y Bere",
        "opening_hours": "Mo-Su 10:00-16:00",
        "ruins": "yes",
        "wikidata": "Q1048693",
        "wikipedia": "en:Castell y Bere",
        "@geometry": "center"
      },
      "geometry": {
        "type": "Point",
        "coordinates": [
          -3.9711453,
          52.6581495
        ]
      },
      "id": "way/138704315"
    },
    {
      "type": "Feature",
      "properties": {
        "@id": "way/139237813",
        "addr:city": "Hope Valley",
        "addr:country": "GB",
        "addr:postcode": "S32 5QW",
        "addr:suburb": "Eyam",
        "building": "yes",
        "castle_type": "manor",
        "fee": "yes",
        "heritage": "2",
        "heritage:operator": "Historic England",
        "historic": "castle",
        "listed_status": "Grade II*",
        "name": "Eyam Hall",
        "opening_hours:url": "https://www.eyamhall.co.uk/house-opening",
        "operator": "National Trust",
        "source": "Bing",
        "tourism": "attraction",
        "website": "https://www.eyamhall.co.uk/",
        "wikidata": "Q5422567",
        "wikipedia": "en:Eyam Hall",
        "@geometry": "center"
      },
      "geometry": {
        "type": "Point",
        "coordinates": [
          -1.6766258,
          53.2849008
        ]
      },
      "id": "way/139237813"
    },
    {
      "type": "Feature",
      "properties": {
        "@id": "way/142793808",
        "access": "private",
        "building": "yes",
        "castle_type": "defensive",
        "historic": "castle",
        "name": "Bywell Castle",
        "tourism": "attraction",
        "wikidata": "Q5004686",
        "wikipedia": "en:Bywell Castle",
        "@geometry": "center"
      },
      "geometry": {
        "type": "Point",
        "coordinates": [
          -1.9244607,
          54.9506668
        ]
      },
      "id": "way/142793808"
    },
    {
      "type": "Feature",
      "properties": {
        "@id": "way/142798233",
        "barrier": "city_wall",
        "historic": "castle",
        "name": "Pendennis Castle",
        "name:kw": "Kastel Penndinas",
        "wikidata": "Q2371954",
        "wikipedia": "en:Pendennis Castle",
        "@geometry": "center"
      },
      "geometry": {
        "type": "Point",
        "coordinates": [
          -5.0472095,
          50.1468717
        ]
      },
      "id": "way/142798233"
    },
    {
      "type": "Feature",
      "properties": {
        "@id": "way/142799732",
        "building": "yes",
        "building:colour": "tan",
        "building:material": "stone",
        "historic": "castle",
        "name": "Little Dennis",
        "ref:GB:uprn": "10014481520",
        "wikidata": "Q17529446",
        "@geometry": "center"
      },
      "geometry": {
        "type": "Point",
        "coordinates": [
          -5.0421289,
          50.1440967
        ]
      },
      "id": "way/142799732"
    },
    {
      "type": "Feature",
      "properties": {
        "@id": "way/143114928",
        "addr:city": "Wareham",
        "addr:housename": "Corfe Castle",
        "addr:postcode": "BH20 5EZ",
        "area": "yes",
        "contact:instagram": "ntcorfecastle",
        "historic": "castle",
        "name": "Corfe Castle",
        "ruins": "yes",
        "website": "https://www.nationaltrust.org.uk/corfe-castle/",
        "wikidata": "Q1236511",
        "wikipedia": "en:Corfe Castle",
        "@geometry": "center"
      },
      "geometry": {
        "type": "Point",
        "coordinates": [
          -2.0591643,
          50.639889
        ]
      },
      "id": "way/143114928"
    },
    {
      "type": "Feature",
      "properties": {
        "@id": "way/143333975",
        "addr:city": "Colchester",
        "addr:postcode": "CO5 9US",
        "addr:suburb": "Layer Marney",
        "building": "yes",
        "castle_type": "stately",
        "check_date:opening_hours": "2024-07-05",
        "contact:facebook": "https://www.facebook.com/Layer-Marney-Tower-173026579377868",
        "contact:instagram": "https://instagram.com/layermarneytower/",
        "email": "admin@layermarneytower.co.uk",
        "fee": "yes",
        "fee:conditional": "no @ age < 13",
        "he:inscription_date": "1952-06-23",
        "heritage": "2",
        "heritage:operator": "he",
        "heritage:website": "https://historicengland.org.uk/listing/the-list/list-entry/1223988",
        "historic": "castle",
        "name": "Layer Marney Tower",
        "opening_hours": "Apr 17-Jul 24,Sep 01-29 We,Su 11:00-17:00; Jul 28-Aug 29 Su-Th 11:00-17:00",
        "ref:GB:nhle": "1223988",
        "seasonal": "yes",
        "tourism": "attraction",
        "website": "https://www.layermarneytower.co.uk/",
        "wikidata": "Q1809395",
        "wikipedia": "en:Layer Marney Tower",
        "@geometry": "center"
      },
      "geometry": {
        "type": "Point",
        "coordinates": [
          0.7969586,
          51.8227122
        ]
      },
      "id": "way/143333975"
    },
    {
      "type": "Feature",
      "properties": {
        "@id": "way/143837684",
        "barrier": "wall",
        "historic": "castle",
        "name": "Penrice Castle",
        "wikidata": "Q7164590",
        "@geometry": "center"
      },
      "geometry": {
        "type": "Point",
        "coordinates": [
          -4.1703394,
          51.5752762
        ]
      },
      "id": "way/143837684"
    },
    {
      "type": "Feature",
      "properties": {
        "@id": "way/144168614",
        "addr:locality": "Castle Green",
        "addr:postcode": "IP12 2NF",
        "amenity": "public_building",
        "building": "yes",
        "castle_type": "defensive",
        "fhrs:id": "659857",
        "historic": "castle",
        "name": "Orford Castle",
        "name:fi": "Orfordin linna",
        "name:ms": "Istana kota Orford",
        "name:ru": "Замок Орфорд",
        "name:uk": "Орфордський замок",
        "operator": "English Heritage",
        "source:addr": "FSA Food Hygiene Ratings Database",
        "wikidata": "Q1964047",
        "wikipedia": "en:Orford Castle",
        "@geometry": "center"
      },
      "geometry": {
        "type": "Point",
        "coordinates": [
          1.5307273,
          52.0942874
        ]
      },
      "id": "way/144168614"
    },
    {
      "type": "Feature",
      "properties": {
        "@id": "way/144930497",
        "addr:city": "Congleton",
        "addr:country": "GB",
        "addr:place": "Little Moreton Hall",
        "addr:postcode": "CW12 4SD",
        "building": "yes",
        "castle_type": "manor",
        "contact:website": "http://www.nationaltrust.org.uk/littlemoretonhall/",
        "fhrs:id": "891351",
        "heritage": "yes",
        "historic": "castle",
        "name": "Little Moreton Hall",
        "operator": "National Trust",
        "tourism": "attraction",
        "wikidata": "Q2943130",
        "wikipedia": "en:Little Moreton Hall",
        "@geometry": "center"
      },
      "geometry": {
        "type": "Point",
        "coordinates": [
          -2.251786,
          53.1271185
        ]
      },
      "id": "way/144930497"
    },
    {
      "type": "Feature",
      "properties": {
        "@id": "way/146786032",
        "building": "yes",
        "castle_type": "manor",
        "historic": "castle",
        "name": "Little Wenham Castle",
        "wikidata": "Q17541537",
        "@geometry": "center"
      },
      "geometry": {
        "type": "Point",
        "coordinates": [
          1.0305579,
          52.0110104
        ]
      },
      "id": "way/146786032"
    },
    {
      "type": "Feature",
      "properties": {
        "@id": "way/147476398",
        "addr:postcode": "DT5 1AZ",
        "building": "yes",
        "building:material": "stone",
        "castle_type": "fortress",
        "email": "Portland.castle@english-heritage.org.uk",
        "historic": "castle",
        "name": "Portland Castle",
        "name:es": "Castillo de Pórtland",
        "phone": "+44 1305 820868",
        "website": "https://www.english-heritage.org.uk/visit/places/portland-castle/",
        "wheelchair": "no",
        "wikidata": "Q1638741",
        "wikipedia": "en:Portland Castle",
        "@geometry": "center"
      },
      "geometry": {
        "type": "Point",
        "coordinates": [
          -2.446739,
          50.5682376
        ]
      },
      "id": "way/147476398"
    },
    {
      "type": "Feature",
      "properties": {
        "@id": "way/147497386",
        "historic": "castle",
        "name": "Castle Mound",
        "@geometry": "center"
      },
      "geometry": {
        "type": "Point",
        "coordinates": [
          0.7705013,
          51.95886
        ]
      },
      "id": "way/147497386"
    },
    {
      "type": "Feature",
      "properties": {
        "@id": "way/148727997",
        "barrier": "wall",
        "castle_type": "fortress",
        "historic": "castle",
        "name": "Hume Castle",
        "name:pt": "Castelo de Hume",
        "ruins": "yes",
        "tourism": "viewpoint",
        "wikidata": "Q5940598",
        "wikipedia": "en:Hume Castle",
        "@geometry": "center"
      },
      "geometry": {
        "type": "Point",
        "coordinates": [
          -2.4709158,
          55.6651531
        ]
      },
      "id": "way/148727997"
    },
    {
      "type": "Feature",
      "properties": {
        "@id": "way/148755411",
        "building": "ruins",
        "historic": "castle",
        "name": "Brough Castle",
        "operator": "English Heritage",
        "ruins": "yes",
        "website": "https://www.english-heritage.org.uk/visit/places/brough-castle/",
        "wikidata": "Q2351225",
        "wikimedia_commons": "File:BroughCastleSE.jpg",
        "wikipedia": "en:Brough Castle",
        "@geometry": "center"
      },
      "geometry": {
        "type": "Point",
        "coordinates": [
          -2.3236516,
          54.5217309
        ]
      },
      "id": "way/148755411"
    },
    {
      "type": "Feature",
      "properties": {
        "@id": "way/148758487",
        "addr:city": "York",
        "addr:country": "GB",
        "addr:postcode": "YO62 5AB",
        "addr:suburb": "Helmsley",
        "historic": "castle",
        "listed_status": "Grade I",
        "name": "Helmsley Castle",
        "operator": "English Heritage",
        "ruins": "yes",
        "surface": "grass",
        "website": "https://www.english-heritage.org.uk/visit/places/helmsley-castle/",
        "wikidata": "Q4185868",
        "wikipedia": "en:Helmsley Castle",
        "@geometry": "center"
      },
      "geometry": {
        "type": "Point",
        "coordinates": [
          -1.0640848,
          54.2448175
        ]
      },
      "id": "way/148758487"
    },
    {
      "type": "Feature",
      "properties": {
        "@id": "way/148822083",
        "castle_type": "defensive",
        "historic": "castle",
        "landuse": "grass",
        "listed_status": "Grade I",
        "name": "Conisbrough Castle",
        "name:ga": "Caisleán Conisbrough",
        "name:it": "Castello di Conisbrough",
        "name:zh": "科尼斯伯勒城堡",
        "operator": "English Heritage",
        "postal_code": "DN12 3BU",
        "ruins": "yes",
        "tourism": "attraction",
        "website": "https://www.english-heritage.org.uk/visit/places/conisbrough-castle/",
        "wikidata": "Q3662579",
        "wikipedia": "en:Conisbrough Castle",
        "@geometry": "center"
      },
      "geometry": {
        "type": "Point",
        "coordinates": [
          -1.2264114,
          53.4840149
        ]
      },
      "id": "way/148822083"
    },
    {
      "type": "Feature",
      "properties": {
        "@id": "way/148829580",
        "castle_type": "fortress",
        "historic": "castle",
        "name": "Scarborough Castle",
        "name:ga": "Caisleán Scarborough",
        "name:it": "Castello di Scarborough",
        "name:ms": "Istana kota Scarborough",
        "name:pl": "Zamek Scarborough",
        "name:ru": "Замок Скарборо",
        "name:uk": "Замок Скарборо",
        "name:zh": "斯卡伯勒城堡",
        "operator": "English Heritage",
        "ruins": "yes",
        "source": "survey & Bing (for boundary)",
        "website": "https://www.english-heritage.org.uk/visit/places/scarborough-castle/",
        "wikidata": "Q1963850",
        "wikipedia": "en:Scarborough Castle",
        "@geometry": "center"
      },
      "geometry": {
        "type": "Point",
        "coordinates": [
          -0.3884191,
          54.2873786
        ]
      },
      "id": "way/148829580"
    },
    {
      "type": "Feature",
      "properties": {
        "@id": "way/149504034",
        "access": "customers",
        "historic": "castle",
        "name": "Old Sarum Castle",
        "ruins": "yes",
        "@geometry": "center"
      },
      "geometry": {
        "type": "Point",
        "coordinates": [
          -1.804787,
          51.093224
        ]
      },
      "id": "way/149504034"
    },
    {
      "type": "Feature",
      "properties": {
        "@id": "way/149532514",
        "building": "yes",
        "castle_type": "fortress",
        "historic": "castle",
        "name": "Fort Victoria",
        "wikidata": "Q5472222",
        "wikipedia": "en:Fort Victoria, Isle of Wight",
        "@geometry": "center"
      },
      "geometry": {
        "type": "Point",
        "coordinates": [
          -1.5214362,
          50.7066459
        ]
      },
      "id": "way/149532514"
    },
    {
      "type": "Feature",
      "properties": {
        "@id": "way/150189798",
        "building": "yes",
        "historic": "castle",
        "name": "Greenknowe Tower",
        "wikidata": "Q2374513",
        "wikipedia": "en:Greenknowe Tower",
        "@geometry": "center"
      },
      "geometry": {
        "type": "Point",
        "coordinates": [
          -2.574686,
          55.677747
        ]
      },
      "id": "way/150189798"
    },
    {
      "type": "Feature",
      "properties": {
        "@id": "way/150267433",
        "HE_ref": "1002318",
        "building": "yes",
        "castle_type": "defensive",
        "designation": "scheduled_monument",
        "historic": "castle",
        "listed_status": "Grade I",
        "name": "Bowes Castle",
        "operator": "English Heritage",
        "ruins": "yes",
        "source": "survey & bing",
        "website": "https://www.english-heritage.org.uk/visit/places/bowes-castle/",
        "wikidata": "Q4950955",
        "wikipedia": "en:Bowes Castle",
        "@geometry": "center"
      },
      "geometry": {
        "type": "Point",
        "coordinates": [
          -2.0134659,
          54.5167654
        ]
      },
      "id": "way/150267433"
    },
    {
      "type": "Feature",
      "properties": {
        "@id": "way/150320543",
        "addr:city": "Cowes",
        "addr:country": "GB",
        "addr:housename": "Cowes Castle",
        "addr:postcode": "PO31 7QT",
        "addr:street": "The Parade",
        "building": "yes",
        "castle_type": "defensive",
        "email": "mail@rys.org.uk",
        "fhrs:id": "541221",
        "harbour:nautical_club": "yes",
        "historic": "castle",
        "name": "Cowes Castle - Royal Yacht Squadron",
        "phone": "+44 1983 292191",
        "ref:GB:uprn": "100060751192",
        "short_name": "RYS",
        "sport": "sailing",
        "website": "https://www.rys.org.uk/",
        "wikidata": "Q17555880",
        "wikipedia": "en:Cowes Castle",
        "@geometry": "center"
      },
      "geometry": {
        "type": "Point",
        "coordinates": [
          -1.3011272,
          50.7665148
        ]
      },
      "id": "way/150320543"
    },
    {
      "type": "Feature",
      "properties": {
        "@id": "way/150931583",
        "HE_ref": "1017223",
        "building": "yes",
        "building:material": "stone",
        "castle_type": "towerhouse",
        "designation": "scheduled_monument",
        "heritage": "yes",
        "historic": "castle",
        "name": "Hylton Castle",
        "note": "Designation applies to wider site",
        "operator": "English Heritage",
        "rebuilt": "yes",
        "ref:GB:uprn": "45164511;45017149",
        "website": "https://www.english-heritage.org.uk/visit/places/hylton-castle/",
        "wikidata": "Q635086",
        "wikipedia": "en:Hylton Castle",
        "@geometry": "center"
      },
      "geometry": {
        "type": "Point",
        "coordinates": [
          -1.4432471,
          54.9225595
        ]
      },
      "id": "way/150931583"
    },
    {
      "type": "Feature",
      "properties": {
        "@id": "way/152536865",
        "description": "Motte and Bailey Castle",
        "historic": "castle",
        "source": "Unknown;Sign at S on gravel track",
        "@geometry": "center"
      },
      "geometry": {
        "type": "Point",
        "coordinates": [
          -0.9235811,
          53.20093
        ]
      },
      "id": "way/152536865"
    },
    {
      "type": "Feature",
      "properties": {
        "@id": "way/152539900",
        "historic": "castle",
        "name": "Gaddick Hill Motte and Bailey",
        "@geometry": "center"
      },
      "geometry": {
        "type": "Point",
        "coordinates": [
          -0.9004901,
          53.2126604
        ]
      },
      "id": "way/152539900"
    },
    {
      "type": "Feature",
      "properties": {
        "@id": "way/152742849",
        "castle_type": "motte",
        "historic": "castle",
        "name": "Castle Mound",
        "@geometry": "center"
      },
      "geometry": {
        "type": "Point",
        "coordinates": [
          -0.5334535,
          52.7557887
        ]
      },
      "id": "way/152742849"
    },
    {
      "type": "Feature",
      "properties": {
        "@id": "way/153291147",
        "historic": "castle",
        "name": "Hownam Kings Fort",
        "@geometry": "center"
      },
      "geometry": {
        "type": "Point",
        "coordinates": [
          -2.3328656,
          55.4680018
        ]
      },
      "id": "way/153291147"
    },
    {
      "type": "Feature",
      "properties": {
        "@id": "way/153318286",
        "building": "yes",
        "historic": "castle",
        "name": "Corbet Tower",
        "@geometry": "center"
      },
      "geometry": {
        "type": "Point",
        "coordinates": [
          -2.3552411,
          55.5082563
        ]
      },
      "id": "way/153318286"
    },
    {
      "type": "Feature",
      "properties": {
        "@id": "way/156027052",
        "building": "yes",
        "castle_type": "palace",
        "historic": "castle",
        "name": "Hillsborough Castle",
        "name:af": "Hillsborough-kasteel",
        "name:he": "טירת הילסבורו",
        "name:pl": "Zamek Hillsborough",
        "name:uk": "Замок Гіллсборо",
        "wikidata": "Q1275686",
        "wikipedia": "en:Hillsborough Castle",
        "@geometry": "center"
      },
      "geometry": {
        "type": "Point",
        "coordinates": [
          -6.0857902,
          54.4613779
        ]
      },
      "id": "way/156027052"
    },
    {
      "type": "Feature",
      "properties": {
        "@id": "way/156593587",
        "building": "yes",
        "historic": "castle",
        "name": "Balvenie Castle",
        "ruins": "yes",
        "tourism": "attraction",
        "website": "https://www.historicenvironment.scot/visit-a-place/places/balvenie-castle/",
        "wikidata": "Q805847",
        "wikipedia": "en:Balvenie Castle",
        "@geometry": "center"
      },
      "geometry": {
        "type": "Point",
        "coordinates": [
          -3.124786,
          57.4532712
        ]
      },
      "id": "way/156593587"
    },
    {
      "type": "Feature",
      "properties": {
        "@id": "way/156603300",
        "access": "no",
        "building": "yes",
        "historic": "castle",
        "name": "House of the Binns",
        "wikidata": "Q5915597",
        "wikipedia": "en:House_of_the_Binns",
        "@geometry": "center"
      },
      "geometry": {
        "type": "Point",
        "coordinates": [
          -3.5230509,
          55.9905366
        ]
      },
      "id": "way/156603300"
    },
    {
      "type": "Feature",
      "properties": {
        "@id": "way/158241720",
        "addr:city": "Dundee",
        "addr:postcode": "DD5 3JY",
        "addr:street": "Claypotts Castle Gardens",
        "addr:suburb": "Broughty Ferry",
        "building": "yes",
        "castle_type": "defensive",
        "historic": "castle",
        "name": "Claypotts Castle",
        "name:es": "Castillo de Claypotts",
        "name:eu": "Claypotts gaztelua",
        "name:fr": "Château de Claypotts",
        "name:pt": "Castelo Claypotts",
        "opening_hours": "\"by arrangement\"",
        "operator": "Historic Scotland",
        "ref:GB:uprn": "9059078810",
        "source": "Bing",
        "website": "http://www.historic-scotland.gov.uk/propertyresults/propertydetail.htm?PropID=PL_068",
        "website_1": "http://www.visitscotland.com/info/see-do/claypotts-castle-dundee-p245801",
        "wheelchair": "no",
        "wikidata": "Q1812387",
        "wikipedia": "en:Claypotts Castle",
        "@geometry": "center"
      },
      "geometry": {
        "type": "Point",
        "coordinates": [
          -2.8899488,
          56.4764597
        ]
      },
      "id": "way/158241720"
    },
    {
      "type": "Feature",
      "properties": {
        "@id": "way/158261637",
        "addr:city": "Lancaster",
        "addr:flats": "1-22",
        "addr:postcode": "LA1 3FF",
        "addr:street": "Standen Park House",
        "building": "yes",
        "building:use": "apartments",
        "castle_type": "manor",
        "historic": "castle",
        "name": "Standen Park House",
        "@geometry": "center"
      },
      "geometry": {
        "type": "Point",
        "coordinates": [
          -2.7764954,
          54.0470948
        ]
      },
      "id": "way/158261637"
    },
    {
      "type": "Feature",
      "properties": {
        "@id": "way/159191864",
        "addr:city": "Abergele",
        "addr:postcode": "LL22 8ET",
        "addr:street": "Llanddulas Road",
        "building": "yes",
        "historic": "castle",
        "name": "Gwrych Castle",
        "name:cy": "Castell Gwrych",
        "operator": "Gwrych Castle Preservation Trust",
        "tourism": "attraction",
        "wikidata": "Q3395336",
        "@geometry": "center"
      },
      "geometry": {
        "type": "Point",
        "coordinates": [
          -3.6088072,
          53.2832748
        ]
      },
      "id": "way/159191864"
    },
    {
      "type": "Feature",
      "properties": {
        "@id": "way/159481028",
        "addr:city": "Kettering",
        "addr:country": "GB",
        "addr:postcode": "NN14 1RP",
        "addr:street": "Desborough Road",
        "addr:village": "Rushton",
        "building": "yes",
        "castle_type": "stately",
        "fhrs:authority": "North Northamptonshire",
        "fhrs:id": "371940",
        "fhrs:local_authority_id": "3140",
        "historic": "castle",
        "name": "Triangular Lodge",
        "name:ru": "Треугольный дом в Раштоне",
        "name:uk": "Трикутний будинок у Раштоні",
        "operator": "English Heritage",
        "website": "https://www.english-heritage.org.uk/visit/places/rushton-triangular-lodge/",
        "wikidata": "Q7380877",
        "wikipedia": "en:Rushton Triangular Lodge",
        "@geometry": "center"
      },
      "geometry": {
        "type": "Point",
        "coordinates": [
          -0.7798421,
          52.439318
        ]
      },
      "id": "way/159481028"
    },
    {
      "type": "Feature",
      "properties": {
        "@id": "way/161222666",
        "building": "yes",
        "historic": "castle",
        "name": "Fenton Tower",
        "wikidata": "Q10383704",
        "@geometry": "center"
      },
      "geometry": {
        "type": "Point",
        "coordinates": [
          -2.7343683,
          56.0295547
        ]
      },
      "id": "way/161222666"
    },
    {
      "type": "Feature",
      "properties": {
        "@id": "way/161451422",
        "access": "yes",
        "alt_name": "Narrow Water Castle",
        "building": "yes",
        "castle_type": "defensive",
        "designation": "Monument in State Care",
        "historic": "castle",
        "historic:civilization": "middle-ages",
        "name": "Narrow Water Keep",
        "ref:nismr": "DOW 051:044",
        "start_date": "1560",
        "tourism": "attraction",
        "website": "https://www.communities-ni.gov.uk/heritage-sites/narrow-water-castle",
        "wikidata": "Q6966307",
        "wikipedia": "en:Narrow Water Castle",
        "@geometry": "center"
      },
      "geometry": {
        "type": "Point",
        "coordinates": [
          -6.2797417,
          54.1111928
        ]
      },
      "id": "way/161451422"
    },
    {
      "type": "Feature",
      "properties": {
        "@id": "way/161753107",
        "building": "yes",
        "historic": "castle",
        "name": "St Mawes Castle",
        "@geometry": "center"
      },
      "geometry": {
        "type": "Point",
        "coordinates": [
          -5.0237469,
          50.1554298
        ]
      },
      "id": "way/161753107"
    },
    {
      "type": "Feature",
      "properties": {
        "@id": "way/161800467",
        "addr:city": "London",
        "architect": "Christopher Wren",
        "architect:wikidata": "Q170373",
        "building": "yes",
        "castle_type": "palace",
        "heritage": "2",
        "heritage:operator": "he",
        "heritage:website": "https://historicengland.org.uk/listing/the-list/list-entry/1331701",
        "historic": "castle",
        "inscription_date": "1970-02-05",
        "listed_status": "Grade I",
        "name": "Marlborough House",
        "office": "government",
        "ref:GB:nhle": "1331701",
        "source:name": "survey",
        "start_date": "1711",
        "wheelchair": "no",
        "wikidata": "Q565532",
        "wikipedia": "en:Marlborough House",
        "@geometry": "center"
      },
      "geometry": {
        "type": "Point",
        "coordinates": [
          -0.1360297,
          51.5049743
        ]
      },
      "id": "way/161800467"
    },
    {
      "type": "Feature",
      "properties": {
        "@id": "way/162578773",
        "addr:city": "London",
        "addr:street": "Charlton Road",
        "building": "yes",
        "building:architecture": "jacobean",
        "castle_type": "manor",
        "heritage": "2",
        "heritage:operator": "he",
        "heritage:website": "https://historicengland.org.uk/listing/the-list/list-entry/1218593",
        "historic": "castle",
        "listed_status": "Grade I",
        "name": "Charlton House",
        "ref:GB:nhle": "1218593",
        "wikidata": "Q3656999",
        "year_of_construction": "1607–1612",
        "@geometry": "center"
      },
      "geometry": {
        "type": "Point",
        "coordinates": [
          0.0371435,
          51.4806842
        ]
      },
      "id": "way/162578773"
    },
    {
      "type": "Feature",
      "properties": {
        "@id": "way/163664229",
        "alt_name": "Coursing Tower",
        "building": "collapsed",
        "historic": "castle",
        "man_made": "tower",
        "name": "Patterton Tower",
        "ref:GB:uprn": "10015329232",
        "source": "bing",
        "@geometry": "center"
      },
      "geometry": {
        "type": "Point",
        "coordinates": [
          -4.3329643,
          55.7897499
        ]
      },
      "id": "way/163664229"
    },
    {
      "type": "Feature",
      "properties": {
        "@id": "way/165491426",
        "building": "yes",
        "historic": "castle",
        "name": "Castle Cottage",
        "source": "Bing",
        "@geometry": "center"
      },
      "geometry": {
        "type": "Point",
        "coordinates": [
          -4.6595148,
          51.1630272
        ]
      },
      "id": "way/165491426"
    },
    {
      "type": "Feature",
      "properties": {
        "@id": "node/166078169",
        "historic": "castle",
        "name": "Aberystwyth Castle",
        "name:cy": "Castell Aberystwyth",
        "ruins": "yes",
        "tourism": "attraction",
        "website": "http://www.castlewales.com/aberystw.html",
        "wheelchair": "yes",
        "wikidata": "Q319745",
        "wikipedia": "en:Aberystwyth Castle"
      },
      "geometry": {
        "type": "Point",
        "coordinates": [
          -4.0895152,
          52.4133256
        ]
      },
      "id": "node/166078169"
    },
    {
      "type": "Feature",
      "properties": {
        "@id": "way/166612287",
        "addr:city": "King's Lynn",
        "addr:country": "GB",
        "addr:postcode": "PE31 6AH",
        "addr:suburb": "Castle Rising",
        "building": "yes",
        "building:condition": "ruinous",
        "castle_type": "defensive",
        "historic": "castle",
        "name": "Castle Rising",
        "operator": "English Heritage",
        "ruins": "yes",
        "source": "Bing;EH website",
        "url": "https://www.english-heritage.org.uk/visit/places/castle-rising-castle/",
        "wikidata": "Q1049485",
        "wikipedia": "en:Castle Rising Castle",
        "@geometry": "center"
      },
      "geometry": {
        "type": "Point",
        "coordinates": [
          0.4689731,
          52.7929374
        ]
      },
      "id": "way/166612287"
    },
    {
      "type": "Feature",
      "properties": {
        "@id": "way/167782318",
        "addr:city": "Monmouth",
        "addr:postcode": "NP25 3BS",
        "addr:street": "Castle Hill",
        "building": "yes",
        "castle_type": "defensive",
        "historic": "castle",
        "name": "Monmouth Castle",
        "name:ca": "Castell de Monmouth",
        "name:cy": "Castell Trefynwy",
        "name:eo": "Kastelo de Monmouth",
        "name:es": "Castillo de Monmouth",
        "name:fo": "Monmouth Borgin",
        "name:fr": "Château de Monmouth",
        "name:hi": "मॉनमाउथ किला",
        "name:hu": "Monmouthi vár",
        "name:ja": "モンマス城",
        "name:la": "Castellum Monemutense",
        "name:ru": "Монмут",
        "name:uk": "Монмут",
        "name:ur": "مانماؤتھ قلعہ",
        "name:zh": "蒙茅斯城堡",
        "ruins": "yes",
        "wikidata": "Q525635",
        "wikipedia": "en:Monmouth Castle",
        "@geometry": "center"
      },
      "geometry": {
        "type": "Point",
        "coordinates": [
          -2.7169019,
          51.8123024
        ]
      },
      "id": "way/167782318"
    },
    {
      "type": "Feature",
      "properties": {
        "@id": "way/168001936",
        "HE_ref": "401287",
        "addr:city": "Evesham",
        "addr:postcode": "WR11 7SA",
        "addr:street": "Manor Road",
        "building": "detached",
        "castle_type": "manor",
        "historic": "castle",
        "listed_status": "Grade II",
        "name": "Wickhamford Manor House",
        "source:addr:postcode": "OS Opendata Codepoint",
        "source:listed_status": "English Heritage",
        "@geometry": "center"
      },
      "geometry": {
        "type": "Point",
        "coordinates": [
          -1.902191,
          52.0782532
        ]
      },
      "id": "way/168001936"
    },
    {
      "type": "Feature",
      "properties": {
        "@id": "way/169563667",
        "access": "permissive",
        "addr:city": "St Mawes",
        "addr:postcode": "TR2 5DE",
        "addr:street": "Castle Drive",
        "castle_type": "defensive",
        "historic": "castle",
        "historic:civilization": "medieval",
        "name": "St Mawes Castle",
        "operator": "English Heritage",
        "source": "Bing",
        "website": "https://www.english-heritage.org.uk/visit/places/st-mawes-castle/",
        "wikidata": "Q3662856",
        "wikipedia": "en:St Mawes Castle",
        "@geometry": "center"
      },
      "geometry": {
        "type": "Point",
        "coordinates": [
          -5.023911,
          50.1554367
        ]
      },
      "id": "way/169563667"
    },
    {
      "type": "Feature",
      "properties": {
        "@id": "way/170342435",
        "addr:postcode": "EH21 8PY",
        "building": "tower",
        "castle_type": "stately",
        "email": "mail@carberrytower.com",
        "fhrs:id": "1053136",
        "historic": "castle",
        "name": "Carberry Tower",
        "phone": "+441316653135",
        "tourism": "hotel",
        "website": "https://carberrytower.com/",
        "wikidata": "Q5037851",
        "wikipedia": "en:Carberry Tower",
        "@geometry": "center"
      },
      "geometry": {
        "type": "Point",
        "coordinates": [
          -3.020612,
          55.915962
        ]
      },
      "id": "way/170342435"
    },
    {
      "type": "Feature",
      "properties": {
        "@id": "way/170372345",
        "building": "yes",
        "historic": "castle",
        "name": "Scalloway Castle",
        "ruins": "yes",
        "wikidata": "Q2278591",
        "wikipedia": "en:Scalloway Castle",
        "@geometry": "center"
      },
      "geometry": {
        "type": "Point",
        "coordinates": [
          -1.2740254,
          60.1355977
        ]
      },
      "id": "way/170372345"
    },
    {
      "type": "Feature",
      "properties": {
        "@id": "way/170379299",
        "building": "yes",
        "historic": "castle",
        "name": "Muness Castle",
        "ruins": "yes",
        "wheelchair": "no",
        "wikidata": "Q2278554",
        "wikipedia": "en:Muness Castle",
        "@geometry": "center"
      },
      "geometry": {
        "type": "Point",
        "coordinates": [
          -0.8491673,
          60.6887366
        ]
      },
      "id": "way/170379299"
    },
    {
      "type": "Feature",
      "properties": {
        "@id": "way/170658041",
        "addr:housename": "Edinample Castle",
        "building": "residential",
        "historic": "castle",
        "name": "Edinample Castle",
        "source": "bing;survey",
        "wikidata": "Q5338115",
        "wikipedia": "en:Edinample Castle",
        "@geometry": "center"
      },
      "geometry": {
        "type": "Point",
        "coordinates": [
          -4.2657391,
          56.3755386
        ]
      },
      "id": "way/170658041"
    },
    {
      "type": "Feature",
      "properties": {
        "@id": "way/171966190",
        "addr:city": "Low Wray, Ambleside",
        "addr:postcode": "LA22 0JA",
        "building": "yes",
        "building:condition": "preserved",
        "castle_type": "stately",
        "historic": "castle",
        "name": "Wray Castle",
        "operator": "National Trust",
        "operator:wikidata": "Q333515",
        "phone": "+44 1539 433250",
        "website": "https://www.nationaltrust.org.uk/wray-castle",
        "wikidata": "Q8037645",
        "wikimedia_commons": "File:Wray Castle, Windermere.jpg",
        "wikipedia": "en:Wray Castle",
        "@geometry": "center"
      },
      "geometry": {
        "type": "Point",
        "coordinates": [
          -2.9643423,
          54.4006169
        ]
      },
      "id": "way/171966190"
    },
    {
      "type": "Feature",
      "properties": {
        "@id": "way/172235571",
        "alt_name": "Edirdovar;Ederdour",
        "building": "yes",
        "castle_type": "manor",
        "historic": "castle",
        "name": "Redcastle",
        "name:gd": "an Caisteal ruadh",
        "ruins": "yes",
        "tourism": "attraction",
        "wikidata": "Q7305546",
        "wikipedia": "en:Redcastle",
        "@geometry": "center"
      },
      "geometry": {
        "type": "Point",
        "coordinates": [
          -4.3657204,
          57.5134642
        ]
      },
      "id": "way/172235571"
    },
    {
      "type": "Feature",
      "properties": {
        "@id": "way/172569730",
        "building": "ruins",
        "historic": "castle",
        "name": "Betchworth Castle",
        "wikidata": "Q4897394",
        "wikipedia": "en:Betchworth Castle",
        "@geometry": "center"
      },
      "geometry": {
        "type": "Point",
        "coordinates": [
          -0.2962724,
          51.237297
        ]
      },
      "id": "way/172569730"
    },
    {
      "type": "Feature",
      "properties": {
        "@id": "way/173830514",
        "building": "yes",
        "historic": "castle",
        "name": "Carrick Castle",
        "wikidata": "Q32698",
        "wikipedia": "en:Carrick Castle",
        "@geometry": "center"
      },
      "geometry": {
        "type": "Point",
        "coordinates": [
          -4.9056878,
          56.1088517
        ]
      },
      "id": "way/173830514"
    },
    {
      "type": "Feature",
      "properties": {
        "@id": "way/174931892",
        "historic": "castle",
        "name": "Bishop's Palace",
        "wikidata": "Q15199454",
        "wikipedia": "en:Bishop's Palace, Llandaff",
        "@geometry": "center"
      },
      "geometry": {
        "type": "Point",
        "coordinates": [
          -3.2175996,
          51.4945015
        ]
      },
      "id": "way/174931892"
    },
    {
      "type": "Feature",
      "properties": {
        "@id": "way/175606745",
        "building": "yes",
        "historic": "castle",
        "name": "Drumlanrig Castle",
        "wikidata": "Q2184812",
        "wikipedia": "en:Drumlanrig Castle",
        "@geometry": "center"
      },
      "geometry": {
        "type": "Point",
        "coordinates": [
          -3.8092139,
          55.2740802
        ]
      },
      "id": "way/175606745"
    },
    {
      "type": "Feature",
      "properties": {
        "@id": "way/177023800",
        "addr:city": "Ashbourne",
        "addr:postcode": "DE6 1RA",
        "addr:village": "Tissington",
        "building": "yes",
        "castle_type": "manor",
        "historic": "castle",
        "name": "Tissington Hall",
        "source": "survey;bing",
        "website": "https://www.tissingtonhall.co.uk/",
        "wikidata": "Q7809651",
        "wikipedia": "en:Tissington Hall",
        "@geometry": "center"
      },
      "geometry": {
        "type": "Point",
        "coordinates": [
          -1.740901,
          53.0680809
        ]
      },
      "id": "way/177023800"
    },
    {
      "type": "Feature",
      "properties": {
        "@id": "way/178206517",
        "building": "yes",
        "historic": "castle",
        "layer": "1",
        "name": "Balgray Tower",
        "source": "bing;survey",
        "@geometry": "center"
      },
      "geometry": {
        "type": "Point",
        "coordinates": [
          -4.2294596,
          55.8872078
        ]
      },
      "id": "way/178206517"
    },
    {
      "type": "Feature",
      "properties": {
        "@id": "way/178539382",
        "addr:city": "Amberley",
        "addr:postcode": "BN18 9LT",
        "addr:street": "Station Road",
        "building": "yes",
        "fhrs:id": "151563",
        "historic": "castle",
        "listed_status": "Grade I",
        "name": "Amberley Castle",
        "source:addr": "FHRS Open Data",
        "tourism": "hotel",
        "wikidata": "Q4741357",
        "@geometry": "center"
      },
      "geometry": {
        "type": "Point",
        "coordinates": [
          -0.5400067,
          50.9089807
        ]
      },
      "id": "way/178539382"
    },
    {
      "type": "Feature",
      "properties": {
        "@id": "way/178807847",
        "addr:housename": "Bagshot Park Mansion",
        "addr:street": "Bagshot Park",
        "building": "house",
        "castle_type": "palace",
        "historic": "castle",
        "listed_status": "Grade II",
        "source": "SAS",
        "source:listed_status": "Historic England",
        "wikidata": "Q582085",
        "wikipedia": "en:Bagshot Park",
        "@geometry": "center"
      },
      "geometry": {
        "type": "Point",
        "coordinates": [
          -0.6959708,
          51.3708249
        ]
      },
      "id": "way/178807847"
    },
    {
      "type": "Feature",
      "properties": {
        "@id": "way/179159254",
        "access": "no",
        "addr:postcode": "G66 7LD",
        "barrier": "wall",
        "building:levels": "3",
        "castle_type": "manor",
        "disused:amenity": "hospital",
        "historic": "castle",
        "name": "Lennox Castle",
        "ruins": "castle",
        "wikidata": "Q17568297",
        "@geometry": "center"
      },
      "geometry": {
        "type": "Point",
        "coordinates": [
          -4.2356599,
          55.9774027
        ]
      },
      "id": "way/179159254"
    },
    {
      "type": "Feature",
      "properties": {
        "@id": "way/180165788",
        "access": "private",
        "building": "yes",
        "historic": "castle",
        "name": "Ballone Castle",
        "wikidata": "Q20013922",
        "@geometry": "center"
      },
      "geometry": {
        "type": "Point",
        "coordinates": [
          -3.8052573,
          57.8302717
        ]
      },
      "id": "way/180165788"
    },
    {
      "type": "Feature",
      "properties": {
        "@id": "way/183296513",
        "building": "yes",
        "historic": "castle",
        "@geometry": "center"
      },
      "geometry": {
        "type": "Point",
        "coordinates": [
          -7.7283447,
          54.4773428
        ]
      },
      "id": "way/183296513"
    },
    {
      "type": "Feature",
      "properties": {
        "@id": "way/185414185",
        "barrier": "wall",
        "building": "ruins",
        "historic": "castle",
        "name": "Newark Castle",
        "wikidata": "Q2100417",
        "wikipedia": "en:Newark Castle, Selkirkshire",
        "@geometry": "center"
      },
      "geometry": {
        "type": "Point",
        "coordinates": [
          -2.9197255,
          55.5547771
        ]
      },
      "id": "way/185414185"
    },
    {
      "type": "Feature",
      "properties": {
        "@id": "way/187153778",
        "historic": "castle",
        "name": "Castle of Pitsligo",
        "ref:canmore": "20801",
        "ruins": "yes",
        "wikidata": "Q9705658",
        "wikipedia": "en:Pitsligo Castle",
        "@geometry": "center"
      },
      "geometry": {
        "type": "Point",
        "coordinates": [
          -2.1068255,
          57.6923121
        ]
      },
      "id": "way/187153778"
    },
    {
      "type": "Feature",
      "properties": {
        "@id": "way/187153780",
        "historic": "castle",
        "name": "Castle of Pittulie",
        "ruins": "yes",
        "@geometry": "center"
      },
      "geometry": {
        "type": "Point",
        "coordinates": [
          -2.0935148,
          57.6930043
        ]
      },
      "id": "way/187153780"
    },
    {
      "type": "Feature",
      "properties": {
        "@id": "way/187453687",
        "building": "yes",
        "historic": "castle",
        "name": "Helmingham Hall",
        "start_date": "1510",
        "wikidata": "Q12059832",
        "wikipedia": "en:Helmingham Hall",
        "@geometry": "center"
      },
      "geometry": {
        "type": "Point",
        "coordinates": [
          1.196505,
          52.1740302
        ]
      },
      "id": "way/187453687"
    },
    {
      "type": "Feature",
      "properties": {
        "@id": "way/188118769",
        "access": "private",
        "building": "ruins",
        "castle_type": "defensive",
        "historic": "castle",
        "ruins": "yes",
        "start_date": "1490",
        "@geometry": "center"
      },
      "geometry": {
        "type": "Point",
        "coordinates": [
          -2.7616344,
          53.8996753
        ]
      },
      "id": "way/188118769"
    },
    {
      "type": "Feature",
      "properties": {
        "@id": "way/188147808",
        "building": "yes",
        "historic": "castle",
        "name": "Dinton Folly",
        "wikidata": "Q5278736",
        "@geometry": "center"
      },
      "geometry": {
        "type": "Point",
        "coordinates": [
          -0.8915118,
          51.7973379
        ]
      },
      "id": "way/188147808"
    },
    {
      "type": "Feature",
      "properties": {
        "@id": "way/188283032",
        "addr:city": "Highcliffe",
        "addr:county": "Dorset",
        "addr:housename": "Highcliffe Castle",
        "addr:postcode": "BH23 4LE",
        "addr:street": "Rothesay Drive",
        "building": "yes",
        "castle_type": "stately",
        "email": "enquiries@highcliffecastle.co.uk",
        "historic": "castle",
        "name": "Highcliffe Castle",
        "phone": "+44 1425 278807",
        "website": "https://www.highcliffecastle.co.uk/",
        "wikidata": "Q5757915",
        "wikipedia": "en:Highcliffe Castle",
        "@geometry": "center"
      },
      "geometry": {
        "type": "Point",
        "coordinates": [
          -1.7136623,
          50.7380233
        ]
      },
      "id": "way/188283032"
    },
    {
      "type": "Feature",
      "properties": {
        "@id": "way/188698013",
        "building": "yes",
        "historic": "castle",
        "name": "Chesterhouse Tower",
        "@geometry": "center"
      },
      "geometry": {
        "type": "Point",
        "coordinates": [
          -2.3614437,
          55.4760435
        ]
      },
      "id": "way/188698013"
    },
    {
      "type": "Feature",
      "properties": {
        "@id": "way/189966655",
        "addr:city": "Farnham",
        "addr:postcode": "GU9 0AG",
        "building": "castle",
        "building:levels": "4",
        "castle_type": "stately",
        "historic": "castle",
        "name": "Farnham Castle",
        "roof:colour": "#AD7C75",
        "roof:shape": "gabled",
        "tourism": "attraction",
        "website": "https://www.farnhamcastle.com",
        "wikidata": "Q5436016",
        "wikipedia": "en:Farnham Castle",
        "@geometry": "center"
      },
      "geometry": {
        "type": "Point",
        "coordinates": [
          -0.8020523,
          51.2185824
        ]
      },
      "id": "way/189966655"
    },
    {
      "type": "Feature",
      "properties": {
        "@id": "way/190116370",
        "building": "castle",
        "castle_type": "defensive",
        "historic": "castle",
        "name": "Castle Leod",
        "name:pt": "Castelo Leod",
        "website": "https://www.castleleod.org.uk/",
        "wikidata": "Q5050177",
        "wikipedia": "en:Castle Leod",
        "@geometry": "center"
      },
      "geometry": {
        "type": "Point",
        "coordinates": [
          -4.5349591,
          57.5984922
        ]
      },
      "id": "way/190116370"
    },
    {
      "type": "Feature",
      "properties": {
        "@id": "way/190293233",
        "historic": "castle",
        "name": "Castle (site of)",
        "note": "casle mound only",
        "@geometry": "center"
      },
      "geometry": {
        "type": "Point",
        "coordinates": [
          -1.5617148,
          52.4177019
        ]
      },
      "id": "way/190293233"
    },
    {
      "type": "Feature",
      "properties": {
        "@id": "way/190824944",
        "building": "yes",
        "castle_type": "manor",
        "historic": "castle",
        "name": "Boothby Hall",
        "ref:GB:uprn": "10007246192",
        "wikidata": "Q26459085",
        "@geometry": "center"
      },
      "geometry": {
        "type": "Point",
        "coordinates": [
          -0.5592821,
          52.8649947
        ]
      },
      "id": "way/190824944"
    },
    {
      "type": "Feature",
      "properties": {
        "@id": "way/190846628",
        "historic": "castle",
        "name": "Old Hawarden Castle",
        "wikidata": "Q3404121",
        "wikipedia": "en:Hawarden Castle (medieval)",
        "@geometry": "center"
      },
      "geometry": {
        "type": "Point",
        "coordinates": [
          -3.0198586,
          53.1808759
        ]
      },
      "id": "way/190846628"
    },
    {
      "type": "Feature",
      "properties": {
        "@id": "way/190852361",
        "building": "yes",
        "historic": "castle",
        "name": "Corsbie Tower (ruin)",
        "@geometry": "center"
      },
      "geometry": {
        "type": "Point",
        "coordinates": [
          -2.6257303,
          55.6864303
        ]
      },
      "id": "way/190852361"
    },
    {
      "type": "Feature",
      "properties": {
        "@id": "way/193457121",
        "castle_type": "defensive",
        "historic": "castle",
        "name": "Caludon Castle",
        "name:fa": "قلعه کالادون",
        "ruins": "yes",
        "source": "survey",
        "tourism": "attraction",
        "wikidata": "Q5024019",
        "wikipedia": "en:Caludon Castle",
        "@geometry": "center"
      },
      "geometry": {
        "type": "Point",
        "coordinates": [
          -1.4516617,
          52.4180137
        ]
      },
      "id": "way/193457121"
    },
    {
      "type": "Feature",
      "properties": {
        "@id": "way/194295083",
        "building": "ruins",
        "historic": "castle",
        "name": "Sketrick Castle (ruin)",
        "@geometry": "center"
      },
      "geometry": {
        "type": "Point",
        "coordinates": [
          -5.6480891,
          54.488187
        ]
      },
      "id": "way/194295083"
    },
    {
      "type": "Feature",
      "properties": {
        "@id": "way/194487381",
        "building": "yes",
        "communication:amateur_radio:wca": "GI-00109",
        "historic": "castle",
        "name": "Glenarm Castle",
        "website": "https://glenarmcastle.com/",
        "wikidata": "Q617342",
        "wikipedia": "en:Glenarm Castle",
        "@geometry": "center"
      },
      "geometry": {
        "type": "Point",
        "coordinates": [
          -5.9560778,
          54.9661809
        ]
      },
      "id": "way/194487381"
    },
    {
      "type": "Feature",
      "properties": {
        "@id": "way/194660482",
        "barrier": "wall",
        "colour": "white",
        "fee": "yes",
        "historic": "castle",
        "name": "Corgarff Castle",
        "name:gd": "Caisteal Chòrr Gairbh",
        "operator": "Historic Scotland",
        "ruins": "no",
        "source": "bing",
        "source:non_location": "local_knowledge",
        "wikidata": "Q2157892",
        "wikipedia": "en:Corgarff Castle",
        "@geometry": "center"
      },
      "geometry": {
        "type": "Point",
        "coordinates": [
          -3.2342419,
          57.1628051
        ]
      },
      "id": "way/194660482"
    },
    {
      "type": "Feature",
      "properties": {
        "@id": "way/195551073",
        "castle_type": "defensive",
        "historic": "castle",
        "landuse": "grass",
        "name": "Narberth Castle",
        "ruins": "yes",
        "wikidata": "Q6965584",
        "wikipedia": "en:Narberth Castle",
        "@geometry": "center"
      },
      "geometry": {
        "type": "Point",
        "coordinates": [
          -4.7424842,
          51.7963521
        ]
      },
      "id": "way/195551073"
    },
    {
      "type": "Feature",
      "properties": {
        "@id": "way/198162100",
        "historic": "castle",
        "name": "Dolforwyn Castle",
        "name:cy": "Castell Dolforwyn",
        "ruins": "castle",
        "wikidata": "Q1235495",
        "wikipedia": "en:Dolforwyn Castle",
        "@geometry": "center"
      },
      "geometry": {
        "type": "Point",
        "coordinates": [
          -3.2520582,
          52.5464769
        ]
      },
      "id": "way/198162100"
    },
    {
      "type": "Feature",
      "properties": {
        "@id": "way/198677355",
        "area": "yes",
        "castle_type": "defensive",
        "fee": "yes",
        "historic": "castle",
        "name": "Bolsover Castle",
        "name:fr": "Château de Bolsover",
        "name:ga": "Caisleán Bolsover",
        "name:zh": "博爾索弗城堡",
        "note": "Approximate area",
        "operator": "English Heritage",
        "source": "Bing",
        "tourism": "attraction",
        "website": "https://www.english-heritage.org.uk/visit/places/bolsover-castle/",
        "wikidata": "Q2968590",
        "wikipedia": "en:Bolsover Castle",
        "@geometry": "center"
      },
      "geometry": {
        "type": "Point",
        "coordinates": [
          -1.2972868,
          53.2309748
        ]
      },
      "id": "way/198677355"
    },
    {
      "type": "Feature",
      "properties": {
        "@id": "way/199199380",
        "castle_type": "defensive",
        "historic": "castle",
        "name": "Hopton Castle",
        "ruins": "yes",
        "tourism": "attraction",
        "wikidata": "Q9293795",
        "wikipedia": "en:Hopton Castle",
        "@geometry": "center"
      },
      "geometry": {
        "type": "Point",
        "coordinates": [
          -2.9319281,
          52.3958816
        ]
      },
      "id": "way/199199380"
    },
    {
      "type": "Feature",
      "properties": {
        "@id": "way/199274535",
        "addr:street": "Craigcrook Road",
        "building": "yes",
        "historic": "castle",
        "name": "Craigcrook Castle",
        "source:outline": "Bing",
        "website": "http://www.craigcrookcastle.co.uk/",
        "@geometry": "center"
      },
      "geometry": {
        "type": "Point",
        "coordinates": [
          -3.2656804,
          55.9549453
        ]
      },
      "id": "way/199274535"
    },
    {
      "type": "Feature",
      "properties": {
        "@id": "way/199894161",
        "castle_type": "defensive",
        "fee": "no",
        "historic": "castle",
        "name": "Castle Sween",
        "name:fr": "Château de Sween",
        "name:pt": "Castelo Sween",
        "operator": "Historic Scotland",
        "ruins": "yes",
        "source": "OS7",
        "tourism": "attraction",
        "wikidata": "Q3174",
        "wikipedia": "en:Castle Sween",
        "@geometry": "center"
      },
      "geometry": {
        "type": "Point",
        "coordinates": [
          -5.6654146,
          55.9479295
        ]
      },
      "id": "way/199894161"
    },
    {
      "type": "Feature",
      "properties": {
        "@id": "way/199990003",
        "historic": "castle",
        "name": "Dunselma",
        "@geometry": "center"
      },
      "geometry": {
        "type": "Point",
        "coordinates": [
          -4.8996324,
          55.9853361
        ]
      },
      "id": "way/199990003"
    },
    {
      "type": "Feature",
      "properties": {
        "@id": "way/200690847",
        "historic": "castle",
        "name": "Ravensworth Castle Gatehouse",
        "@geometry": "center"
      },
      "geometry": {
        "type": "Point",
        "coordinates": [
          -1.7820626,
          54.4645615
        ]
      },
      "id": "way/200690847"
    },
    {
      "type": "Feature",
      "properties": {
        "@id": "way/202650082",
        "building": "yes",
        "historic": "castle",
        "name": "Etal Castle",
        "ruins": "yes",
        "wikidata": "Q17527573",
        "@geometry": "center"
      },
      "geometry": {
        "type": "Point",
        "coordinates": [
          -2.1207829,
          55.6473018
        ]
      },
      "id": "way/202650082"
    },
    {
      "type": "Feature",
      "properties": {
        "@id": "way/203867228",
        "HE_ref": "1215318",
        "heritage": "2",
        "heritage:operator": "English Heritage",
        "historic": "castle",
        "listed_status": "Grade I",
        "operator": "National Trust",
        "source": "bing;English Heritage",
        "@geometry": "center"
      },
      "geometry": {
        "type": "Point",
        "coordinates": [
          -0.1927157,
          53.1017764
        ]
      },
      "id": "way/203867228"
    },
    {
      "type": "Feature",
      "properties": {
        "@id": "way/203867229",
        "HE_ref": "1215318",
        "heritage": "2",
        "heritage:operator": "English Heritage",
        "historic": "castle",
        "listed_status": "Grade I",
        "operator": "National Trust",
        "source": "bing;English Heritage",
        "@geometry": "center"
      },
      "geometry": {
        "type": "Point",
        "coordinates": [
          -0.1921651,
          53.1015502
        ]
      },
      "id": "way/203867229"
    },
    {
      "type": "Feature",
      "properties": {
        "@id": "way/203867230",
        "HE_ref": "1215318",
        "heritage": "2",
        "heritage:operator": "English Heritage",
        "historic": "castle",
        "listed_status": "Grade I",
        "operator": "National Trust",
        "source": "bing;English Heritage",
        "@geometry": "center"
      },
      "geometry": {
        "type": "Point",
        "coordinates": [
          -0.1928687,
          53.1011975
        ]
      },
      "id": "way/203867230"
    },
    {
      "type": "Feature",
      "properties": {
        "@id": "way/204317322",
        "building": "yes",
        "historic": "castle",
        "name": "Thirlestane Castle (Ruin)",
        "@geometry": "center"
      },
      "geometry": {
        "type": "Point",
        "coordinates": [
          -2.6940188,
          55.7179175
        ]
      },
      "id": "way/204317322"
    },
    {
      "type": "Feature",
      "properties": {
        "@id": "way/204331943",
        "historic": "castle",
        "name": "Cubbie Roo's Castle",
        "operator": "Historic Scotland",
        "ref:canmore": "2665",
        "source": "wikipedia;Bing",
        "wikidata": "Q2459452",
        "@geometry": "center"
      },
      "geometry": {
        "type": "Point",
        "coordinates": [
          -2.976837,
          59.1198048
        ]
      },
      "id": "way/204331943"
    },
    {
      "type": "Feature",
      "properties": {
        "@id": "way/204569206",
        "castle_type": "defensive",
        "heritage:operator": "Cadw",
        "historic": "castle",
        "name": "Castell Dolwyddelan",
        "name:cy": "Castell Dolwyddelan",
        "name:en": "Dolwyddelan Castle",
        "name:ru": "Замок Долвиделан",
        "source": "bing",
        "source:name": "OS 1:25k",
        "wikidata": "Q2369922",
        "wikipedia": "en:Dolwyddelan Castle",
        "@geometry": "center"
      },
      "geometry": {
        "type": "Point",
        "coordinates": [
          -3.9083414,
          53.0529852
        ]
      },
      "id": "way/204569206"
    },
    {
      "type": "Feature",
      "properties": {
        "@id": "way/204661302",
        "building": "yes",
        "castle_type": "stately",
        "historic": "castle",
        "name": "Balfour Castle",
        "source": "OS7",
        "start_date": "1847",
        "tourism": "hotel",
        "website": "https://www.balfourcastle.co.uk/",
        "wikidata": "Q4850755",
        "wikipedia": "en:Balfour Castle",
        "@geometry": "center"
      },
      "geometry": {
        "type": "Point",
        "coordinates": [
          -2.9167525,
          59.0317446
        ]
      },
      "id": "way/204661302"
    },
    {
      "type": "Feature",
      "properties": {
        "@id": "way/204998520",
        "check_date:opening_hours": "2024-01-16",
        "fee": "yes",
        "flickr": "https://www.flickr.com/photos/185017394@N08/49789883672",
        "historic": "castle",
        "name": "Brougham Castle",
        "opening_hours": "Sa-Su 10:00-16:00",
        "operator": "English Heritage",
        "owner": "English Heritage",
        "ruins": "yes",
        "tourism": "attraction",
        "website": "https://www.english-heritage.org.uk/visit/places/brougham-castle/",
        "wheelchair": "limited",
        "wikidata": "Q2968700",
        "wikipedia": "en:Brougham Castle",
        "@geometry": "center"
      },
      "geometry": {
        "type": "Point",
        "coordinates": [
          -2.718887,
          54.6539507
        ]
      },
      "id": "way/204998520"
    },
    {
      "type": "Feature",
      "properties": {
        "@id": "way/205001517",
        "barrier": "city_wall",
        "castle_type": "defensive",
        "historic": "castle",
        "name": "Carlisle Castle",
        "name:ca": "Castell de Carlisle",
        "name:eo": "Kastelo Carlisle",
        "name:es": "Castillo de Carlisle",
        "name:fr": "Château de Carlisle",
        "name:it": "Castello di Carlisle",
        "name:ms": "Istana kota Carlisle",
        "name:nl": "Carlisle Castle",
        "name:pt": "Castelo de Carlisle",
        "name:th": "ปราสาทคาร์ไลล์",
        "name:zh": "卡萊爾城堡",
        "opening_hours": "Mo-Su 10:00-18:00",
        "operator": "English Heritage",
        "tourism": "attraction",
        "website": "https://www.english-heritage.org.uk/visit/places/carlisle-castle/",
        "wikidata": "Q614836",
        "wikipedia": "en:Carlisle Castle",
        "@geometry": "center"
      },
      "geometry": {
        "type": "Point",
        "coordinates": [
          -2.9419106,
          54.8972261
        ]
      },
      "id": "way/205001517"
    },
    {
      "type": "Feature",
      "properties": {
        "@id": "way/205506104",
        "alt_name": "Bickleigh Court",
        "castle_type": "manor",
        "historic": "castle",
        "historic:civilization": "medieval",
        "landuse": "residential",
        "name": "Bickleigh Castle",
        "wikidata": "Q4903673",
        "wikipedia": "en:Bickleigh Castle",
        "@geometry": "center"
      },
      "geometry": {
        "type": "Point",
        "coordinates": [
          -3.5123263,
          50.8513992
        ]
      },
      "id": "way/205506104"
    },
    {
      "type": "Feature",
      "properties": {
        "@id": "way/207657299",
        "building": "castle",
        "castle_type": "defensive",
        "historic": "castle",
        "name": "Newton St Loe Castle",
        "source": "bing",
        "wikidata": "Q7020368",
        "wikipedia": "en:Newton St Loe Castle",
        "@geometry": "center"
      },
      "geometry": {
        "type": "Point",
        "coordinates": [
          -2.4409694,
          51.3740238
        ]
      },
      "id": "way/207657299"
    },
    {
      "type": "Feature",
      "properties": {
        "@id": "way/207779686",
        "building": "yes",
        "historic": "castle",
        "name": "Bolingbroke Castle",
        "operator": "English Heritage",
        "ruins": "yes",
        "source": "Bing",
        "wikidata": "Q3241847",
        "wikipedia": "en:Bolingbroke Castle",
        "@geometry": "center"
      },
      "geometry": {
        "type": "Point",
        "coordinates": [
          0.0169033,
          53.1651771
        ]
      },
      "id": "way/207779686"
    },
    {
      "type": "Feature",
      "properties": {
        "@id": "way/208046270",
        "building": "residential",
        "castle_type": "stately",
        "heritage": "yes",
        "heritage:operator": "Historic Environment Scotland",
        "historic": "castle",
        "name": "Carolside",
        "ref:GB:hs": "LB2122",
        "wikidata": "Q5045291",
        "wikipedia": "en:Carolside, Scottish Borders",
        "@geometry": "center"
      },
      "geometry": {
        "type": "Point",
        "coordinates": [
          -2.6963462,
          55.6505113
        ]
      },
      "id": "way/208046270"
    },
    {
      "type": "Feature",
      "properties": {
        "@id": "way/208491598",
        "alt_name": "Cowdenknowes Castle",
        "building": "residential",
        "castle_type": "stately",
        "historic": "castle",
        "name": "Cowdenknowes House",
        "wikidata": "Q17568499",
        "@geometry": "center"
      },
      "geometry": {
        "type": "Point",
        "coordinates": [
          -2.6728376,
          55.625201
        ]
      },
      "id": "way/208491598"
    },
    {
      "type": "Feature",
      "properties": {
        "@id": "way/210247248",
        "addr:city": "Cardiff",
        "addr:postcode": "CF5 2LN",
        "addr:street": "Fairwater Road",
        "addr:suburb": "Llandaff",
        "building": "yes",
        "building:levels": "3",
        "historic": "castle",
        "name": "Insole Court",
        "name:cy": "Cwrt Insole",
        "name:en": "Insole Court",
        "opening_hours": "Mo-Su 10:00-16:00",
        "ref:GB:uprn": "10023545744",
        "source": "Bing, Local knowledge",
        "toilets:wheelchair": "yes",
        "website": "https://insolecourt.org/mansion/",
        "wheelchair": "yes",
        "wheelchair:description": "there is a lift for the upstairs. upstairs area currently not open to public but might be open for rental",
        "wikidata": "Q6038209",
        "wikipedia": "en:Insole Court",
        "@geometry": "center"
      },
      "geometry": {
        "type": "Point",
        "coordinates": [
          -3.2251112,
          51.4920864
        ]
      },
      "id": "way/210247248"
    },
    {
      "type": "Feature",
      "properties": {
        "@id": "way/210280965",
        "access": "no",
        "building": "yes",
        "castle_type": "defensive",
        "historic": "castle",
        "name": "Sandsfoot Castle",
        "ruins": "yes",
        "tourism": "attraction",
        "wikidata": "Q1164888",
        "wikipedia": "en:Sandsfoot Castle",
        "@geometry": "center"
      },
      "geometry": {
        "type": "Point",
        "coordinates": [
          -2.4607954,
          50.59523
        ]
      },
      "id": "way/210280965"
    },
    {
      "type": "Feature",
      "properties": {
        "@id": "way/210552183",
        "building": "yes",
        "historic": "castle",
        "name": "Taymouth Castle",
        "name:gd": "Caisteal Bhealaich",
        "start_date": "1810",
        "wikidata": "Q1541584",
        "@geometry": "center"
      },
      "geometry": {
        "type": "Point",
        "coordinates": [
          -3.9811227,
          56.5947703
        ]
      },
      "id": "way/210552183"
    },
    {
      "type": "Feature",
      "properties": {
        "@id": "way/211191247",
        "alt_name": "Breacachadh Castle",
        "building": "yes",
        "castle_type": "towerhouse",
        "historic": "castle",
        "name": "Breachacha Castle",
        "@geometry": "center"
      },
      "geometry": {
        "type": "Point",
        "coordinates": [
          -6.6279908,
          56.590771
        ]
      },
      "id": "way/211191247"
    },
    {
      "type": "Feature",
      "properties": {
        "@id": "way/211191249",
        "building": "yes",
        "castle_type": "manor",
        "heritage": "yes",
        "historic": "castle",
        "name": "Breachacha House",
        "wikidata": "Q15116815",
        "wikipedia": "en:Breachacha Castle",
        "@geometry": "center"
      },
      "geometry": {
        "type": "Point",
        "coordinates": [
          -6.6295796,
          56.591608
        ]
      },
      "id": "way/211191249"
    },
    {
      "type": "Feature",
      "properties": {
        "@id": "way/213217400",
        "building": "yes",
        "historic": "castle",
        "name": "Kinnaird Castle",
        "@geometry": "center"
      },
      "geometry": {
        "type": "Point",
        "coordinates": [
          -3.2324779,
          56.4461634
        ]
      },
      "id": "way/213217400"
    },
    {
      "type": "Feature",
      "properties": {
        "@id": "way/213851354",
        "building": "yes",
        "castle_type": "defensive",
        "historic": "castle",
        "name": "Castle Menzies",
        "name:es": "Castillo Menzies",
        "name:gd": "Caisteal Uaimh",
        "name:pt": "Castelo Menzies",
        "tourism": "attraction",
        "website": "https://www.castlemenzies.org/",
        "wikidata": "Q1049450",
        "wikipedia": "en:Castle Menzies",
        "@geometry": "center"
      },
      "geometry": {
        "type": "Point",
        "coordinates": [
          -3.8971183,
          56.6239751
        ]
      },
      "id": "way/213851354"
    },
    {
      "type": "Feature",
      "properties": {
        "@id": "way/215118905",
        "addr:postcode": "KA2 9BS",
        "building": "yes",
        "historic": "castle",
        "name": "Dundonald Castle",
        "ref:GB:uprn": "141056725",
        "source": "survey",
        "wikidata": "Q2844574",
        "wikipedia": "en:Dundonald Castle",
        "@geometry": "center"
      },
      "geometry": {
        "type": "Point",
        "coordinates": [
          -4.5972833,
          55.5767927
        ]
      },
      "id": "way/215118905"
    },
    {
      "type": "Feature",
      "properties": {
        "@id": "way/215831528",
        "building": "construction",
        "castle_type": "defensive",
        "historic": "castle",
        "name": "Duntarvie Castle",
        "name:pt": "Castelo Duntarvie",
        "ruins": "yes",
        "wikidata": "Q5315754",
        "wikipedia": "en:Duntarvie Castle",
        "@geometry": "center"
      },
      "geometry": {
        "type": "Point",
        "coordinates": [
          -3.4588662,
          55.9726482
        ]
      },
      "id": "way/215831528"
    },
    {
      "type": "Feature",
      "properties": {
        "@id": "way/216528615",
        "alt_name": "Thornton Manor Estate",
        "building": "hotel",
        "castle_type": "manor",
        "email": "info@thorntonmanor.co.uk",
        "fax": "+44 151 353 1166",
        "historic": "castle",
        "name": "Thornton Manor",
        "phone": "+44 151 353 1155",
        "smoking": "outside",
        "source": "Bing",
        "tourism": "hotel",
        "website": "https://www.thorntonmanor.co.uk/",
        "wikidata": "Q7796547",
        "wikipedia": "en:Thornton Manor",
        "@geometry": "center"
      },
      "geometry": {
        "type": "Point",
        "coordinates": [
          -3.0520109,
          53.3277527
        ]
      },
      "id": "way/216528615"
    },
    {
      "type": "Feature",
      "properties": {
        "@id": "way/216883959",
        "addr:place": "Megginch Castle Estate",
        "building": "residential",
        "castle_type": "manor",
        "historic": "castle",
        "name": "Megginch Castle",
        "url": "https://megginchcastle.com/",
        "@geometry": "center"
      },
      "geometry": {
        "type": "Point",
        "coordinates": [
          -3.230069,
          56.4075262
        ]
      },
      "id": "way/216883959"
    },
    {
      "type": "Feature",
      "properties": {
        "@id": "way/217186326",
        "fee": "yes",
        "historic": "castle",
        "museum": "living_history",
        "name": "Stansted Mountfitchet Castle",
        "tourism": "museum",
        "website": "https://mountfitchetcastle.com/",
        "wikidata": "Q16248130",
        "wikipedia": "en:Stansted Mountfitchet Castle",
        "@geometry": "center"
      },
      "geometry": {
        "type": "Point",
        "coordinates": [
          0.2016619,
          51.9028863
        ]
      },
      "id": "way/217186326"
    },
    {
      "type": "Feature",
      "properties": {
        "@id": "way/217356741",
        "building": "castle",
        "historic": "castle",
        "name": "Shirburn Castle",
        "source:name": "OS_OpenData_StreetView",
        "wikidata": "Q7498342",
        "wikipedia": "en:Shirburn Castle",
        "@geometry": "center"
      },
      "geometry": {
        "type": "Point",
        "coordinates": [
          -0.9943943,
          51.6584022
        ]
      },
      "id": "way/217356741"
    },
    {
      "type": "Feature",
      "properties": {
        "@id": "way/217834653",
        "building": "farm",
        "historic": "castle",
        "name": "Fowlis Castle",
        "wikidata": "Q16981278",
        "wikipedia": "en:Fowlis Castle",
        "@geometry": "center"
      },
      "geometry": {
        "type": "Point",
        "coordinates": [
          -3.1033774,
          56.4872326
        ]
      },
      "id": "way/217834653"
    },
    {
      "type": "Feature",
      "properties": {
        "@id": "way/219650194",
        "building": "yes",
        "castle_type": "stately",
        "historic": "castle",
        "name": "Featherstone Castle",
        "name:es": "Castillo de Featherstone",
        "wikidata": "Q5439646",
        "wikipedia": "en:Featherstone Castle",
        "@geometry": "center"
      },
      "geometry": {
        "type": "Point",
        "coordinates": [
          -2.5104736,
          54.942174
        ]
      },
      "id": "way/219650194"
    },
    {
      "type": "Feature",
      "properties": {
        "@id": "way/219814352",
        "building": "yes",
        "castle_type": "stately",
        "historic": "castle",
        "name": "Bellister Castle",
        "owner": "national_trust",
        "wikidata": "Q4884057",
        "wikipedia": "en:Bellister Castle",
        "@geometry": "center"
      },
      "geometry": {
        "type": "Point",
        "coordinates": [
          -2.4690272,
          54.960402
        ]
      },
      "id": "way/219814352"
    },
    {
      "type": "Feature",
      "properties": {
        "@id": "way/220925997",
        "addr:postcode": "DT2 7LG",
        "alt_name": "Adlampston;Athelhampton Hall",
        "building": "yes",
        "castle_type": "manor",
        "email": "enquiry@athelhampton.co.uk",
        "historic": "castle",
        "name": "Athelhampton House",
        "phone": "+44 1305 848363",
        "website": "https://www.athelhampton.co.uk/",
        "wikidata": "Q19832956",
        "@geometry": "center"
      },
      "geometry": {
        "type": "Point",
        "coordinates": [
          -2.3265649,
          50.7476731
        ]
      },
      "id": "way/220925997"
    },
    {
      "type": "Feature",
      "properties": {
        "@id": "way/221405468",
        "access": "private",
        "historic": "castle",
        "historic:civilization": "medieval",
        "name": "Locking Head Castle",
        "source": "Bing",
        "source:name": "OS 1:25k",
        "start_date": "1100",
        "@geometry": "center"
      },
      "geometry": {
        "type": "Point",
        "coordinates": [
          -2.9148432,
          51.3434146
        ]
      },
      "id": "way/221405468"
    },
    {
      "type": "Feature",
      "properties": {
        "@id": "way/221610493",
        "amenity": "cafe",
        "building": "yes",
        "castle_type": "stately",
        "fixme": "building, museum & tea room should be maped separately",
        "heritage": "yes",
        "historic": "castle",
        "name": "Glenbarr Abbey - Clan Macalister Museum & Tea Room",
        "name:ga": "Am Bárr",
        "tourism": "museum",
        "wikidata": "Q17770472",
        "@geometry": "center"
      },
      "geometry": {
        "type": "Point",
        "coordinates": [
          -5.6967588,
          55.5650456
        ]
      },
      "id": "way/221610493"
    },
    {
      "type": "Feature",
      "properties": {
        "@id": "way/221846437",
        "building": "yes",
        "castle_type": "manor",
        "heritage:operator": "Historic Environment Scotland",
        "heritage:website": "https://portal.historicenvironment.scot/designation/LB9183",
        "historic": "castle",
        "listed_status": "Category A",
        "name": "Leith Hall",
        "ref:GB:hs": "LB9183",
        "wikidata": "Q6520390",
        "wikipedia": "en:Leith Hall",
        "@geometry": "center"
      },
      "geometry": {
        "type": "Point",
        "coordinates": [
          -2.7647955,
          57.3562536
        ]
      },
      "id": "way/221846437"
    },
    {
      "type": "Feature",
      "properties": {
        "@id": "way/222122369",
        "building": "ruins",
        "castle_type": "defensive",
        "heritage": "2",
        "heritage:operator": "Cadw",
        "historic": "castle",
        "historic:civilization": "medieval",
        "name": "Loughor Castle",
        "name:cy": "Castell Casllwchwr",
        "old_name": "Leucarum Roman Fort",
        "ruins": "yes",
        "wikidata": "Q6686227",
        "wikipedia": "en:Loughor Castle",
        "@geometry": "center"
      },
      "geometry": {
        "type": "Point",
        "coordinates": [
          -4.0774155,
          51.6621984
        ]
      },
      "id": "way/222122369"
    },
    {
      "type": "Feature",
      "properties": {
        "@id": "way/222766489",
        "historic": "castle",
        "name": "Pennard Castle",
        "ruins": "yes",
        "wikidata": "Q4185855",
        "@geometry": "center"
      },
      "geometry": {
        "type": "Point",
        "coordinates": [
          -4.1022476,
          51.5765272
        ]
      },
      "id": "way/222766489"
    },
    {
      "type": "Feature",
      "properties": {
        "@id": "way/223292319",
        "access": "yes",
        "building": "yes",
        "castle_type": "defensive",
        "designation": "Monument in State Care",
        "historic": "castle",
        "historic:civilization": "medieval",
        "name": "Audley's Castle",
        "name:de": "Audley’s Castle",
        "name:uk": "Замок Одлі",
        "ref:nismr": "DOW 031:006",
        "tourism": "attraction",
        "website": "https://www.communities-ni.gov.uk/heritage-sites/audleys-castle",
        "wikidata": "Q4820045",
        "wikipedia": "en:Audley's Castle",
        "@geometry": "center"
      },
      "geometry": {
        "type": "Point",
        "coordinates": [
          -5.5719272,
          54.3795714
        ]
      },
      "id": "way/223292319"
    },
    {
      "type": "Feature",
      "properties": {
        "@id": "way/223292325",
        "building": "yes",
        "historic": "castle",
        "name": "Castle Ward",
        "wikidata": "Q3663083",
        "wikipedia": "en:Castle Ward",
        "@geometry": "center"
      },
      "geometry": {
        "type": "Point",
        "coordinates": [
          -5.5787751,
          54.3729687
        ]
      },
      "id": "way/223292325"
    },
    {
      "type": "Feature",
      "properties": {
        "@id": "way/223554899",
        "building": "yes",
        "heritage": "yes",
        "historic": "castle",
        "name": "Castle Lachlan",
        "wikidata": "Q11839510",
        "wikipedia": "en:New Castle Lachlan",
        "@geometry": "center"
      },
      "geometry": {
        "type": "Point",
        "coordinates": [
          -5.1972034,
          56.1113411
        ]
      },
      "id": "way/223554899"
    },
    {
      "type": "Feature",
      "properties": {
        "@id": "way/224143298",
        "addr:city": "Glasgow",
        "addr:postcode": "G77 6NT",
        "building": "yes",
        "historic": "castle",
        "name": "Pollok Castle",
        "ref:GB:uprn": "131026954",
        "source": "bing",
        "@geometry": "center"
      },
      "geometry": {
        "type": "Point",
        "coordinates": [
          -4.3555083,
          55.7826548
        ]
      },
      "id": "way/224143298"
    },
    {
      "type": "Feature",
      "properties": {
        "@id": "way/224281268",
        "addr:city": "Glasgow",
        "addr:housename": "Crookston Castle",
        "addr:postcode": "G53 5RY",
        "addr:street": "Brockburn Road",
        "building": "yes",
        "historic": "castle",
        "name": "Crookston Castle",
        "opening_hours": "Mo-Su 09:30-17:30",
        "operator": "Historic Scotland",
        "ref:GB:uprn": "906700240846",
        "ruins": "yes",
        "website": "https://www.historicenvironment.scot/visit-a-place/places/crookston-castle/",
        "wikidata": "Q1966112",
        "wikipedia": "en:Crookston Castle",
        "@geometry": "center"
      },
      "geometry": {
        "type": "Point",
        "coordinates": [
          -4.3558411,
          55.8351128
        ]
      },
      "id": "way/224281268"
    },
    {
      "type": "Feature",
      "properties": {
        "@id": "way/224487643",
        "building": "yes",
        "historic": "castle",
        "name": "Meggernie Castle",
        "name:gd": "Migearnaidh",
        "@geometry": "center"
      },
      "geometry": {
        "type": "Point",
        "coordinates": [
          -4.3561368,
          56.5839007
        ]
      },
      "id": "way/224487643"
    },
    {
      "type": "Feature",
      "properties": {
        "@id": "way/225091594",
        "building": "yes",
        "historic": "castle",
        "name": "Evelaw Tower (remains of)",
        "@geometry": "center"
      },
      "geometry": {
        "type": "Point",
        "coordinates": [
          -2.5415897,
          55.7652309
        ]
      },
      "id": "way/225091594"
    },
    {
      "type": "Feature",
      "properties": {
        "@id": "way/225476573",
        "HE_ref": "1160959",
        "addr:city": "Cornwall",
        "addr:housename": "Mount Edgcumbe House",
        "addr:housenumber": "Cremyll",
        "addr:postcode": "PL10 1HZ",
        "addr:street": "Torpoint",
        "building": "yes",
        "castle_type": "stately",
        "heritage": "2",
        "heritage:operator": "Historic England",
        "historic": "castle",
        "listed_status": "Grade II",
        "name": "Mount Edgcumbe House",
        "tourism": "attraction",
        "website": "https://www.mountedgcumbe.gov.uk/",
        "wikidata": "Q6920546",
        "wikipedia": "en:Mount Edgcumbe House",
        "@geometry": "center"
      },
      "geometry": {
        "type": "Point",
        "coordinates": [
          -4.1759055,
          50.3542903
        ]
      },
      "id": "way/225476573"
    },
    {
      "type": "Feature",
      "properties": {
        "@id": "way/228014356",
        "building": "yes",
        "historic": "castle",
        "name": "Edrington Castle (Ruins)",
        "@geometry": "center"
      },
      "geometry": {
        "type": "Point",
        "coordinates": [
          -2.0964914,
          55.7737417
        ]
      },
      "id": "way/228014356"
    },
    {
      "type": "Feature",
      "properties": {
        "@id": "way/228532001",
        "access": "private",
        "addr:city": "Matlock",
        "addr:postcode": "DE4 5QS",
        "addr:street": "Riber Road",
        "addr:village": "Riber",
        "building": "yes",
        "historic": "castle",
        "name": "Riber Castle",
        "wikidata": "Q7322322",
        "wikipedia": "en:Riber Castle",
        "@geometry": "center"
      },
      "geometry": {
        "type": "Point",
        "coordinates": [
          -1.5430991,
          53.1278435
        ]
      },
      "id": "way/228532001"
    },
    {
      "type": "Feature",
      "properties": {
        "@id": "way/228989320",
        "addr:city": "Richmond",
        "castle_type": "fortress",
        "historic": "castle",
        "listed_status": "Grade I",
        "name": "Richmond Castle",
        "name:br": "Kastell Richmond",
        "name:it": "Castello di Richmond",
        "operator": "English Heritage",
        "tourism": "attraction",
        "website": "https://www.english-heritage.org.uk/visit/places/richmond-castle/",
        "wheelchair": "limited",
        "wikidata": "Q6645746",
        "wikipedia": "en:Richmond Castle",
        "@geometry": "center"
      },
      "geometry": {
        "type": "Point",
        "coordinates": [
          -1.7371953,
          54.401781
        ]
      },
      "id": "way/228989320"
    },
    {
      "type": "Feature",
      "properties": {
        "@id": "way/229742565",
        "building": "yes",
        "historic": "ruins",
        "image": "https://www.geograph.org.uk/photo/6288569",
        "ruins": "castle",
        "source": "survey",
        "@geometry": "center"
      },
      "geometry": {
        "type": "Point",
        "coordinates": [
          -1.8068961,
          54.2840586
        ]
      },
      "id": "way/229742565"
    },
    {
      "type": "Feature",
      "properties": {
        "@id": "way/229742566",
        "building": "yes",
        "historic": "ruins",
        "ruins": "castle",
        "source": "survey",
        "@geometry": "center"
      },
      "geometry": {
        "type": "Point",
        "coordinates": [
          -1.8069829,
          54.2840676
        ]
      },
      "id": "way/229742566"
    },
    {
      "type": "Feature",
      "properties": {
        "@id": "way/229752726",
        "castle_type": "motte",
        "historic": "castle",
        "name": "Foss Castle",
        "@geometry": "center"
      },
      "geometry": {
        "type": "Point",
        "coordinates": [
          -0.7173943,
          54.494395
        ]
      },
      "id": "way/229752726"
    },
    {
      "type": "Feature",
      "properties": {
        "@id": "way/229903962",
        "building": "yes",
        "historic": "castle",
        "name": "Mains Castle",
        "wikidata": "Q17567700",
        "@geometry": "center"
      },
      "geometry": {
        "type": "Point",
        "coordinates": [
          -4.1892168,
          55.7781679
        ]
      },
      "id": "way/229903962"
    },
    {
      "type": "Feature",
      "properties": {
        "@id": "way/231443457",
        "building": "castle",
        "castle_type": "manor",
        "historic": "castle",
        "name": "Chilham Castle",
        "note": "A private dwelling whose gardens are open on Tuesdays during the summer months. Has been used for many films and dramas.",
        "wikidata": "Q5098912",
        "wikipedia": "en:Chilham Castle",
        "@geometry": "center"
      },
      "geometry": {
        "type": "Point",
        "coordinates": [
          0.9598389,
          51.2429883
        ]
      },
      "id": "way/231443457"
    },
    {
      "type": "Feature",
      "properties": {
        "@id": "way/231680255",
        "building": "yes",
        "historic": "castle",
        "name": "Scaleby Castle",
        "wikidata": "Q7429730",
        "@geometry": "center"
      },
      "geometry": {
        "type": "Point",
        "coordinates": [
          -2.8617378,
          54.9536935
        ]
      },
      "id": "way/231680255"
    },
    {
      "type": "Feature",
      "properties": {
        "@id": "way/231942152",
        "building": "house",
        "building:levels": "3",
        "castle_type": "manor",
        "heritage": "2",
        "heritage:operator": "hs",
        "historic": "castle",
        "image": "https://commons.wikimedia.org/wiki/File:Scotland_Orkney_Skaill_House.jpg",
        "name": "Skaill House",
        "roof:levels": "1",
        "tourism": "attraction",
        "wikidata": "Q1996368",
        "wikipedia": "en:Skaill House",
        "@geometry": "center"
      },
      "geometry": {
        "type": "Point",
        "coordinates": [
          -3.3364853,
          59.0476845
        ]
      },
      "id": "way/231942152"
    },
    {
      "type": "Feature",
      "properties": {
        "@id": "way/232119717",
        "addr:city": "Campbeltown",
        "addr:housename": "Saddell Castle",
        "addr:postcode": "PA28 6QS",
        "addr:street": "Saddell",
        "building": "yes",
        "castle_type": "defensive",
        "heritage": "yes",
        "historic": "castle",
        "name": "Saddell Castle",
        "name:eu": "Saddell gaztelua",
        "name:fr": "Château de Saddell",
        "name:pt": "Castelo de Saddell",
        "tourism": "guest_house",
        "website": "https://www.landmarktrust.org.uk/search-and-book/properties/saddell-castle-11597/#Overview",
        "wheelchair": "no",
        "wikidata": "Q168089",
        "wikipedia": "en:Saddell Castle",
        "@geometry": "center"
      },
      "geometry": {
        "type": "Point",
        "coordinates": [
          -5.5045251,
          55.5274398
        ]
      },
      "id": "way/232119717"
    },
    {
      "type": "Feature",
      "properties": {
        "@id": "way/232569919",
        "building": "yes",
        "historic": "castle",
        "name": "Thurso Castle",
        "wikidata": "Q2745807",
        "wikipedia": "en:Thurso Castle",
        "@geometry": "center"
      },
      "geometry": {
        "type": "Point",
        "coordinates": [
          -3.5079369,
          58.5994288
        ]
      },
      "id": "way/232569919"
    },
    {
      "type": "Feature",
      "properties": {
        "@id": "way/232578467",
        "access": "customers",
        "building:condition": "completely_ruinous",
        "castle_type": "defensive",
        "historic": "castle",
        "historic:civilization": "medieval",
        "name": "St Andrews Castle",
        "ruins": "yes",
        "tourism": "attraction",
        "website": "https://www.historicenvironment.scot/visit-a-place/places/st-andrews-castle/",
        "wikidata": "Q2287936",
        "wikipedia": "en:St Andrews Castle",
        "@geometry": "center"
      },
      "geometry": {
        "type": "Point",
        "coordinates": [
          -2.7899524,
          56.3422368
        ]
      },
      "id": "way/232578467"
    },
    {
      "type": "Feature",
      "properties": {
        "@id": "way/232823958",
        "access": "customers",
        "building": "yes",
        "historic": "castle",
        "name": "Thirlestane Castle",
        "tourism": "museum",
        "website": "https://www.visitscotland.com/info/see-do/thirlestane-castle-p248661",
        "wikidata": "Q17567863",
        "@geometry": "center"
      },
      "geometry": {
        "type": "Point",
        "coordinates": [
          -2.7437743,
          55.7222976
        ]
      },
      "id": "way/232823958"
    },
    {
      "type": "Feature",
      "properties": {
        "@id": "way/233183202",
        "historic": "castle",
        "name": "Drummond Castle",
        "name:cs": "Hrad Drummond",
        "wikidata": "Q5309218",
        "@geometry": "center"
      },
      "geometry": {
        "type": "Point",
        "coordinates": [
          -3.8711625,
          56.3405324
        ]
      },
      "id": "way/233183202"
    },
    {
      "type": "Feature",
      "properties": {
        "@id": "way/233337437",
        "HE_ref": "148651",
        "addr:city": "Evesham",
        "addr:housename": "Bretforton Manor House",
        "addr:postcode": "WR11 7JH",
        "addr:street": "Main Street",
        "building": "yes",
        "castle_type": "manor",
        "historic": "castle",
        "listed_status": "Grade II",
        "source:listed_status": "English Heritage",
        "source:postcode": "ONS Open Data",
        "@geometry": "center"
      },
      "geometry": {
        "type": "Point",
        "coordinates": [
          -1.8672042,
          52.0930445
        ]
      },
      "id": "way/233337437"
    },
    {
      "type": "Feature",
      "properties": {
        "@id": "way/233574700",
        "castle_type": "defensive",
        "historic": "castle",
        "leisure": "park",
        "name": "Launceston Castle",
        "name:fr": "Château de Launceston",
        "name:hu": "Launcestoni vár",
        "name:it": "Castello di Launceston",
        "name:kw": "Kastel Lannstevan",
        "name:ms": "Istana kota Launceston",
        "name:pl": "Zamek w Launceston",
        "name:ru": "Лонстонский замок",
        "name:zh": "朗塞斯頓城堡",
        "ruins": "yes",
        "tourism": "attraction",
        "wikidata": "Q402848",
        "wikipedia": "en:Launceston Castle",
        "@geometry": "center"
      },
      "geometry": {
        "type": "Point",
        "coordinates": [
          -4.3621218,
          50.6371369
        ]
      },
      "id": "way/233574700"
    },
    {
      "type": "Feature",
      "properties": {
        "@id": "way/233574701",
        "building": "yes",
        "historic": "castle",
        "name": "Launceston Castle",
        "name:kw": "Kastel Lannstevan",
        "ruins": "yes",
        "@geometry": "center"
      },
      "geometry": {
        "type": "Point",
        "coordinates": [
          -4.3614444,
          50.6375656
        ]
      },
      "id": "way/233574701"
    },
    {
      "type": "Feature",
      "properties": {
        "@id": "way/233911485",
        "building": "yes",
        "historic": "castle",
        "name": "Glentruim Castle",
        "source": "OS_OpenData_StreetView",
        "@geometry": "center"
      },
      "geometry": {
        "type": "Point",
        "coordinates": [
          -4.1743882,
          57.0265783
        ]
      },
      "id": "way/233911485"
    },
    {
      "type": "Feature",
      "properties": {
        "@id": "way/236177284",
        "access": "yes",
        "alt_name": "King John's Castle",
        "castle_type": "defensive",
        "historic": "castle",
        "historic:civilization": "medieval",
        "name": "Odiham Castle",
        "ruins": "yes",
        "website": "https://www3.hants.gov.uk/hampshire-countryside/odiham-castle.htm",
        "wikidata": "Q7077792",
        "wikipedia": "en:Odiham Castle",
        "year_of_construction": "1207..1214",
        "@geometry": "center"
      },
      "geometry": {
        "type": "Point",
        "coordinates": [
          -0.9616347,
          51.2613839
        ]
      },
      "id": "way/236177284"
    },
    {
      "type": "Feature",
      "properties": {
        "@id": "way/237140835",
        "castle_type": "defensive",
        "description": "14th-century tower-house of Drumin Castle is relatively well-preserved, survival up to parapet level being unusual in a tower of this date. Canmore Permalink http://canmore.org.uk/site/16027",
        "height": "10",
        "historic": "castle",
        "name": "Drumin Castle",
        "wikidata": "Q3303787",
        "wikimedia_commons": "Category:Drumin Castle",
        "wikipedia": "en:Drumin Castle",
        "@geometry": "center"
      },
      "geometry": {
        "type": "Point",
        "coordinates": [
          -3.3573337,
          57.3562534
        ]
      },
      "id": "way/237140835"
    },
    {
      "type": "Feature",
      "properties": {
        "@id": "way/240018532",
        "AREA": "YES",
        "castle_type": "defensive",
        "description": "Manor house built by the Percy family and dating from the early 13th century.",
        "historic": "castle",
        "historic:civilization": "medieval",
        "name": "Spofforth Castle",
        "ruins": "yes",
        "wikidata": "Q7578812",
        "wikipedia": "en:Spofforth Castle",
        "@geometry": "center"
      },
      "geometry": {
        "type": "Point",
        "coordinates": [
          -1.4524955,
          53.9548312
        ]
      },
      "id": "way/240018532"
    },
    {
      "type": "Feature",
      "properties": {
        "@id": "way/240605517",
        "access": "customers",
        "building": "yes",
        "historic": "castle",
        "name": "Sneaton Castle Centre",
        "@geometry": "center"
      },
      "geometry": {
        "type": "Point",
        "coordinates": [
          -0.6425348,
          54.4832561
        ]
      },
      "id": "way/240605517"
    },
    {
      "type": "Feature",
      "properties": {
        "@id": "way/241620017",
        "alt_name:en": "Dunakin",
        "alt_name:gd": "Dùn Àcainn",
        "building": "yes",
        "castle_type": "defensive",
        "historic": "castle",
        "historic:civilization": "medieval",
        "name": "Caisteal Maol",
        "name:en": "Castle Maol",
        "name:gd": "Caisteal Maol",
        "ruins": "yes",
        "wikidata": "Q440438",
        "wikipedia": "en:Caisteal Maol",
        "@geometry": "center"
      },
      "geometry": {
        "type": "Point",
        "coordinates": [
          -5.7205112,
          57.2726338
        ]
      },
      "id": "way/241620017"
    },
    {
      "type": "Feature",
      "properties": {
        "@id": "way/243476694",
        "building": "yes",
        "heritage": "yes",
        "historic": "castle",
        "name": "Twizel Castle",
        "wikidata": "Q7858638",
        "wikipedia": "en:Twizell Castle",
        "@geometry": "center"
      },
      "geometry": {
        "type": "Point",
        "coordinates": [
          -2.1877024,
          55.6839996
        ]
      },
      "id": "way/243476694"
    },
    {
      "type": "Feature",
      "properties": {
        "@id": "way/243605111",
        "access": "no",
        "contact:website": "https://www.english-heritage.org.uk/visit/places/norham-castle/",
        "historic": "castle",
        "listed_status": "Grade I",
        "name": "Norham Castle",
        "note": "EH report 2024-04-26 found bridges structurally unsafe. No access.",
        "operator": "English Heritage",
        "ruins": "yes",
        "tourism": "attraction",
        "website": "https://www.english-heritage.org.uk/visit/places/norham-castle/",
        "wikidata": "Q388705",
        "wikipedia": "en:Norham Castle",
        "@geometry": "center"
      },
      "geometry": {
        "type": "Point",
        "coordinates": [
          -2.1506983,
          55.7213712
        ]
      },
      "id": "way/243605111"
    },
    {
      "type": "Feature",
      "properties": {
        "@id": "way/243672045",
        "alt_name": "Slains Castle",
        "building": "yes",
        "castle_type": "defensive",
        "heritage": "yes",
        "historic": "castle",
        "name": "New Slains Castle",
        "ruins": "yes",
        "source": "Bing",
        "tourism": "attraction",
        "wikidata": "Q779211",
        "wikipedia": "en:New Slains Castle",
        "@geometry": "center"
      },
      "geometry": {
        "type": "Point",
        "coordinates": [
          -1.8322757,
          57.4153692
        ]
      },
      "id": "way/243672045"
    },
    {
      "type": "Feature",
      "properties": {
        "@id": "way/243764607",
        "building": "yes",
        "castle_type": "defensive",
        "historic": "castle",
        "name": "Crichton Castle",
        "name:pt": "Castelo Crichton",
        "operator": "Historic Environment Scotland",
        "ruins": "yes",
        "tourism": "attraction",
        "website": "https://www.historicenvironment.scot/visit-a-place/places/crichton-castle/",
        "wikidata": "Q2576658",
        "wikipedia": "en:Crichton Castle",
        "@geometry": "center"
      },
      "geometry": {
        "type": "Point",
        "coordinates": [
          -2.9913821,
          55.8395496
        ]
      },
      "id": "way/243764607"
    },
    {
      "type": "Feature",
      "properties": {
        "@id": "way/243856789",
        "castle_type": "defensive",
        "check_date:opening_hours": "2024-03-08",
        "historic": "castle",
        "name": "Skipness Castle",
        "opening_hours": "Apr 01-Sep 30 09:30-17:30; Oct 01-Mar 31 off",
        "seasonal": "yes",
        "tourism": "attraction",
        "website": "https://www.historicenvironment.scot/visit-a-place/places/skipness-castle-and-chapel/",
        "wikidata": "Q486383",
        "wikipedia": "en:Skipness Castle",
        "@geometry": "center"
      },
      "geometry": {
        "type": "Point",
        "coordinates": [
          -5.3363601,
          55.7679772
        ]
      },
      "id": "way/243856789"
    },
    {
      "type": "Feature",
      "properties": {
        "@id": "way/243949451",
        "heritage:operator": "Historic Environment Scotland",
        "heritage:website": "https://portal.historicenvironment.scot/designation/SM3410",
        "historic": "castle",
        "name": "Tarbert Castle",
        "ref:GB:hs": "SM3410",
        "ref:canmore": "39316",
        "wikidata": "Q1754745",
        "wikipedia": "en:Tarbert Castle",
        "@geometry": "center"
      },
      "geometry": {
        "type": "Point",
        "coordinates": [
          -5.4094945,
          55.8639467
        ]
      },
      "id": "way/243949451"
    },
    {
      "type": "Feature",
      "properties": {
        "@id": "way/244349050",
        "building": "yes",
        "castle_type": "stately",
        "historic": "castle",
        "name": "Oxenfoord Castle",
        "wikidata": "Q7115182",
        "wikipedia": "en:Oxenfoord Castle",
        "@geometry": "center"
      },
      "geometry": {
        "type": "Point",
        "coordinates": [
          -2.9794335,
          55.8787483
        ]
      },
      "id": "way/244349050"
    },
    {
      "type": "Feature",
      "properties": {
        "@id": "way/245872264",
        "access": "private",
        "building": "yes",
        "castle_type": "defensive",
        "historic": "castle",
        "historic:civilization": "medieval",
        "name": "Saint Catherine's Castle",
        "operator": "English Heritage",
        "ruins": "castle",
        "website": "https://www.english-heritage.org.uk/visit/places/st-catherines-castle/",
        "wikidata": "Q1377108",
        "wikipedia": "en:St Catherine's Castle",
        "@geometry": "center"
      },
      "geometry": {
        "type": "Point",
        "coordinates": [
          -4.6445234,
          50.3282797
        ]
      },
      "id": "way/245872264"
    },
    {
      "type": "Feature",
      "properties": {
        "@id": "way/246018581",
        "building": "yes",
        "historic": "castle",
        "name": "Candleston Castle",
        "source": "Bing",
        "wikidata": "Q2614456",
        "wikipedia": "en:Candleston Castle",
        "@geometry": "center"
      },
      "geometry": {
        "type": "Point",
        "coordinates": [
          -3.6268009,
          51.4829179
        ]
      },
      "id": "way/246018581"
    },
    {
      "type": "Feature",
      "properties": {
        "@id": "way/246038277",
        "building": "yes",
        "castle_type": "stately",
        "historic": "castle",
        "name": "Wilton Castle",
        "tourism": "attraction",
        "wikidata": "Q8023366",
        "wikipedia": "en:Wilton Castle, North Yorkshire",
        "@geometry": "center"
      },
      "geometry": {
        "type": "Point",
        "coordinates": [
          -1.102097,
          54.5687552
        ]
      },
      "id": "way/246038277"
    },
    {
      "type": "Feature",
      "properties": {
        "@id": "way/246084772",
        "area": "yes",
        "castle_type": "defensive",
        "historic": "castle",
        "name": "Carnasserie Castle",
        "name:fr": "Château de Carnasserie",
        "name:pt": "Castelo Carnasserie",
        "name_1": "Carnassarie Castle",
        "opening_hours": "24/7",
        "owner": "Historic Scotland",
        "ruins": "yes",
        "tourism": "attraction",
        "website": "http://www.historic-scotland.gov.uk/propertyresults/propertydetail.htm?PropID=PL_056",
        "wheelchair": "no",
        "wikidata": "Q1043908",
        "wikipedia": "en:Carnasserie Castle",
        "@geometry": "center"
      },
      "geometry": {
        "type": "Point",
        "coordinates": [
          -5.4806247,
          56.1512048
        ]
      },
      "id": "way/246084772"
    },
    {
      "type": "Feature",
      "properties": {
        "@id": "way/246535497",
        "building": "yes",
        "historic": "castle",
        "name": "Auchindoun Castle",
        "ruins": "yes",
        "wikidata": "Q2695922",
        "wikipedia": "en:Auchindoun Castle",
        "@geometry": "center"
      },
      "geometry": {
        "type": "Point",
        "coordinates": [
          -3.0857106,
          57.4227984
        ]
      },
      "id": "way/246535497"
    },
    {
      "type": "Feature",
      "properties": {
        "@id": "way/246737318",
        "addr:country": "GB",
        "addr:postcode": "PA31 8RQ",
        "addr:street": "Barrmor View",
        "building": "yes",
        "castle_type": "defensive",
        "fhrs:id": "1367733",
        "heritage:operator": "Historic Environment Scotland",
        "heritage:website": "https://portal.historicenvironment.scot/designation/LB11492",
        "historic": "castle",
        "listed_status": "Category B",
        "name": "Kilmartin Castle",
        "ref:GB:hs": "LB11492",
        "ref:canmore": "39515",
        "tourism": "chalet",
        "wikidata": "Q6408002",
        "wikipedia": "en:Kilmartin Castle",
        "@geometry": "center"
      },
      "geometry": {
        "type": "Point",
        "coordinates": [
          -5.4846845,
          56.1355757
        ]
      },
      "id": "way/246737318"
    },
    {
      "type": "Feature",
      "properties": {
        "@id": "way/247095841",
        "castle_type": "stately",
        "historic": "castle",
        "name": "Dungiven Castle",
        "name:ga": "Caisleán Dhún Geimhin",
        "name:uk": "Замок Дангівен",
        "wikidata": "Q5315200",
        "wikipedia": "en:Dungiven Castle",
        "@geometry": "center"
      },
      "geometry": {
        "type": "Point",
        "coordinates": [
          -6.9214015,
          54.9245484
        ]
      },
      "id": "way/247095841"
    },
    {
      "type": "Feature",
      "properties": {
        "@id": "node/247177329",
        "castle_type": "defensive",
        "historic": "castle",
        "name": "Lindsay Tower - Crawford Castle",
        "name:pt": "Castelo Crawford",
        "ref:canmore": "47407",
        "ruins": "yes",
        "tourism": "attraction",
        "wikidata": "Q5182835",
        "wikipedia": "en:Crawford Castle"
      },
      "geometry": {
        "type": "Point",
        "coordinates": [
          -3.65577,
          55.4746937
        ]
      },
      "id": "node/247177329"
    },
    {
      "type": "Feature",
      "properties": {
        "@id": "way/248633871",
        "addr:city": "Inverness, Highland",
        "addr:housename": "Dalcross Castle",
        "addr:postcode": "IV2 5PS",
        "building": "castle",
        "castle_type": "stately",
        "email": "peta@dalcrosscastle.com",
        "historic": "castle",
        "name": "Dalcross Castle",
        "tourism": "guest_house",
        "website": "http://www.dalcross.org/",
        "wikidata": "Q17567907",
        "wikipedia": "en:Dalcross Castle",
        "@geometry": "center"
      },
      "geometry": {
        "type": "Point",
        "coordinates": [
          -4.0402776,
          57.5083687
        ]
      },
      "id": "way/248633871"
    },
    {
      "type": "Feature",
      "properties": {
        "@id": "way/249334136",
        "access": "private",
        "building": "castle",
        "historic": "castle",
        "name": "Achnacarry House",
        "wikidata": "Q3299043",
        "@geometry": "center"
      },
      "geometry": {
        "type": "Point",
        "coordinates": [
          -4.9992088,
          56.9469186
        ]
      },
      "id": "way/249334136"
    },
    {
      "type": "Feature",
      "properties": {
        "@id": "way/250382844",
        "addr:city": "Burton-on-Trent",
        "addr:postcode": "DE13 8QS",
        "addr:street": "Maker Lane",
        "addr:village": "Hoar Cross",
        "building": "yes",
        "castle_type": "stately",
        "historic": "castle",
        "name": "Hoar Cross Hall",
        "phone": "+44 1283 575 671",
        "website": "https://www.hoarcross.co.uk/",
        "wikidata": "Q5874525",
        "wikipedia": "en:Hoar Cross Hall",
        "@geometry": "center"
      },
      "geometry": {
        "type": "Point",
        "coordinates": [
          -1.8188202,
          52.8056096
        ]
      },
      "id": "way/250382844"
    },
    {
      "type": "Feature",
      "properties": {
        "@id": "way/250946280",
        "historic": "castle",
        "name": "Tilquhillie Castle",
        "@geometry": "center"
      },
      "geometry": {
        "type": "Point",
        "coordinates": [
          -2.4600396,
          57.0375465
        ]
      },
      "id": "way/250946280"
    },
    {
      "type": "Feature",
      "properties": {
        "@id": "way/254613618",
        "building": "castle",
        "castle_type": "defensive",
        "email": "Info@erchless.co.uk",
        "historic": "castle",
        "name": "Erchless Castle",
        "phone": "+44 7794 839 090",
        "ref:GB:uprn": "130098219",
        "tourism": "guest_house",
        "website": "http://erchless-castle.co.uk/",
        "wikidata": "Q5385208",
        "wikipedia": "en:Erchless Castle",
        "@geometry": "center"
      },
      "geometry": {
        "type": "Point",
        "coordinates": [
          -4.649157,
          57.4295816
        ]
      },
      "id": "way/254613618"
    },
    {
      "type": "Feature",
      "properties": {
        "@id": "way/254744618",
        "building": "yes",
        "historic": "castle",
        "name": "Stobs Castle",
        "place": "isolated_dwelling",
        "@geometry": "center"
      },
      "geometry": {
        "type": "Point",
        "coordinates": [
          -2.7806378,
          55.3697033
        ]
      },
      "id": "way/254744618"
    },
    {
      "type": "Feature",
      "properties": {
        "@id": "way/256167879",
        "addr:city": "Lewes",
        "addr:postcode": "BN7 1YJ",
        "building": "yes",
        "historic": "castle",
        "name": "Lewes Castle - Barbican gate",
        "ref:GB:uprn": "10033263467",
        "wikimedia_commons": "Category:Barbican Gate, Lewes Castle",
        "@geometry": "center"
      },
      "geometry": {
        "type": "Point",
        "coordinates": [
          0.0083549,
          50.8728485
        ]
      },
      "id": "way/256167879"
    },
    {
      "type": "Feature",
      "properties": {
        "@id": "way/256167880",
        "addr:city": "Lewes",
        "addr:postcode": "BN7 1YT",
        "building": "yes",
        "historic": "castle",
        "name": "Lewes Castle - Shell Keep",
        "ref:GB:uprn": "100062634760",
        "@geometry": "center"
      },
      "geometry": {
        "type": "Point",
        "coordinates": [
          0.0075218,
          50.8728142
        ]
      },
      "id": "way/256167880"
    },
    {
      "type": "Feature",
      "properties": {
        "@id": "way/256497415",
        "building": "yes",
        "castle_type": "stately",
        "historic": "castle",
        "name": "Torrisdale Castle Estate",
        "tourism": "guest_house",
        "website": "https://www.torrisdalecastle.com/",
        "wikidata": "Q7827157",
        "wikipedia": "en:Torrisdale Castle",
        "@geometry": "center"
      },
      "geometry": {
        "type": "Point",
        "coordinates": [
          -5.5012667,
          55.5688113
        ]
      },
      "id": "way/256497415"
    },
    {
      "type": "Feature",
      "properties": {
        "@id": "way/256784055",
        "building": "castle",
        "castle_type": "defensive",
        "historic": "castle",
        "name": "Lochranza Castle",
        "ruins": "yes",
        "wikidata": "Q2340545",
        "wikipedia": "en:Lochranza Castle",
        "@geometry": "center"
      },
      "geometry": {
        "type": "Point",
        "coordinates": [
          -5.2910925,
          55.7053178
        ]
      },
      "id": "way/256784055"
    },
    {
      "type": "Feature",
      "properties": {
        "@id": "node/256877754",
        "castle_type": "defensive",
        "historic": "castle",
        "name": "Framlingham Castle",
        "name:bg": "Фрамлингамски замък",
        "name:eo": "Kastelo Framlingham",
        "name:fi": "Framlinghamin linna",
        "name:fr": "Château de Framlingham",
        "name:it": "Castello di Framlingham",
        "name:ru": "Замок Фрамлингем",
        "website": "https://www.english-heritage.org.uk/visit/places/framlingham-castle/",
        "wikidata": "Q2524183",
        "wikipedia": "en:Framlingham Castle"
      },
      "geometry": {
        "type": "Point",
        "coordinates": [
          1.3466796,
          52.2242205
        ]
      },
      "id": "node/256877754"
    },
    {
      "type": "Feature",
      "properties": {
        "@id": "way/257907987",
        "castle": "ruins",
        "historic": "castle",
        "name": "Slingsby Castle",
        "ruins": "yes",
        "source": "http://www.britishlistedbuildings.co.uk/en-329114-ruins-of-slingsby-castle-slingsby-north-",
        "tourism": "attraction",
        "wikidata": "Q17649980",
        "@geometry": "center"
      },
      "geometry": {
        "type": "Point",
        "coordinates": [
          -0.93535,
          54.1650873
        ]
      },
      "id": "way/257907987"
    },
    {
      "type": "Feature",
      "properties": {
        "@id": "way/259847422",
        "addr:city": "Glasgow",
        "addr:postcode": "G69 9HP",
        "building": "yes",
        "historic": "castle",
        "name": "Bedlay Castle",
        "ref:GB:uprn": "118025283",
        "source": "Bing",
        "wikidata": "Q4879296",
        "wikipedia": "en:Bedlay Castle",
        "@geometry": "center"
      },
      "geometry": {
        "type": "Point",
        "coordinates": [
          -4.0939169,
          55.9057978
        ]
      },
      "id": "way/259847422"
    },
    {
      "type": "Feature",
      "properties": {
        "@id": "way/260640724",
        "building": "yes",
        "castle_type": "stately",
        "historic": "castle",
        "listed_status": "Grade II*",
        "name": "Craster Tower",
        "source": "Bing",
        "@geometry": "center"
      },
      "geometry": {
        "type": "Point",
        "coordinates": [
          -1.604325,
          55.469451
        ]
      },
      "id": "way/260640724"
    },
    {
      "type": "Feature",
      "properties": {
        "@id": "way/262103059",
        "building": "yes",
        "castle_type": "defensive",
        "historic": "castle",
        "name": "Balgonie Castle",
        "name:pt": "Castelo Balgonie",
        "wikidata": "Q4850794",
        "wikipedia": "en:Balgonie Castle",
        "@geometry": "center"
      },
      "geometry": {
        "type": "Point",
        "coordinates": [
          -3.1094418,
          56.1938569
        ]
      },
      "id": "way/262103059"
    },
    {
      "type": "Feature",
      "properties": {
        "@id": "way/262749815",
        "building": "castle",
        "building:use": "apartments",
        "castle_type": "stately",
        "historic": "castle",
        "name": "Hilfield Castle",
        "ref:GB:uprn": "10013908083;10013029601",
        "wikidata": "Q5761802",
        "@geometry": "center"
      },
      "geometry": {
        "type": "Point",
        "coordinates": [
          -0.3351622,
          51.6535301
        ]
      },
      "id": "way/262749815"
    },
    {
      "type": "Feature",
      "properties": {
        "@id": "way/262826888",
        "building": "yes",
        "castle_type": "stately",
        "historic": "castle",
        "name": "Port Eliot",
        "wikidata": "Q7230603",
        "wikipedia": "en:Port Eliot",
        "@geometry": "center"
      },
      "geometry": {
        "type": "Point",
        "coordinates": [
          -4.3094197,
          50.3971584
        ]
      },
      "id": "way/262826888"
    },
    {
      "type": "Feature",
      "properties": {
        "@id": "way/263081628",
        "addr:city": "Kirriemuir",
        "addr:postcode": "DD8 5JS",
        "addr:street": "Balintore",
        "building": "yes",
        "fhrs:id": "1737967",
        "historic": "castle",
        "name": "Balintore Castle",
        "source:addr": "FHRS Open Data",
        "wikidata": "Q4850964",
        "wikipedia": "en:Balintore Castle",
        "@geometry": "center"
      },
      "geometry": {
        "type": "Point",
        "coordinates": [
          -3.1611266,
          56.7174259
        ]
      },
      "id": "way/263081628"
    },
    {
      "type": "Feature",
      "properties": {
        "@id": "way/263093518",
        "addr:housename": "Castle Fraser",
        "addr:postcode": "AB51 7LD",
        "building": "yes",
        "castle_type": "defensive",
        "highway": "footway",
        "historic": "castle",
        "name": "Castle Fraser",
        "name:es": "Castillo de Fraser",
        "name:fr": "Château de Fraser",
        "name:pt": "Castelo Fraser",
        "operator": "National Trust for Scotland",
        "ref:canmore": "18722",
        "tourism": "attraction",
        "wikidata": "Q1049410",
        "wikipedia": "en:Castle Fraser",
        "@geometry": "center"
      },
      "geometry": {
        "type": "Point",
        "coordinates": [
          -2.4605876,
          57.2030912
        ]
      },
      "id": "way/263093518"
    },
    {
      "type": "Feature",
      "properties": {
        "@id": "way/264140155",
        "alt_name": "Faside Castle",
        "building": "yes",
        "building:levels": "4",
        "contact:facebook": "https://www.facebook.com/faside.castle",
        "contact:twitter": "https://twitter.com/faside",
        "contact:website": "https://faside-estate.com/",
        "historic": "castle",
        "name": "Fa'side Castle",
        "phone": "+44 131 208 2067",
        "source": "bing",
        "wikidata": "Q5427531",
        "wikipedia": "en:Fa'side Castle",
        "@geometry": "center"
      },
      "geometry": {
        "type": "Point",
        "coordinates": [
          -2.9974733,
          55.9278486
        ]
      },
      "id": "way/264140155"
    },
    {
      "type": "Feature",
      "properties": {
        "@id": "way/264644146",
        "addr:postcode": "LL51 9AQ",
        "building": "residential",
        "heritage": "2",
        "heritage:operator": "Cadw",
        "historic": "castle",
        "listed_status": "Grade II",
        "name": "Brynkir Tower",
        "note": "A six storey, 19th century, Gothic folly, now converted to holiday accommodation",
        "old_name:cy": "Twr Gwynllan",
        "ref:GB:cadw": "4290",
        "website": "http://www.menaiholidays.co.uk/accommodation/details/brynkir_tower#",
        "wikidata": "Q29484005",
        "@geometry": "center"
      },
      "geometry": {
        "type": "Point",
        "coordinates": [
          -4.2008392,
          52.9677906
        ]
      },
      "id": "way/264644146"
    },
    {
      "type": "Feature",
      "properties": {
        "@id": "way/264922846",
        "building": "yes",
        "castle_type": "defensive",
        "historic": "castle",
        "name": "Askerton Castle",
        "wikidata": "Q15192686",
        "wikipedia": "en:Askerton Castle",
        "@geometry": "center"
      },
      "geometry": {
        "type": "Point",
        "coordinates": [
          -2.7047966,
          55.0159292
        ]
      },
      "id": "way/264922846"
    },
    {
      "type": "Feature",
      "properties": {
        "@id": "way/266638801",
        "building": "yes",
        "building:levels": "2",
        "castle_type": "stately",
        "historic": "castle",
        "name": "Duncraig Castle",
        "name:ga": "Dún Creige",
        "website": "https://www.duncraigcastle.co.uk/",
        "wikidata": "Q15618499",
        "wikipedia": "en:Duncraig Castle",
        "@geometry": "center"
      },
      "geometry": {
        "type": "Point",
        "coordinates": [
          -5.6335975,
          57.3380238
        ]
      },
      "id": "way/266638801"
    },
    {
      "type": "Feature",
      "properties": {
        "@id": "way/267656827",
        "building": "yes",
        "castle_type": "stately",
        "historic": "castle",
        "listed_status": "Grade II*",
        "name": "Rode Hall",
        "ref:GB:uprn": "200001127293;200001127292;100012356008",
        "wikidata": "Q7356511",
        "wikipedia": "en:Rode Hall",
        "@geometry": "center"
      },
      "geometry": {
        "type": "Point",
        "coordinates": [
          -2.2720122,
          53.1129164
        ]
      },
      "id": "way/267656827"
    },
    {
      "type": "Feature",
      "properties": {
        "@id": "way/271590696",
        "building": "ruins",
        "historic": "castle",
        "name": "Castle Craig",
        "ruins": "yes",
        "source": "OS OpenData Streetview",
        "tourism": "attraction",
        "wikidata": "Q5050486",
        "@geometry": "center"
      },
      "geometry": {
        "type": "Point",
        "coordinates": [
          -4.2934569,
          57.6434059
        ]
      },
      "id": "way/271590696"
    },
    {
      "type": "Feature",
      "properties": {
        "@id": "way/271728318",
        "addr:city": "Battle",
        "addr:country": "GB",
        "addr:housename": "Battle Abbey - Gate House",
        "addr:postcode": "TN33 0AD",
        "addr:street": "High Street",
        "building": "commercial",
        "building:levels": "4",
        "building:material": "sandstone",
        "check_date": "2022-10-25",
        "description": "https://historicengland.org.uk/listing/the-list/list-entry/1278698",
        "fee": "yes",
        "fixme": "Building part heights are visual estimations, and need updating with actual data.",
        "historic": "castle",
        "historic:civilization": "medieval",
        "image": "https://upload.wikimedia.org/wikipedia/commons/e/e7/Battleabbey-wyrdlight-0170.jpg",
        "listed_status": "Grade I",
        "name": "Battle Abbey",
        "name:etymology:wikidata": "Q83224",
        "operator": "English Heritage Trust",
        "payment:mastercard": "yes",
        "payment:visa": "yes",
        "tourism": "museum",
        "website": "https://www.english-heritage.org.uk/visit/places/1066-battle-of-hastings-abbey-and-battlefield/",
        "wheelchair": "limited",
        "wikidata": "Q810981",
        "wikipedia": "en:Battle Abbey",
        "@geometry": "center"
      },
      "geometry": {
        "type": "Point",
        "coordinates": [
          0.4860037,
          50.9150501
        ]
      },
      "id": "way/271728318"
    },
    {
      "type": "Feature",
      "properties": {
        "@id": "way/271903259",
        "building": "house",
        "castle_type": "palace",
        "historic": "castle",
        "name": "Earlshall Castle",
        "wikidata": "Q17574377",
        "wikipedia": "en:Earlshall Castle",
        "@geometry": "center"
      },
      "geometry": {
        "type": "Point",
        "coordinates": [
          -2.8682272,
          56.3789199
        ]
      },
      "id": "way/271903259"
    },
    {
      "type": "Feature",
      "properties": {
        "@id": "way/272604813",
        "historic": "castle",
        "name": "Twthill Castle",
        "wikidata": "Q7859519",
        "@geometry": "center"
      },
      "geometry": {
        "type": "Point",
        "coordinates": [
          -3.4618819,
          53.2868918
        ]
      },
      "id": "way/272604813"
    },
    {
      "type": "Feature",
      "properties": {
        "@id": "way/274810567",
        "HE_ref": "1007505",
        "building": "yes",
        "designation": "scheduled_monument",
        "historic": "castle",
        "listed_status": "Grade I",
        "name": "Barnard Castle",
        "ruins": "yes",
        "tourism": "attraction",
        "website": "https://www.english-heritage.org.uk/visit/places/barnard-castle/",
        "wikidata": "Q17644043",
        "wikipedia": "en:Barnard Castle (castle)",
        "@geometry": "center"
      },
      "geometry": {
        "type": "Point",
        "coordinates": [
          -1.9263539,
          54.5433304
        ]
      },
      "id": "way/274810567"
    },
    {
      "type": "Feature",
      "properties": {
        "@id": "way/274810581",
        "barrier": "wall",
        "historic": "castle",
        "ruins": "yes",
        "@geometry": "center"
      },
      "geometry": {
        "type": "Point",
        "coordinates": [
          -1.9252495,
          54.5430481
        ]
      },
      "id": "way/274810581"
    },
    {
      "type": "Feature",
      "properties": {
        "@id": "way/274812914",
        "barrier": "wall",
        "historic": "castle",
        "ruins": "yes",
        "@geometry": "center"
      },
      "geometry": {
        "type": "Point",
        "coordinates": [
          -1.9249208,
          54.5435709
        ]
      },
      "id": "way/274812914"
    },
    {
      "type": "Feature",
      "properties": {
        "@id": "way/275932847",
        "alt_name": "Caisteal Dhonnchaidh",
        "building": "ruins",
        "historic": "castle",
        "name": "Gylen Castle",
        "name:gd": "Caisteal nan Goibhlean",
        "wikidata": "Q1357566",
        "wikipedia": "en:Gylen Castle",
        "@geometry": "center"
      },
      "geometry": {
        "type": "Point",
        "coordinates": [
          -5.5566509,
          56.3794052
        ]
      },
      "id": "way/275932847"
    },
    {
      "type": "Feature",
      "properties": {
        "@id": "way/276673910",
        "building": "yes",
        "castle_type": "defensive",
        "height": "20",
        "historic": "castle",
        "name": "Castle Stalker",
        "name:gd": "Caisteal an Stalcaire",
        "name:ru": "Сталкер",
        "tourism": "attraction",
        "website": "https://www.castlestalker.com/wp/",
        "wikidata": "Q217058",
        "wikipedia": "en:Castle Stalker",
        "@geometry": "center"
      },
      "geometry": {
        "type": "Point",
        "coordinates": [
          -5.3861089,
          56.5715527
        ]
      },
      "id": "way/276673910"
    },
    {
      "type": "Feature",
      "properties": {
        "@id": "way/279579285",
        "building": "yes",
        "castle_type": "stately",
        "historic": "castle",
        "name": "Dunster Castle",
        "name:ca": "Castell de Dunster",
        "name:et": "Dunsteri linnus",
        "name:fr": "Château de Dunster",
        "name:ga": "Caisleán Dunster",
        "name:it": "Castello di Dunster",
        "operator": "National Trust",
        "tourism": "attraction",
        "website": "https://www.nationaltrust.org.uk/dunstercastle/",
        "wheelchair": "limited",
        "wikidata": "Q2969173",
        "wikipedia": "en:Dunster Castle",
        "@geometry": "center"
      },
      "geometry": {
        "type": "Point",
        "coordinates": [
          -3.4437207,
          51.1816623
        ]
      },
      "id": "way/279579285"
    },
    {
      "type": "Feature",
      "properties": {
        "@id": "way/280341742",
        "alt_name": "The Vaults",
        "historic": "ruins",
        "name": "Barnes Castle",
        "ruins": "castle",
        "wikidata": "Q4861518",
        "wikipedia": "en:Barnes Castle",
        "@geometry": "center"
      },
      "geometry": {
        "type": "Point",
        "coordinates": [
          -2.7567562,
          55.9796654
        ]
      },
      "id": "way/280341742"
    },
    {
      "type": "Feature",
      "properties": {
        "@id": "way/280922297",
        "historic": "castle",
        "name": "Kenmure Castle",
        "wikidata": "Q16893264",
        "@geometry": "center"
      },
      "geometry": {
        "type": "Point",
        "coordinates": [
          -4.138324,
          55.0632653
        ]
      },
      "id": "way/280922297"
    },
    {
      "type": "Feature",
      "properties": {
        "@id": "way/285826485",
        "historic": "castle",
        "name": "Motte",
        "@geometry": "center"
      },
      "geometry": {
        "type": "Point",
        "coordinates": [
          0.3374831,
          51.9042197
        ]
      },
      "id": "way/285826485"
    },
    {
      "type": "Feature",
      "properties": {
        "@id": "way/285871977",
        "building": "yes",
        "heritage": "yes",
        "historic": "castle",
        "name": "Law Castle",
        "wikidata": "Q6502991",
        "@geometry": "center"
      },
      "geometry": {
        "type": "Point",
        "coordinates": [
          -4.8480824,
          55.6960955
        ]
      },
      "id": "way/285871977"
    },
    {
      "type": "Feature",
      "properties": {
        "@id": "way/285871979",
        "building": "castle",
        "historic": "castle",
        "name": "Portencross Castle",
        "operator": "Friends of Portencross Castle",
        "ruins": "yes",
        "tourism": "attraction",
        "website": "https://portencrosscastle.org.uk/",
        "wikidata": "Q7231565",
        "wikipedia": "en:Portencross Castle",
        "@geometry": "center"
      },
      "geometry": {
        "type": "Point",
        "coordinates": [
          -4.9049539,
          55.699351
        ]
      },
      "id": "way/285871979"
    },
    {
      "type": "Feature",
      "properties": {
        "@id": "way/287803825",
        "building": "yes",
        "historic": "castle",
        "name": "Lickleyhead Castle",
        "@geometry": "center"
      },
      "geometry": {
        "type": "Point",
        "coordinates": [
          -2.6203519,
          57.3020322
        ]
      },
      "id": "way/287803825"
    },
    {
      "type": "Feature",
      "properties": {
        "@id": "way/288971548",
        "alt_name:gd": "Àbhart",
        "heritage:operator": "Historic Environment Scotland",
        "heritage:website": "https://portal.historicenvironment.scot/designation/SM3041",
        "historic": "castle",
        "name": "Dunaverty Castle",
        "name:gd": "Dùn Àbhartaich",
        "ref:GB:hs": "SM3041",
        "ref:canmore": "38302",
        "ruins": "yes",
        "wikidata": "Q31095458",
        "@geometry": "center"
      },
      "geometry": {
        "type": "Point",
        "coordinates": [
          -5.6441948,
          55.3069622
        ]
      },
      "id": "way/288971548"
    },
    {
      "type": "Feature",
      "properties": {
        "@id": "way/290175059",
        "building": "yes",
        "historic": "castle",
        "name": "Halkyn Castle",
        "wikidata": "Q5642524",
        "@geometry": "center"
      },
      "geometry": {
        "type": "Point",
        "coordinates": [
          -3.1855724,
          53.2292165
        ]
      },
      "id": "way/290175059"
    },
    {
      "type": "Feature",
      "properties": {
        "@id": "way/291513793",
        "building": "castle",
        "historic": "castle",
        "name": "Brochel Castle",
        "name:gd": "Caisteal Bhròchaill",
        "roof:colour": "grey",
        "wikidata": "Q923441",
        "@geometry": "center"
      },
      "geometry": {
        "type": "Point",
        "coordinates": [
          -6.0267686,
          57.4423119
        ]
      },
      "id": "way/291513793"
    },
    {
      "type": "Feature",
      "properties": {
        "@id": "node/292373620",
        "historic": "ruins",
        "name": "Midhurst Castle",
        "ruins": "castle",
        "wikidata": "Q17662321"
      },
      "geometry": {
        "type": "Point",
        "coordinates": [
          -0.7349951,
          50.9857123
        ]
      },
      "id": "node/292373620"
    },
    {
      "type": "Feature",
      "properties": {
        "@id": "way/293334418",
        "building": "castle",
        "castle_type": "defensive",
        "historic": "castle",
        "name": "Ackergil Tower",
        "name:de": "Ackergill Tower",
        "name:fr": "Château d'Ackergill",
        "name:pt": "Castelo Ackergill",
        "operator": "AmaZing Venues",
        "ref:GB:uprn": "130137280",
        "tourism": "hotel",
        "wikidata": "Q2968039",
        "wikipedia": "en:Ackergill Tower",
        "@geometry": "center"
      },
      "geometry": {
        "type": "Point",
        "coordinates": [
          -3.1113617,
          58.4754495
        ]
      },
      "id": "way/293334418"
    },
    {
      "type": "Feature",
      "properties": {
        "@id": "way/293598135",
        "building": "yes",
        "historic": "castle",
        "name": "Dartmouth Castle",
        "website": "https://www.english-heritage.org.uk/visit/places/dartmouth-castle/",
        "wikidata": "Q675259",
        "wikipedia": "en:Dartmouth Castle",
        "@geometry": "center"
      },
      "geometry": {
        "type": "Point",
        "coordinates": [
          -3.5657162,
          50.3417967
        ]
      },
      "id": "way/293598135"
    },
    {
      "type": "Feature",
      "properties": {
        "@id": "way/295565763",
        "building": "yes",
        "castle_type": "defensive",
        "historic": "castle",
        "name": "Castle Coeffin",
        "ruins": "yes",
        "wikidata": "Q81950586",
        "@geometry": "center"
      },
      "geometry": {
        "type": "Point",
        "coordinates": [
          -5.4923779,
          56.5368149
        ]
      },
      "id": "way/295565763"
    },
    {
      "type": "Feature",
      "properties": {
        "@id": "way/295565765",
        "historic": "castle",
        "name": "Achadun Castle",
        "ruins": "yes",
        "wikidata": "Q3662454",
        "wikipedia": "en:Achanduin Castle",
        "@geometry": "center"
      },
      "geometry": {
        "type": "Point",
        "coordinates": [
          -5.5684993,
          56.4941633
        ]
      },
      "id": "way/295565765"
    },
    {
      "type": "Feature",
      "properties": {
        "@id": "node/296022044",
        "historic": "castle",
        "name": "Giant's Hill",
        "source": "npe"
      },
      "geometry": {
        "type": "Point",
        "coordinates": [
          0.0965558,
          52.2915893
        ]
      },
      "id": "node/296022044"
    },
    {
      "type": "Feature",
      "properties": {
        "@id": "way/296332065",
        "building": "yes",
        "historic": "castle",
        "name": "Castle Keep North",
        "source": "Bing",
        "@geometry": "center"
      },
      "geometry": {
        "type": "Point",
        "coordinates": [
          -4.659533,
          51.1629798
        ]
      },
      "id": "way/296332065"
    },
    {
      "type": "Feature",
      "properties": {
        "@id": "way/296332653",
        "building": "yes",
        "historic": "castle",
        "name": "Castle Keep East",
        "source": "Bing",
        "@geometry": "center"
      },
      "geometry": {
        "type": "Point",
        "coordinates": [
          -4.6594492,
          51.1629303
        ]
      },
      "id": "way/296332653"
    },
    {
      "type": "Feature",
      "properties": {
        "@id": "way/296332654",
        "building": "yes",
        "historic": "castle",
        "name": "Castle Keep South",
        "source": "local knowledge",
        "@geometry": "center"
      },
      "geometry": {
        "type": "Point",
        "coordinates": [
          -4.6595669,
          51.162898
        ]
      },
      "id": "way/296332654"
    },
    {
      "type": "Feature",
      "properties": {
        "@id": "way/296332655",
        "historic": "castle",
        "name": "Marisco Castle",
        "source": "Bing",
        "wikidata": "Q17536384",
        "@geometry": "center"
      },
      "geometry": {
        "type": "Point",
        "coordinates": [
          -4.6593376,
          51.1629415
        ]
      },
      "id": "way/296332655"
    },
    {
      "type": "Feature",
      "properties": {
        "@id": "way/296332656",
        "building": "yes",
        "historic": "castle",
        "name": "Marisco Castle",
        "source": "Bing",
        "@geometry": "center"
      },
      "geometry": {
        "type": "Point",
        "coordinates": [
          -4.6596309,
          51.1629498
        ]
      },
      "id": "way/296332656"
    },
    {
      "type": "Feature",
      "properties": {
        "@id": "way/296998130",
        "addr:city": "Killyleagh",
        "addr:postcode": "BT30 9QA",
        "addr:street": "Castle Lane",
        "building": "yes",
        "building:levels": "5",
        "castle_type": "defensive",
        "historic": "castle",
        "name": "Killyleagh Castle",
        "wikidata": "Q6407929",
        "wikipedia": "en:Killyleagh Castle",
        "@geometry": "center"
      },
      "geometry": {
        "type": "Point",
        "coordinates": [
          -5.6543392,
          54.4025087
        ]
      },
      "id": "way/296998130"
    },
    {
      "type": "Feature",
      "properties": {
        "@id": "way/296998450",
        "building": "yes",
        "castle_type": "fortification",
        "historic": "castle",
        "@geometry": "center"
      },
      "geometry": {
        "type": "Point",
        "coordinates": [
          -5.6532086,
          54.40183
        ]
      },
      "id": "way/296998450"
    },
    {
      "type": "Feature",
      "properties": {
        "@id": "way/297001236",
        "addr:city": "Newtownards",
        "addr:postcode": "BT22 2AD",
        "addr:street": "Portaferry Road",
        "building": "castle",
        "building:levels": "2",
        "castle_type": "stately",
        "historic": "castle",
        "name": "Mount Stewart",
        "tourism": "attraction",
        "website": "https://www.nationaltrust.org.uk/mount-stewart/",
        "wikidata": "Q155885",
        "wikipedia": "en:Mount Stewart",
        "@geometry": "center"
      },
      "geometry": {
        "type": "Point",
        "coordinates": [
          -5.6018505,
          54.5515638
        ]
      },
      "id": "way/297001236"
    },
    {
      "type": "Feature",
      "properties": {
        "@id": "way/297367809",
        "addr:postcode": "CT21 4QU",
        "barrier": "wall",
        "castle_type": "defensive",
        "historic": "castle",
        "name": "Saltwood Castle",
        "tourism": "attraction",
        "wikidata": "Q402419",
        "wikipedia": "en:Saltwood Castle",
        "@geometry": "center"
      },
      "geometry": {
        "type": "Point",
        "coordinates": [
          1.0843794,
          51.0818062
        ]
      },
      "id": "way/297367809"
    },
    {
      "type": "Feature",
      "properties": {
        "@id": "way/297369262",
        "access": "no",
        "barrier": "retaining_wall",
        "castle_type": "fortress",
        "historic": "castle",
        "name": "Dymchurch Redoubt",
        "start_date": "1812",
        "wikidata": "Q3422931",
        "wikipedia": "en:Dymchurch Redoubt",
        "@geometry": "center"
      },
      "geometry": {
        "type": "Point",
        "coordinates": [
          1.0366137,
          51.0489393
        ]
      },
      "id": "way/297369262"
    },
    {
      "type": "Feature",
      "properties": {
        "@id": "way/297495782",
        "barrier": "wall",
        "castle_type": "fortress",
        "construction_date": "1512-1544",
        "historic": "castle",
        "name": "Camber Castle",
        "opening_hours": "sunrise-sunset",
        "operator": "Rye Harbour Nature Reserve",
        "owner": "English Heritage",
        "ruins": "yes",
        "tourism": "attraction",
        "website": "https://www.english-heritage.org.uk/visit/places/camber-castle/",
        "wikidata": "Q2968747",
        "wikipedia": "en:Camber Castle",
        "@geometry": "center"
      },
      "geometry": {
        "type": "Point",
        "coordinates": [
          0.7337366,
          50.933545
        ]
      },
      "id": "way/297495782"
    },
    {
      "type": "Feature",
      "properties": {
        "@id": "way/297495786",
        "building": "yes",
        "castle_type": "fortress",
        "historic": "castle",
        "name": "Upnor Castle",
        "operator": "English Heritage",
        "source": "survey",
        "start_date": "1564",
        "wikidata": "Q7898392",
        "wikimedia_commons": "Category:Upnor Castle",
        "wikipedia": "en:Upnor Castle",
        "@geometry": "center"
      },
      "geometry": {
        "type": "Point",
        "coordinates": [
          0.527132,
          51.4069233
        ]
      },
      "id": "way/297495786"
    },
    {
      "type": "Feature",
      "properties": {
        "@id": "way/297502776",
        "addr:city": "Worthing",
        "addr:postcode": "BN13 3UF",
        "addr:street": "Arundel Road",
        "addr:suburb": "Goring",
        "building": "yes",
        "castle_type": "manor",
        "historic": "castle",
        "name": "Castle Goring",
        "start_date": "1798",
        "wikidata": "Q5050092",
        "wikipedia": "en:Castle Goring",
        "@geometry": "center"
      },
      "geometry": {
        "type": "Point",
        "coordinates": [
          -0.4353412,
          50.8398518
        ]
      },
      "id": "way/297502776"
    },
    {
      "type": "Feature",
      "properties": {
        "@id": "way/297502777",
        "castle_type": "defensive",
        "fee": "yes",
        "historic": "castle",
        "name": "Lewes Castle",
        "seasonal": "yes",
        "start_date": "1069",
        "tourism": "attraction",
        "website": "https://sussexpast.co.uk/attraction/lewes-castle/",
        "wikidata": "Q386703",
        "wikipedia": "en:Lewes Castle",
        "@geometry": "center"
      },
      "geometry": {
        "type": "Point",
        "coordinates": [
          0.0075256,
          50.8728657
        ]
      },
      "id": "way/297502777"
    },
    {
      "type": "Feature",
      "properties": {
        "@id": "way/298654392",
        "building": "yes",
        "castle_type": "defensive",
        "historic": "castle",
        "name": "Castle Stuart",
        "name:cs": "Stuart",
        "name:sk": "Zámok Stuart",
        "tourism": "hotel",
        "website": "http://www.castlestuart.com/",
        "wikidata": "Q5050311",
        "wikipedia": "en:Castle Stuart",
        "@geometry": "center"
      },
      "geometry": {
        "type": "Point",
        "coordinates": [
          -4.1029435,
          57.5207533
        ]
      },
      "id": "way/298654392"
    },
    {
      "type": "Feature",
      "properties": {
        "@id": "way/299081451",
        "access": "private",
        "alt_name": "Castlewellan Castle Christian Conference Centre",
        "building": "yes",
        "castle_type": "castle",
        "communication:amateur_radio:wca": "GI-00005",
        "historic": "castle",
        "name": "Castlewellan Castle",
        "name:ga": "Caisleán Uidhilín",
        "operator": "Centre Ministries",
        "website": "http://castlewellancastle.org/",
        "wikidata": "Q17861504",
        "@geometry": "center"
      },
      "geometry": {
        "type": "Point",
        "coordinates": [
          -5.9554465,
          54.264486
        ]
      },
      "id": "way/299081451"
    },
    {
      "type": "Feature",
      "properties": {
        "@id": "node/299513064",
        "access": "permissive",
        "ele": "450",
        "historic": "ruins",
        "historic:civilization": "medieval",
        "name": "Castell Dinas",
        "natural": "peak",
        "ruins": "castle",
        "wikidata": "Q5049671",
        "wikipedia": "de:Castell Dinas"
      },
      "geometry": {
        "type": "Point",
        "coordinates": [
          -3.1966317,
          51.9632083
        ]
      },
      "id": "node/299513064"
    },
    {
      "type": "Feature",
      "properties": {
        "@id": "way/299593900",
        "building": "castle",
        "historic": "castle",
        "name": "Fairlie Castle",
        "ref:GB:uprn": "126062607",
        "wikidata": "Q17830889",
        "wikipedia": "en:Fairlie Castle",
        "@geometry": "center"
      },
      "geometry": {
        "type": "Point",
        "coordinates": [
          -4.8492802,
          55.7542701
        ]
      },
      "id": "way/299593900"
    },
    {
      "type": "Feature",
      "properties": {
        "@id": "way/300815287",
        "addr:city": "West Kilbride",
        "addr:housename": "Hunterston Castle",
        "addr:postcode": "KA23 9QG",
        "addr:street": "Castle Avenue",
        "building": "yes",
        "building:levels": "4",
        "castle": "yes",
        "castle_type": "defensive",
        "historic": "castle",
        "name": "Hunterston Castle",
        "roof:shape": "gabled",
        "tourism": "attraction",
        "wikidata": "Q15115311",
        "wikipedia": "en:Hunterston Castle",
        "@geometry": "center"
      },
      "geometry": {
        "type": "Point",
        "coordinates": [
          -4.8787767,
          55.7230118
        ]
      },
      "id": "way/300815287"
    },
    {
      "type": "Feature",
      "properties": {
        "@id": "way/301619946",
        "building": "yes",
        "historic": "castle",
        "name": "Hawarden Castle",
        "wikidata": "Q370127",
        "wikipedia": "en:Hawarden Castle (18th century)",
        "@geometry": "center"
      },
      "geometry": {
        "type": "Point",
        "coordinates": [
          -3.0161057,
          53.1817698
        ]
      },
      "id": "way/301619946"
    },
    {
      "type": "Feature",
      "properties": {
        "@id": "way/301645315",
        "addr:city": "Bamburgh",
        "addr:postcode": "NE69 7DF",
        "barrier": "wall",
        "castle_type": "fortress",
        "historic": "castle",
        "name": "Bamburgh Castle",
        "name:ca": "Castell de Bamburgh",
        "name:ceb": "Bamburgh Castle",
        "name:cs": "Bamburgh",
        "name:da": "Bamburgh Castle",
        "name:de": "Bamburgh Castle",
        "name:en": "Bamburgh Castle",
        "name:es": "Castillo de Bamburgh",
        "name:eu": "Bamburgheko gaztelua",
        "name:fr": "Château de Bamburgh",
        "name:hi": "बैम्बर्ग कैसल",
        "name:hy": "Բամբորո դղյակ",
        "name:it": "Castello di Bamburgh",
        "name:ms": "Istana Kota Bamburgh",
        "name:nl": "Bamburgh Castle",
        "name:no": "Bamburgh Castle",
        "name:pl": "Zamek Bamburgh",
        "name:pt": "Castelo de Bamburgo",
        "name:ru": "Замок Бамборо",
        "name:sv": "Bamburgh Castle",
        "name:uk": "Бамбург",
        "name:vi": "Lâu đài Bamburgh",
        "name:zh": "班堡城堡",
        "tourism": "attraction",
        "website": "https://www.bamburghcastle.com/",
        "wheelchair": "limited",
        "wikidata": "Q2026185",
        "wikipedia": "en:Bamburgh Castle",
        "@geometry": "center"
      },
      "geometry": {
        "type": "Point",
        "coordinates": [
          -1.7108009,
          55.6094492
        ]
      },
      "id": "way/301645315"
    },
    {
      "type": "Feature",
      "properties": {
        "@id": "way/303529017",
        "building": "yes",
        "castle_type": "stately",
        "historic": "castle",
        "name": "Powis Castle",
        "name:cy": "Castell Powys",
        "name:en": "Powis Castle",
        "operator": "National Trust",
        "wikidata": "Q1377263",
        "wikipedia:cy": "Castell Powys",
        "wikipedia:en": "Powis Castle",
        "@geometry": "center"
      },
      "geometry": {
        "type": "Point",
        "coordinates": [
          -3.1608778,
          52.6499237
        ]
      },
      "id": "way/303529017"
    },
    {
      "type": "Feature",
      "properties": {
        "@id": "way/305147686",
        "historic": "castle",
        "name": "Castell Cilgerran / Cilgeran Castle",
        "name:cy": "Castell Cilgerran",
        "name:en": "Cilgerran Castle",
        "wikidata": "Q1774870",
        "wikipedia": "cy:Castell Cilgerran",
        "@geometry": "center"
      },
      "geometry": {
        "type": "Point",
        "coordinates": [
          -4.6344433,
          52.0569751
        ]
      },
      "id": "way/305147686"
    },
    {
      "type": "Feature",
      "properties": {
        "@id": "way/305446966",
        "barrier": "wall",
        "historic": "castle",
        "name": "Eye Castle",
        "source": "Bing",
        "wikidata": "Q5422609",
        "wikipedia": "en:Eye Castle",
        "@geometry": "center"
      },
      "geometry": {
        "type": "Point",
        "coordinates": [
          1.1501434,
          52.3201107
        ]
      },
      "id": "way/305446966"
    },
    {
      "type": "Feature",
      "properties": {
        "@id": "way/305573766",
        "historic": "castle",
        "name": "Tickhill Castle",
        "tourism": "attraction",
        "wheelchair": "no",
        "wikidata": "Q2970813",
        "wikipedia": "en:Tickhill Castle",
        "@geometry": "center"
      },
      "geometry": {
        "type": "Point",
        "coordinates": [
          -1.1082029,
          53.4291855
        ]
      },
      "id": "way/305573766"
    },
    {
      "type": "Feature",
      "properties": {
        "@id": "way/305580845",
        "building": "house",
        "historic": "castle",
        "listed_status": "Category A",
        "name": "Tullibole Castle",
        "wikidata": "Q17569986",
        "wikipedia": "en:Tullibole Castle",
        "@geometry": "center"
      },
      "geometry": {
        "type": "Point",
        "coordinates": [
          -3.5280261,
          56.1883528
        ]
      },
      "id": "way/305580845"
    },
    {
      "type": "Feature",
      "properties": {
        "@id": "way/306426048",
        "building": "yes",
        "historic": "castle",
        "name": "Drumtochty Castle",
        "@geometry": "center"
      },
      "geometry": {
        "type": "Point",
        "coordinates": [
          -2.4946548,
          56.9108136
        ]
      },
      "id": "way/306426048"
    },
    {
      "type": "Feature",
      "properties": {
        "@id": "way/308924228",
        "addr:postcode": "AB35 5XR",
        "building": "yes",
        "castle_type": "defensive",
        "email": "info@braemarcastle.co.uk",
        "historic": "castle",
        "name": "Braemar Castle",
        "phone": "+44 13397 41219",
        "tourism": "attraction",
        "website": "https://www.braemarcastle.co.uk/",
        "wikidata": "Q897169",
        "wikipedia": "en:Braemar Castle",
        "@geometry": "center"
      },
      "geometry": {
        "type": "Point",
        "coordinates": [
          -3.3913686,
          57.0146847
        ]
      },
      "id": "way/308924228"
    },
    {
      "type": "Feature",
      "properties": {
        "@id": "way/309063854",
        "historic": "castle",
        "name": "Caldicot Castle",
        "name:cy": "Castell Cil-Y-Coed",
        "name:fr": "Château de Caldicot",
        "wikidata": "Q2968744",
        "wikipedia": "en:Caldicot Castle",
        "@geometry": "center"
      },
      "geometry": {
        "type": "Point",
        "coordinates": [
          -2.7422951,
          51.593103
        ]
      },
      "id": "way/309063854"
    },
    {
      "type": "Feature",
      "properties": {
        "@id": "way/311202239",
        "access": "customers",
        "building": "yes",
        "castle_type": "stately",
        "historic": "castle",
        "name": "Haldon Belvedere (Lawrence Castle)",
        "start_date": "26/04/1996",
        "@geometry": "center"
      },
      "geometry": {
        "type": "Point",
        "coordinates": [
          -3.5927412,
          50.6641305
        ]
      },
      "id": "way/311202239"
    },
    {
      "type": "Feature",
      "properties": {
        "@id": "way/314201737",
        "access": "yes",
        "building": "no",
        "castle_type": "hunting",
        "embankment": "yes",
        "historic": "castle",
        "historic:civilization": "medieval",
        "man_made": "embankment",
        "name": "Castle Piece",
        "source": "survey",
        "wikidata": "Q17671859",
        "@geometry": "center"
      },
      "geometry": {
        "type": "Point",
        "coordinates": [
          -1.7188031,
          50.8792834
        ]
      },
      "id": "way/314201737"
    },
    {
      "type": "Feature",
      "properties": {
        "@id": "way/314617709",
        "addr:city": "Johnstone",
        "addr:housename": "Johnstone Castle",
        "addr:postcode": "PA5 0AE",
        "addr:street": "Tower Road",
        "building": "residential",
        "historic": "castle",
        "name": "Johnstone Castle",
        "ref:GB:uprn": "123099497",
        "wikidata": "Q17837865",
        "@geometry": "center"
      },
      "geometry": {
        "type": "Point",
        "coordinates": [
          -4.5075831,
          55.8278942
        ]
      },
      "id": "way/314617709"
    },
    {
      "type": "Feature",
      "properties": {
        "@id": "way/315710904",
        "building": "yes",
        "historic": "castle",
        "@geometry": "center"
      },
      "geometry": {
        "type": "Point",
        "coordinates": [
          -4.462432,
          51.7699019
        ]
      },
      "id": "way/315710904"
    },
    {
      "type": "Feature",
      "properties": {
        "@id": "way/315821674",
        "building": "yes",
        "historic": "castle",
        "name": "Dairsie Castle",
        "website": "https://www.dairsiecastle.com/",
        "wikidata": "Q5209554",
        "wikipedia": "en:Dairsie Castle",
        "@geometry": "center"
      },
      "geometry": {
        "type": "Point",
        "coordinates": [
          -2.9497862,
          56.3330655
        ]
      },
      "id": "way/315821674"
    },
    {
      "type": "Feature",
      "properties": {
        "@id": "node/316209311",
        "castle_type": "defensive",
        "historic": "castle",
        "name": "Bootham Bar",
        "tourism": "attraction",
        "wheelchair": "no"
      },
      "geometry": {
        "type": "Point",
        "coordinates": [
          -1.0850846,
          53.9627134
        ]
      },
      "id": "node/316209311"
    },
    {
      "type": "Feature",
      "properties": {
        "@id": "way/318341250",
        "castle_type": "defensive",
        "historic": "castle",
        "name": "Castell Newydd Emlyn",
        "name:cy": "Castell Newydd Emlyn",
        "name:en": "Newcastle Emlyn Castle",
        "ruins": "yes",
        "wheelchair": "no",
        "wikidata": "Q4516540",
        "wikipedia": "en:Newcastle Emlyn Castle",
        "@geometry": "center"
      },
      "geometry": {
        "type": "Point",
        "coordinates": [
          -4.4632011,
          52.0391005
        ]
      },
      "id": "way/318341250"
    },
    {
      "type": "Feature",
      "properties": {
        "@id": "node/319585267",
        "historic": "castle",
        "name": "Kirshope Castle",
        "wikidata": "Q17664339"
      },
      "geometry": {
        "type": "Point",
        "coordinates": [
          -2.6069359,
          55.2557779
        ]
      },
      "id": "node/319585267"
    },
    {
      "type": "Feature",
      "properties": {
        "@id": "way/320496359",
        "addr:city": "Ravenglass",
        "addr:housename": "Muncaster Castle",
        "addr:postcode": "CA18 1RQ",
        "building": "house",
        "building:material": "stone",
        "castle_type": "stately",
        "fee": "yes",
        "historic": "castle",
        "name": "Muncaster Castle",
        "name:it": "Castello di Muncaster",
        "name:ja": "マンカスター城",
        "name:ru": "Замок Манкастер",
        "opening_hours:url": "https://www.muncaster.co.uk/planyourvisit/openingtimes",
        "phone": "+44 1229 717 614",
        "website": "https://www.muncaster.co.uk/",
        "wikidata": "Q6935640",
        "wikimedia_commons": "Category:Muncaster Castle",
        "wikipedia": "en:Muncaster Castle",
        "@geometry": "center"
      },
      "geometry": {
        "type": "Point",
        "coordinates": [
          -3.3808967,
          54.3546422
        ]
      },
      "id": "way/320496359"
    },
    {
      "type": "Feature",
      "properties": {
        "@id": "way/321914645",
        "building": "yes",
        "historic": "castle",
        "name": "Glandyfi Castle",
        "@geometry": "center"
      },
      "geometry": {
        "type": "Point",
        "coordinates": [
          -3.9302903,
          52.55229
        ]
      },
      "id": "way/321914645"
    },
    {
      "type": "Feature",
      "properties": {
        "@id": "way/322463017",
        "building": "ruins",
        "historic": "castle",
        "name": "Old Largie Castle",
        "ruins": "yes",
        "tourism": "attraction",
        "@geometry": "center"
      },
      "geometry": {
        "type": "Point",
        "coordinates": [
          -5.6457161,
          55.6741367
        ]
      },
      "id": "way/322463017"
    },
    {
      "type": "Feature",
      "properties": {
        "@id": "way/324049962",
        "alt_name": "Merchiston Castle",
        "building": "yes",
        "castle_type": "tower",
        "description": "Birth place of John Napier (Inventor of logarithms)",
        "historic": "castle",
        "historic:civilization": "medieval",
        "name": "Merchiston Tower",
        "source": "NLS_OS_Edinburgh_map_1940s;Bing",
        "wikidata": "Q1921452",
        "wikipedia": "en:Merchiston Tower",
        "@geometry": "center"
      },
      "geometry": {
        "type": "Point",
        "coordinates": [
          -3.2138961,
          55.9333297
        ]
      },
      "id": "way/324049962"
    },
    {
      "type": "Feature",
      "properties": {
        "@id": "way/326543547",
        "building": "yes",
        "castle_type": "defensive",
        "check_date:opening_hours": "2024-01-26",
        "historic": "castle",
        "name": "Isel Hall",
        "opening_hours": "Apr 01-Oct 30 Mo 13:30-16:30",
        "seasonal": "yes",
        "website": "https://www.historichouses.org/house/isel-hall/visit/",
        "wikidata": "Q6079634",
        "wikipedia": "en:Isel Hall",
        "@geometry": "center"
      },
      "geometry": {
        "type": "Point",
        "coordinates": [
          -3.3070978,
          54.6910638
        ]
      },
      "id": "way/326543547"
    },
    {
      "type": "Feature",
      "properties": {
        "@id": "way/327768958",
        "addr:city": "Hutton-In-The-Forest",
        "addr:postcode": "CA11 9TH",
        "building": "yes",
        "castle_type": "stately",
        "historic": "castle",
        "name": "Hutton-in-the-Forest",
        "tourism": "attraction",
        "website": "https://www.hutton-in-the-forest.co.uk/",
        "wikidata": "Q5951100",
        "wikipedia": "en:Hutton in the Forest",
        "@geometry": "center"
      },
      "geometry": {
        "type": "Point",
        "coordinates": [
          -2.8389836,
          54.714134
        ]
      },
      "id": "way/327768958"
    },
    {
      "type": "Feature",
      "properties": {
        "@id": "way/327970316",
        "addr:city": "Greystoke",
        "addr:housename": "Greystoke Castle",
        "addr:postcode": "CA11 0TG",
        "building": "yes",
        "historic": "castle",
        "name": "Greystoke Castle",
        "phone": "+44 17684 83722",
        "website": "http://www.greystoke.com/",
        "wikidata": "Q5608483",
        "wikipedia": "en:Greystoke Castle",
        "@geometry": "center"
      },
      "geometry": {
        "type": "Point",
        "coordinates": [
          -2.8768039,
          54.6700583
        ]
      },
      "id": "way/327970316"
    },
    {
      "type": "Feature",
      "properties": {
        "@id": "way/328438633",
        "building": "yes",
        "historic": "castle",
        "name": "The Peel",
        "@geometry": "center"
      },
      "geometry": {
        "type": "Point",
        "coordinates": [
          -3.5802206,
          53.2854713
        ]
      },
      "id": "way/328438633"
    },
    {
      "type": "Feature",
      "properties": {
        "@id": "way/330640896",
        "building": "residential",
        "castle_type": "stately",
        "historic": "castle",
        "name": "Carlowrie Castle",
        "source": "bing",
        "website": "https://www.carlowriecastle.co.uk/",
        "wikidata": "Q66446808",
        "wikipedia": "en:Carlowrie Castle",
        "@geometry": "center"
      },
      "geometry": {
        "type": "Point",
        "coordinates": [
          -3.3755491,
          55.9555225
        ]
      },
      "id": "way/330640896"
    },
    {
      "type": "Feature",
      "properties": {
        "@id": "way/331407045",
        "access": "customers",
        "addr:city": "Hay-on-Wye",
        "addr:postcode": "HR3 5DG",
        "addr:street": "Oxford Road",
        "building": "yes",
        "castle_type": "manor",
        "contact:email": "info@haycastletrust.org",
        "contact:phone": "+44 1497 820079",
        "historic": "castle",
        "name": "Hay Castle",
        "opening_hours": "Mo-Su 10:00-17:00",
        "website": "https://www.haycastletrust.org/",
        "wikidata": "Q15114193",
        "wikipedia": "en:Hay Castle",
        "@geometry": "center"
      },
      "geometry": {
        "type": "Point",
        "coordinates": [
          -3.1261503,
          52.0738999
        ]
      },
      "id": "way/331407045"
    },
    {
      "type": "Feature",
      "properties": {
        "@id": "way/331526791",
        "building": "yes",
        "castle_type": "defensive",
        "historic": "castle",
        "image": "https://www.geograph.org.uk/photo/2648020",
        "name": "Dacre Castle",
        "wikidata": "Q5207734",
        "wikipedia": "en:Dacre Castle",
        "@geometry": "center"
      },
      "geometry": {
        "type": "Point",
        "coordinates": [
          -2.8374232,
          54.630665
        ]
      },
      "id": "way/331526791"
    },
    {
      "type": "Feature",
      "properties": {
        "@id": "way/332444152",
        "historic": "castle",
        "landuse": "grass",
        "name": "Eshott Castle",
        "ruins": "yes",
        "source": "Bing",
        "wikidata": "Q17643301",
        "@geometry": "center"
      },
      "geometry": {
        "type": "Point",
        "coordinates": [
          -1.6870424,
          55.2814183
        ]
      },
      "id": "way/332444152"
    },
    {
      "type": "Feature",
      "properties": {
        "@id": "way/333902323",
        "building": "yes",
        "castle_type": "defensive",
        "historic": "castle",
        "name": "Craiglockhart Castle",
        "name:es": "Castillo de Craiglockhart",
        "ruins": "yes",
        "wikidata": "Q5181716",
        "wikipedia": "en:Craiglockhart Castle",
        "@geometry": "center"
      },
      "geometry": {
        "type": "Point",
        "coordinates": [
          -3.2383252,
          55.9193061
        ]
      },
      "id": "way/333902323"
    },
    {
      "type": "Feature",
      "properties": {
        "@id": "way/335345484",
        "HE_ref": "1004384",
        "access": "private",
        "heritage": "2",
        "heritage:operator": "Historic England",
        "historic": "castle",
        "listed_status": "Scheduled Monument",
        "name": "Trematon Castle",
        "wikidata": "Q7838051",
        "wikipedia": "en:Trematon Castle",
        "@geometry": "center"
      },
      "geometry": {
        "type": "Point",
        "coordinates": [
          -4.2381339,
          50.40017
        ]
      },
      "id": "way/335345484"
    },
    {
      "type": "Feature",
      "properties": {
        "@id": "node/335699833",
        "historic": "castle",
        "name": "Duke Murdoch's Castle",
        "ruins": "yes",
        "wikidata": "Q56661749"
      },
      "geometry": {
        "type": "Point",
        "coordinates": [
          -4.4619618,
          56.1808138
        ]
      },
      "id": "node/335699833"
    },
    {
      "type": "Feature",
      "properties": {
        "@id": "way/337577096",
        "building": "yes",
        "historic": "castle",
        "name": "Armathwaite Castle",
        "wikidata": "Q4792899",
        "wikipedia": "en:Armathwaite Castle",
        "@geometry": "center"
      },
      "geometry": {
        "type": "Point",
        "coordinates": [
          -2.7704169,
          54.8053192
        ]
      },
      "id": "way/337577096"
    },
    {
      "type": "Feature",
      "properties": {
        "@id": "way/338302460",
        "building": "yes",
        "historic": "castle",
        "name": "Kirkoswald Castle",
        "website": "https://en.wikipedia.org/wiki/Kirkoswald_Castle",
        "wikidata": "Q6415799",
        "@geometry": "center"
      },
      "geometry": {
        "type": "Point",
        "coordinates": [
          -2.6860663,
          54.7621681
        ]
      },
      "id": "way/338302460"
    },
    {
      "type": "Feature",
      "properties": {
        "@id": "way/338444486",
        "building": "yes",
        "castle_type": "defensive",
        "historic": "castle",
        "name": "Howgill Castle",
        "wikidata": "Q17530607",
        "wikipedia": "en:Milburn, Cumbria#Howgill Castle",
        "@geometry": "center"
      },
      "geometry": {
        "type": "Point",
        "coordinates": [
          -2.5205199,
          54.6577653
        ]
      },
      "id": "way/338444486"
    },
    {
      "type": "Feature",
      "properties": {
        "@id": "node/338774198",
        "historic": "castle",
        "name": "Fatlips Castle",
        "ref:canmore": "47568",
        "ruins": "yes",
        "wikidata": "Q17853505"
      },
      "geometry": {
        "type": "Point",
        "coordinates": [
          -3.6382643,
          55.5890481
        ]
      },
      "id": "node/338774198"
    },
    {
      "type": "Feature",
      "properties": {
        "@id": "way/338953244",
        "building": "ruins",
        "castle_type": "manor",
        "historic": "castle",
        "name": "High Head Castle",
        "ruins": "yes",
        "wikidata": "Q12060055",
        "wikipedia": "en:High Head Castle",
        "@geometry": "center"
      },
      "geometry": {
        "type": "Point",
        "coordinates": [
          -2.9300374,
          54.7813476
        ]
      },
      "id": "way/338953244"
    },
    {
      "type": "Feature",
      "properties": {
        "@id": "way/340534811",
        "building": "yes",
        "castle_type": "defensive",
        "heritage:operator": "Historic Environment Scotland",
        "heritage:website": "https://portal.historicenvironment.scot/designation/SM687",
        "historic": "castle",
        "name": "Sanquhar Castle",
        "ref:GB:hs": "SM687",
        "ref:canmore": "45434",
        "ruins": "yes",
        "wikidata": "Q194538",
        "wikipedia": "en:Sanquhar Castle",
        "@geometry": "center"
      },
      "geometry": {
        "type": "Point",
        "coordinates": [
          -3.9183369,
          55.3619652
        ]
      },
      "id": "way/340534811"
    },
    {
      "type": "Feature",
      "properties": {
        "@id": "way/343001044",
        "addr:city": "Lasswade",
        "addr:postcode": "EH18 1AP",
        "addr:street": "Gilmerton Road",
        "building": "hotel",
        "castle_type": "stately",
        "contact:email": "reception@melvillecastle.com",
        "contact:facebook": "https://www.facebook.com/MelvilleCastle",
        "contact:fax": "+44 131 454 9090",
        "contact:phone": "+44 131 654 0088",
        "contact:twitter": "@MelvilleCastle",
        "contact:website": "http://melvillecastle.com/",
        "fhrs:id": "1587624",
        "historic": "castle",
        "name": "Melville Castle",
        "tourism": "hotel",
        "wikidata": "Q144909",
        "wikipedia": "en:Melville Castle",
        "@geometry": "center"
      },
      "geometry": {
        "type": "Point",
        "coordinates": [
          -3.1044229,
          55.8910128
        ]
      },
      "id": "way/343001044"
    },
    {
      "type": "Feature",
      "properties": {
        "@id": "way/343197023",
        "addr:city": "Lincoln",
        "addr:postcode": "LN1 3AA",
        "castle_type": "defensive",
        "check_date:opening_hours": "2024-06-20",
        "fee": "yes",
        "fee:conditional": "no @ age < 5",
        "historic": "castle",
        "name": "Lincoln Castle",
        "name:eo": "Kastelo Lincoln",
        "name:es": "Castillo de Lincoln",
        "name:fr": "Château de Lincoln",
        "name:ga": "Caisleán Lincoln",
        "name:it": "Castello di Lincoln",
        "name:ms": "Istana kota Lincoln",
        "name:ru": "Замок Линкольн",
        "name:zh": "林肯城堡",
        "opening_hours": "Mar 29-Oct 27 10:00-17:00; Oct 28-Apr 04 10:00-16:00; Dec 24-26 off; Jan 01 off",
        "tourism": "attraction",
        "website": "https://www.lincolncastle.com/",
        "wikidata": "Q727760",
        "wikipedia": "en:Lincoln Castle",
        "@geometry": "center"
      },
      "geometry": {
        "type": "Point",
        "coordinates": [
          -0.5410054,
          53.234958
        ]
      },
      "id": "way/343197023"
    },
    {
      "type": "Feature",
      "properties": {
        "@id": "way/343267061",
        "addr:city": "Dalton-in-Furness",
        "addr:housename": "Dalton Castle",
        "addr:postcode": "LA15 8AX",
        "addr:street": "Market Place",
        "building": "yes",
        "historic": "castle",
        "name": "Dalton Castle",
        "wikidata": "Q5211673",
        "wikipedia": "en:Dalton Castle",
        "@geometry": "center"
      },
      "geometry": {
        "type": "Point",
        "coordinates": [
          -3.1864425,
          54.155433
        ]
      },
      "id": "way/343267061"
    },
    {
      "type": "Feature",
      "properties": {
        "@id": "way/343421873",
        "addr:city": "Eamont Bridge",
        "addr:postcode": "CA10 2DE",
        "building": "yes",
        "check_date:opening_hours": "2023-08-30",
        "fee": "donation",
        "historic": "castle",
        "name": "Brougham Hall",
        "opening_hours": "Jun-Aug 10:00-17:00; Sep-May 11:00-16:00",
        "phone": "+44 1768 868184",
        "website": "https://www.broughamhall.co.uk/",
        "wikidata": "Q4975776",
        "wikipedia": "en:Brougham Hall",
        "@geometry": "center"
      },
      "geometry": {
        "type": "Point",
        "coordinates": [
          -2.7327763,
          54.6481381
        ]
      },
      "id": "way/343421873"
    },
    {
      "type": "Feature",
      "properties": {
        "@id": "way/343455514",
        "addr:city": "Naworth",
        "addr:postcode": "CA8 2HF",
        "building": "yes",
        "historic": "castle",
        "name": "Naworth Castle",
        "phone": "+44 16977 3229",
        "website": "https://www.naworth.co.uk/",
        "wikidata": "Q17530474",
        "wikipedia": "en:Naworth Castle",
        "@geometry": "center"
      },
      "geometry": {
        "type": "Point",
        "coordinates": [
          -2.6887425,
          54.9560297
        ]
      },
      "id": "way/343455514"
    },
    {
      "type": "Feature",
      "properties": {
        "@id": "way/344132884",
        "area": "yes",
        "heritage": "2",
        "heritage:operator": "Historic Environment Scotland",
        "heritage:website": "https://portal.historicenvironment.scot/designation/SM2583",
        "historic": "ruins",
        "historic:civilization": "medieval",
        "historic_1": "ruins",
        "name": "Kindrochit Castle",
        "ref:GB:hs": "SM2583",
        "ruins": "castle",
        "wikidata": "Q6410657",
        "wikipedia": "en:Kindrochit Castle",
        "@geometry": "center"
      },
      "geometry": {
        "type": "Point",
        "coordinates": [
          -3.3989933,
          57.0053547
        ]
      },
      "id": "way/344132884"
    },
    {
      "type": "Feature",
      "properties": {
        "@id": "way/344277132",
        "building": "yes",
        "castle_type": "defensive",
        "historic": "castle",
        "name": "Ford Castle",
        "name:ru": "Замок Форд",
        "wikidata": "Q4185866",
        "wikipedia": "en:Ford Castle",
        "@geometry": "center"
      },
      "geometry": {
        "type": "Point",
        "coordinates": [
          -2.0898226,
          55.6314211
        ]
      },
      "id": "way/344277132"
    },
    {
      "type": "Feature",
      "properties": {
        "@id": "way/344505637",
        "access": "private",
        "building": "yes",
        "historic": "castle",
        "name": "Rosslyn Castle",
        "wikidata": "Q1761393",
        "wikipedia": "en:Roslin Castle",
        "@geometry": "center"
      },
      "geometry": {
        "type": "Point",
        "coordinates": [
          -3.1600224,
          55.8525956
        ]
      },
      "id": "way/344505637"
    },
    {
      "type": "Feature",
      "properties": {
        "@id": "way/344726905",
        "historic": "castle",
        "name": "Etal Castle",
        "tourism": "attraction",
        "wikidata": "Q1981061",
        "wikipedia": "en:Etal Castle",
        "@geometry": "center"
      },
      "geometry": {
        "type": "Point",
        "coordinates": [
          -2.1205233,
          55.6473162
        ]
      },
      "id": "way/344726905"
    },
    {
      "type": "Feature",
      "properties": {
        "@id": "way/345311459",
        "alt_name": "Invercauld Castle",
        "building": "yes",
        "castle_type": "stately",
        "historic": "castle",
        "name": "Invercauld House",
        "source": "OS_OpenData_StreetView",
        "wikidata": "Q6060038",
        "wikipedia": "en:Invercauld Castle",
        "@geometry": "center"
      },
      "geometry": {
        "type": "Point",
        "coordinates": [
          -3.3620167,
          57.0156928
        ]
      },
      "id": "way/345311459"
    },
    {
      "type": "Feature",
      "properties": {
        "@id": "way/345493132",
        "building": "residential",
        "castle_type": "stately",
        "heritage": "yes",
        "historic": "castle",
        "name": "Barmoor Castle",
        "name:fr": "Château de Barmoor",
        "wikidata": "Q2968445",
        "wikipedia": "en:Barmoor Castle",
        "@geometry": "center"
      },
      "geometry": {
        "type": "Point",
        "coordinates": [
          -2.0060048,
          55.652441
        ]
      },
      "id": "way/345493132"
    },
    {
      "type": "Feature",
      "properties": {
        "@id": "way/346241093",
        "building": "yes",
        "historic": "castle",
        "name": "Heaton Castle (remains of)",
        "@geometry": "center"
      },
      "geometry": {
        "type": "Point",
        "coordinates": [
          -2.158881,
          55.6707341
        ]
      },
      "id": "way/346241093"
    },
    {
      "type": "Feature",
      "properties": {
        "@id": "way/346970796",
        "access": "permissive",
        "castle_type": "defensive",
        "historic": "castle",
        "name": "Donnington Castle",
        "note": "Castle built in the 1300's but destroyed during the English Civil War. ",
        "operator": "English Heritage",
        "ruins": "yes",
        "source": "bing+local knowledge+point info transferd",
        "war:damage": "yes",
        "website": "https://www.english-heritage.org.uk/visit/places/donnington-castle/",
        "wikidata": "Q849861",
        "wikipedia": "en:Donnington Castle",
        "@geometry": "center"
      },
      "geometry": {
        "type": "Point",
        "coordinates": [
          -1.3383753,
          51.4196421
        ]
      },
      "id": "way/346970796"
    },
    {
      "type": "Feature",
      "properties": {
        "@id": "way/350627267",
        "addr:city": "Chepstow",
        "addr:country": "GB",
        "addr:postcode": "NP16 5EZ",
        "addr:street": "Bridge Street",
        "castle_type": "fortress",
        "check_date:opening_hours": "2024-07-21",
        "fee": "yes",
        "historic": "castle",
        "name": "Chepstow Castle",
        "name:cy": "Castell Cas-gwent",
        "name:en": "Chepstow Castle",
        "opening_hours": "Mar 01-Jun 30,Sep 01-Oct 31 09:30-17:00; Jul 01-Aug 31 09:30-18:00; Nov 01-Feb 28 10:00-16:00; Dec 24-26 off; Jan 01 off",
        "ruins": "yes",
        "tourism": "attraction",
        "website": "https://cadw.gov.wales/visit/places-to-visit/chepstow-castle?lang=en#overview",
        "wikidata": "Q1070187",
        "wikipedia": "en:Chepstow Castle",
        "@geometry": "center"
      },
      "geometry": {
        "type": "Point",
        "coordinates": [
          -2.6757677,
          51.6440112
        ]
      },
      "id": "way/350627267"
    },
    {
      "type": "Feature",
      "properties": {
        "@id": "way/351745029",
        "alt_name": "Castle Dangerous",
        "building": "yes",
        "historic": "castle",
        "name": "Douglas Castle",
        "ruins": "yes",
        "source": "http://canmore.org.uk/site/46528/douglas-castle",
        "tower:type": "defensive",
        "wikidata": "Q5301320",
        "wikipedia": "en:Douglas Castle",
        "@geometry": "center"
      },
      "geometry": {
        "type": "Point",
        "coordinates": [
          -3.8370941,
          55.5664314
        ]
      },
      "id": "way/351745029"
    },
    {
      "type": "Feature",
      "properties": {
        "@id": "way/353698189",
        "alt_name:gd": "An Caisteal Uaine;Caisteal a' Chamais",
        "historic": "castle",
        "name": "Knock Castle",
        "name:gd": "Caisteal a' Chnuic",
        "ruins": "yes",
        "source": "http://canmore.org.uk/site/11544/skye-knock-castle",
        "tourism": "attraction",
        "wikidata": "Q2646429",
        "wikipedia": "en:Knock Castle (Isle of Skye)",
        "@geometry": "center"
      },
      "geometry": {
        "type": "Point",
        "coordinates": [
          -5.8472858,
          57.1102534
        ]
      },
      "id": "way/353698189"
    },
    {
      "type": "Feature",
      "properties": {
        "@id": "way/353722849",
        "castle_type": "defensive",
        "castle_type:de": "burg",
        "description": "no access inside because ground considered unsafe - sug 2013",
        "fee": "no",
        "historic": "castle",
        "name": "Duntulm Castle",
        "name:en": "Duntulm Castle",
        "name:gd": "Caisteal Dhùn Tuilm",
        "ruins": "yes",
        "source": "http://canmore.org.uk/site/11392/skye-duntulm-castle",
        "tourism": "attraction",
        "wheelchair": "no",
        "wikidata": "Q1266302",
        "wikipedia": "en:Duntulm Castle",
        "@geometry": "center"
      },
      "geometry": {
        "type": "Point",
        "coordinates": [
          -6.3470007,
          57.6842888
        ]
      },
      "id": "way/353722849"
    },
    {
      "type": "Feature",
      "properties": {
        "@id": "way/354645360",
        "castle_type": "defensive",
        "fee": "yes",
        "historic": "castle",
        "name": "Dunollie Castle",
        "name:fr": "Château de Dunollie",
        "name:pt": "Castelo Dunollie",
        "name:ru": "Замок Данолли",
        "name:uk": "Замок Даноллі",
        "operator": "the Clan MacDougall",
        "ruins": "yes",
        "tourism": "attraction",
        "wikidata": "Q43374",
        "wikipedia": "en:Dunollie Castle",
        "@geometry": "center"
      },
      "geometry": {
        "type": "Point",
        "coordinates": [
          -5.4845315,
          56.4265434
        ]
      },
      "id": "way/354645360"
    },
    {
      "type": "Feature",
      "properties": {
        "@id": "way/354648861",
        "castle_type": "stately",
        "historic": "castle",
        "name": "Armadale Castle",
        "name:es": "Castillo de Armadale",
        "name:eu": "Armadaleko gaztelua",
        "name:fr": "Château d'Armadale",
        "name:ga": "Caisteal Armadal",
        "name:gd": "Caisteal Armadail",
        "name:pt": "Castelo de Armadale",
        "operator": "the Clan MacDonald",
        "ruins": "yes",
        "tourism": "attraction",
        "website": "https://www.armadalecastle.com/",
        "wikidata": "Q676462",
        "wikipedia": "en:Armadale Castle",
        "@geometry": "center"
      },
      "geometry": {
        "type": "Point",
        "coordinates": [
          -5.8947718,
          57.0726286
        ]
      },
      "id": "way/354648861"
    },
    {
      "type": "Feature",
      "properties": {
        "@id": "way/355356485",
        "historic": "castle",
        "name": "Fincharn Castle",
        "ruins": "yes",
        "@geometry": "center"
      },
      "geometry": {
        "type": "Point",
        "coordinates": [
          -5.3881483,
          56.1854192
        ]
      },
      "id": "way/355356485"
    },
    {
      "type": "Feature",
      "properties": {
        "@id": "way/355385332",
        "fee": "no",
        "historic": "castle",
        "name": "Dunyvaig Castle",
        "ruins": "yes",
        "tourism": "attraction",
        "wheelchair": "no",
        "wikidata": "Q1266322",
        "wikipedia": "en:Dunyvaig Castle",
        "@geometry": "center"
      },
      "geometry": {
        "type": "Point",
        "coordinates": [
          -6.1229621,
          55.6335797
        ]
      },
      "id": "way/355385332"
    },
    {
      "type": "Feature",
      "properties": {
        "@id": "way/357826629",
        "historic": "castle",
        "@geometry": "center"
      },
      "geometry": {
        "type": "Point",
        "coordinates": [
          -5.4806861,
          56.1511911
        ]
      },
      "id": "way/357826629"
    },
    {
      "type": "Feature",
      "properties": {
        "@id": "way/359165868",
        "historic": "castle",
        "@geometry": "center"
      },
      "geometry": {
        "type": "Point",
        "coordinates": [
          -6.7456633,
          54.4100765
        ]
      },
      "id": "way/359165868"
    },
    {
      "type": "Feature",
      "properties": {
        "@id": "way/359195181",
        "castle": "ruins",
        "castle_type": "defensive",
        "historic": "castle",
        "name": "Lochmaben Castle",
        "ruins": "yes",
        "source": "http://canmore.org.uk/site/66315/lochmaben-castle",
        "tourism": "attraction",
        "website": "http://www.historic-scotland.gov.uk/propertyresults/propertydetail.htm?PropID=PL_203",
        "wikidata": "Q2920767",
        "wikipedia": "en:Lochmaben Castle",
        "@geometry": "center"
      },
      "geometry": {
        "type": "Point",
        "coordinates": [
          -3.4308644,
          55.1163697
        ]
      },
      "id": "way/359195181"
    },
    {
      "type": "Feature",
      "properties": {
        "@id": "way/359480200",
        "building": "yes",
        "castle_type": "stately",
        "historic": "castle",
        "name": "Culzean Castle",
        "name:es": "Castillo de Culzean",
        "name:eu": "Culzean gaztelua",
        "name:fr": "Château de Culzean",
        "name:gd": "Caisteal Cill Eathain",
        "name:hu": "Culzean-kastély",
        "name:it": "Castello di Culzean",
        "name:pt": "Castelo de Culzean",
        "name:zh": "卡尔金城堡",
        "opening_hours": "Mo-Su 10:00-17:00",
        "operator": "National Trust for Scotland",
        "tourism": "attraction",
        "website": "https://www.nts.org.uk/Property/Culzean-Castle-and-Country-Park/",
        "wikidata": "Q899545",
        "wikipedia": "en:Culzean Castle",
        "@geometry": "center"
      },
      "geometry": {
        "type": "Point",
        "coordinates": [
          -4.7893363,
          55.3546619
        ]
      },
      "id": "way/359480200"
    },
    {
      "type": "Feature",
      "properties": {
        "@id": "way/359868681",
        "area": "yes",
        "historic": "castle",
        "name": "Threave Castle",
        "operator": "Historic Scotland",
        "phone": "+44 7711 223101",
        "ruins": "yes",
        "tourism": "attraction",
        "website": "http://www.historic-scotland.gov.uk/propertyresults/propertyoverview.htm?PropID=PL_288",
        "wikidata": "Q607339",
        "wikipedia": "en:Threave Castle",
        "@geometry": "center"
      },
      "geometry": {
        "type": "Point",
        "coordinates": [
          -3.9695934,
          54.9392058
        ]
      },
      "id": "way/359868681"
    },
    {
      "type": "Feature",
      "properties": {
        "@id": "way/360370450",
        "castle_type": "defensive",
        "historic": "castle",
        "name": "Invermark Castle",
        "name:eu": "Invermark gaztelua",
        "note": "Interior or the castle is inaccessable",
        "ruins": "yes",
        "source": "survey",
        "wikidata": "Q15228770",
        "wikipedia": "en:Invermark Castle",
        "@geometry": "center"
      },
      "geometry": {
        "type": "Point",
        "coordinates": [
          -2.9176507,
          56.9115064
        ]
      },
      "id": "way/360370450"
    },
    {
      "type": "Feature",
      "properties": {
        "@id": "way/360803045",
        "access": "permissive",
        "building": "castle",
        "building:condition": "renovated",
        "castle_type": "defensive",
        "height": "17",
        "historic": "castle",
        "name": "Fatlips Castle",
        "name:pt": "Castelo Fatlips",
        "start_date": "1857",
        "website": "https://www.fatlipscastle.com/",
        "wikidata": "Q5437900",
        "wikimedia_commons": "Category:Fatlips_Castle",
        "wikipedia": "en:Fatlips Castle",
        "@geometry": "center"
      },
      "geometry": {
        "type": "Point",
        "coordinates": [
          -2.6628958,
          55.4800448
        ]
      },
      "id": "way/360803045"
    },
    {
      "type": "Feature",
      "properties": {
        "@id": "way/361065093",
        "building": "hotel",
        "castle_type": "defensive",
        "email": "reception@comlongon.com",
        "historic": "castle",
        "name": "Comlongon Castle (Hotel)",
        "name:de": "Comlongon Castle",
        "name:es": "Castillo de Comlongon",
        "name:pt": "Castelo de Comlongon",
        "tourism": "hotel",
        "website": "https://www.comlongon.com/",
        "wikidata": "Q5152050",
        "wikipedia": "en:Comlongon Castle",
        "@geometry": "center"
      },
      "geometry": {
        "type": "Point",
        "coordinates": [
          -3.4408523,
          55.0065643
        ]
      },
      "id": "way/361065093"
    },
    {
      "type": "Feature",
      "properties": {
        "@id": "way/361274728",
        "building": "yes",
        "historic": "castle",
        "name": "General's Tower",
        "@geometry": "center"
      },
      "geometry": {
        "type": "Point",
        "coordinates": [
          -2.7613426,
          55.5153757
        ]
      },
      "id": "way/361274728"
    },
    {
      "type": "Feature",
      "properties": {
        "@id": "way/361352369",
        "alt_name": "Castle of Rednock",
        "historic": "castle",
        "name": "Rednock Castle",
        "@geometry": "center"
      },
      "geometry": {
        "type": "Point",
        "coordinates": [
          -4.2570637,
          56.19145
        ]
      },
      "id": "way/361352369"
    },
    {
      "type": "Feature",
      "properties": {
        "@id": "way/361361592",
        "amenity": "cafe",
        "building": "yes",
        "castle_type": "manor",
        "fee": "no",
        "historic": "castle",
        "name": "Menstrie Castle",
        "name:eu": "Menstrie gaztelua",
        "name:pt": "Castelo de Menstrie",
        "operator": "National Trust for Scotland",
        "tourism": "museum",
        "tourism_1": "attraction",
        "tourism_2": "hotel",
        "website": "https://www.nts.org.uk/Property/Menstrie-Castle/",
        "wikidata": "Q6817357",
        "wikipedia": "en:Menstrie Castle",
        "@geometry": "center"
      },
      "geometry": {
        "type": "Point",
        "coordinates": [
          -3.8536205,
          56.15054
        ]
      },
      "id": "way/361361592"
    },
    {
      "type": "Feature",
      "properties": {
        "@id": "way/361369936",
        "alt_name": "Doom Castle",
        "historic": "castle",
        "name": "Dunderave Castle",
        "wikidata": "Q1265565",
        "wikipedia": "en:Dunderave Castle",
        "@geometry": "center"
      },
      "geometry": {
        "type": "Point",
        "coordinates": [
          -4.9978252,
          56.242992
        ]
      },
      "id": "way/361369936"
    },
    {
      "type": "Feature",
      "properties": {
        "@id": "way/361372994",
        "building": "ruins",
        "building_1": "castle",
        "historic": "castle",
        "historic_1": "ruins",
        "name": "Fraoch Eilean Castle (ruins)",
        "ruins": "yes",
        "@geometry": "center"
      },
      "geometry": {
        "type": "Point",
        "coordinates": [
          -5.0647585,
          56.3810022
        ]
      },
      "id": "way/361372994"
    },
    {
      "type": "Feature",
      "properties": {
        "@id": "way/361484453",
        "building": "yes",
        "castle_type": "defensive",
        "historic": "castle",
        "name": "Castle Sinclair Girnigoe",
        "operator": "Clan Sinclair Trust",
        "ruins": "castle",
        "wikidata": "Q489282",
        "wikipedia": "en:Castle Sinclair Girnigoe",
        "@geometry": "center"
      },
      "geometry": {
        "type": "Point",
        "coordinates": [
          -3.0679781,
          58.47804
        ]
      },
      "id": "way/361484453"
    },
    {
      "type": "Feature",
      "properties": {
        "@id": "way/361828923",
        "building": "house",
        "historic": "castle",
        "name": "Kilcoy Castle",
        "wikidata": "Q6406680",
        "wikipedia": "en:Kilcoy Castle",
        "@geometry": "center"
      },
      "geometry": {
        "type": "Point",
        "coordinates": [
          -4.3788377,
          57.5287943
        ]
      },
      "id": "way/361828923"
    },
    {
      "type": "Feature",
      "properties": {
        "@id": "way/362811862",
        "building": "yes",
        "historic": "castle",
        "name": "Picton Castle",
        "wikidata": "Q7191106",
        "@geometry": "center"
      },
      "geometry": {
        "type": "Point",
        "coordinates": [
          -4.8853947,
          51.7840711
        ]
      },
      "id": "way/362811862"
    },
    {
      "type": "Feature",
      "properties": {
        "@id": "way/363891197",
        "building": "ruins",
        "castle_type": "defensive",
        "historic": "ruins",
        "historic:civilization": "medieval",
        "name": "Dunskey Castle",
        "ruins": "castle",
        "website": "https://www.visitscotland.com/info/see-do/dunskey-castle-p255821",
        "wikidata": "Q3716308",
        "wikipedia": "en:Dunskey Castle",
        "@geometry": "center"
      },
      "geometry": {
        "type": "Point",
        "coordinates": [
          -5.1098633,
          54.8354785
        ]
      },
      "id": "way/363891197"
    },
    {
      "type": "Feature",
      "properties": {
        "@id": "way/364367300",
        "building": "yes",
        "historic": "castle",
        "historic:civilization": "medieval",
        "name": "Ethie Castle",
        "source": "bing",
        "tourism": "hotel",
        "wikidata": "Q868429",
        "wikipedia": "en:Ethie Castle",
        "@geometry": "center"
      },
      "geometry": {
        "type": "Point",
        "coordinates": [
          -2.5109031,
          56.6125098
        ]
      },
      "id": "way/364367300"
    },
    {
      "type": "Feature",
      "properties": {
        "@id": "way/364430950",
        "building": "yes",
        "historic": "castle",
        "name": "Duntrune Castle",
        "wikidata": "Q786640",
        "wikipedia": "en:Duntrune Castle",
        "@geometry": "center"
      },
      "geometry": {
        "type": "Point",
        "coordinates": [
          -5.5491716,
          56.1019027
        ]
      },
      "id": "way/364430950"
    },
    {
      "type": "Feature",
      "properties": {
        "@id": "way/364733848",
        "historic": "castle",
        "@geometry": "center"
      },
      "geometry": {
        "type": "Point",
        "coordinates": [
          -6.745956,
          54.4099332
        ]
      },
      "id": "way/364733848"
    },
    {
      "type": "Feature",
      "properties": {
        "@id": "way/364820562",
        "addr:city": "Dundee",
        "addr:housename": "Broughty Castle",
        "addr:postcode": "DD5 2TF",
        "addr:street": "Castle Approach",
        "addr:suburb": "Broughty Ferry",
        "castle_type": "defensive",
        "historic": "castle",
        "name": "Broughty Castle",
        "name:pt": "Castelo de Broughty",
        "operator": "Dundee City Council;Historic Scotland",
        "phone": "+44 1382 436916",
        "tourism": "attraction;museum",
        "website": "http://www.historic-scotland.gov.uk/propertyresults/propertyoverview.htm?PropID=PL_043",
        "wikidata": "Q2278449",
        "wikipedia": "en:Broughty Castle",
        "@geometry": "center"
      },
      "geometry": {
        "type": "Point",
        "coordinates": [
          -2.86999,
          56.4628398
        ]
      },
      "id": "way/364820562"
    },
    {
      "type": "Feature",
      "properties": {
        "@id": "way/364827012",
        "building": "castle",
        "castle_type": "defensive",
        "historic": "castle",
        "name": "Abergeldie Castle",
        "name:pt": "Castelo Abergeldie",
        "wikidata": "Q319583",
        "wikipedia": "en:Abergeldie Castle",
        "@geometry": "center"
      },
      "geometry": {
        "type": "Point",
        "coordinates": [
          -3.1764353,
          57.0432915
        ]
      },
      "id": "way/364827012"
    },
    {
      "type": "Feature",
      "properties": {
        "@id": "way/365033320",
        "building": "yes",
        "castle_type": "defensive",
        "historic": "castle",
        "name": "Kilravock Castle",
        "name:fr": "Château de Kilravock",
        "name:ga": "Caisteal Cill Rathaig",
        "note": "castle grounds are private and do not welcome sightseers",
        "website": "http://kilravock.com/",
        "wikidata": "Q2969481",
        "wikipedia": "en:Kilravock Castle",
        "@geometry": "center"
      },
      "geometry": {
        "type": "Point",
        "coordinates": [
          -3.9816426,
          57.5189441
        ]
      },
      "id": "way/365033320"
    },
    {
      "type": "Feature",
      "properties": {
        "@id": "way/366502757",
        "building": "house",
        "castle": "country_house",
        "castle_type": "stately",
        "heritage": "2",
        "heritage:operator": "Historic England",
        "historic": "castle",
        "listed_status": "Grade I",
        "name": "Winkburn Hall",
        "source": "survey",
        "source:geometry": "Bing",
        "wikidata": "Q8025451",
        "wikipedia": "en:Winkburn Hall",
        "@geometry": "center"
      },
      "geometry": {
        "type": "Point",
        "coordinates": [
          -0.9376631,
          53.1174738
        ]
      },
      "id": "way/366502757"
    },
    {
      "type": "Feature",
      "properties": {
        "@id": "way/366867403",
        "historic": "castle",
        "name": "Llandovery Castle",
        "name:cy": "Castell Llanymddyfri",
        "wikidata": "Q1493071",
        "wikimedia_commons": "File:Llandovery Castle - geograph.org.uk - 2662826.jpg",
        "wikipedia": "en:Llandovery Castle",
        "@geometry": "center"
      },
      "geometry": {
        "type": "Point",
        "coordinates": [
          -3.7964337,
          51.9927802
        ]
      },
      "id": "way/366867403"
    },
    {
      "type": "Feature",
      "properties": {
        "@id": "way/366937128",
        "building": "house",
        "castle": "country_house",
        "historic": "castle",
        "name": "Gunthorpe Hall",
        "source:geometry": "Bing",
        "source:name": "OS StreetView Open Data",
        "@geometry": "center"
      },
      "geometry": {
        "type": "Point",
        "coordinates": [
          -0.7171639,
          52.6412156
        ]
      },
      "id": "way/366937128"
    },
    {
      "type": "Feature",
      "properties": {
        "@id": "way/367043187",
        "building": "castle",
        "historic": "castle",
        "name": "Invergarry Castle",
        "operator": "National Trust for Scotland",
        "ruins": "yes",
        "tourism": "attraction",
        "wikidata": "Q6060088",
        "wikipedia": "en:Invergarry Castle",
        "@geometry": "center"
      },
      "geometry": {
        "type": "Point",
        "coordinates": [
          -4.7806041,
          57.0655574
        ]
      },
      "id": "way/367043187"
    },
    {
      "type": "Feature",
      "properties": {
        "@id": "way/368980592",
        "historic": "castle",
        "leisure": "park",
        "name": "Abergavenny Castle",
        "wikidata": "Q4667087",
        "@geometry": "center"
      },
      "geometry": {
        "type": "Point",
        "coordinates": [
          -3.0173496,
          51.8197321
        ]
      },
      "id": "way/368980592"
    },
    {
      "type": "Feature",
      "properties": {
        "@id": "way/368980598",
        "access": "yes",
        "building": "ruins",
        "castle_type": "fortress",
        "fee": "no",
        "historic": "castle",
        "historic:civilization": "medieval",
        "name": "Castell Y Fenni",
        "wheelchair": "limited",
        "@geometry": "center"
      },
      "geometry": {
        "type": "Point",
        "coordinates": [
          -3.017905,
          51.8198637
        ]
      },
      "id": "way/368980598"
    },
    {
      "type": "Feature",
      "properties": {
        "@id": "way/369106487",
        "building": "yes",
        "building:condition": "preserved",
        "castle_type": "defensive",
        "fee": "yes",
        "historic": "castle",
        "name": "Cardoness Castle",
        "opening_hours": "Mo-Su 09:30-17:30; Jan-Mar off; Oct-Dec off",
        "operator": "Historic Environment Scotland",
        "phone": "+44 1557 814 427",
        "website": "https://www.historicenvironment.scot/visit-a-place/places/cardoness-castle/",
        "wikidata": "Q2479330",
        "wikipedia": "en:Cardoness Castle",
        "@geometry": "center"
      },
      "geometry": {
        "type": "Point",
        "coordinates": [
          -4.1981606,
          54.8723882
        ]
      },
      "id": "way/369106487"
    },
    {
      "type": "Feature",
      "properties": {
        "@id": "way/369113116",
        "building": "yes",
        "castle_type": "defensive",
        "fee": "no",
        "historic": "castle",
        "name": "Carsluith Castle",
        "name:pt": "Castelo Carsluith",
        "website": "http://www.historic-scotland.gov.uk/index/places/propertyresults/propertydetail.htm?PropID=PL_057",
        "wheelchair": "no",
        "wikidata": "Q2648610",
        "wikipedia": "en:Carsluith Castle",
        "@geometry": "center"
      },
      "geometry": {
        "type": "Point",
        "coordinates": [
          -4.3466564,
          54.8594757
        ]
      },
      "id": "way/369113116"
    },
    {
      "type": "Feature",
      "properties": {
        "@id": "way/369122217",
        "building": "yes",
        "building:condition": "recognizable_remains",
        "castle_type": "defensive",
        "historic": "castle",
        "name": "Old Caerlaverock Castle",
        "ruins": "yes",
        "wikidata": "Q61889894",
        "@geometry": "center"
      },
      "geometry": {
        "type": "Point",
        "coordinates": [
          -3.5215476,
          54.9741844
        ]
      },
      "id": "way/369122217"
    },
    {
      "type": "Feature",
      "properties": {
        "@id": "way/369135772",
        "addr:city": "London",
        "addr:housename": "White Tower",
        "building": "castle",
        "defensive": "keep",
        "historic": "castle",
        "name": "White Tower",
        "name:ar": "البرج الأبيض",
        "name:bg": "Бялата кула",
        "name:de": "White Tower",
        "name:en": "White Tower",
        "name:fr": "Tour Blanche",
        "name:ga": "Túr Bán",
        "name:he": "המגדל הלבן של מצודת לונדון",
        "name:ko": "화이트 타워",
        "name:no": "Det hvite tårnet",
        "name:pl": "White Tower",
        "name:pt": "Torre Branca",
        "name:ru": "Белая башня",
        "name:zh": "白塔",
        "roof:material": "metal",
        "wheelchair": "limited",
        "wikidata": "Q1528473",
        "wikipedia": "en:White Tower (Tower of London)",
        "@geometry": "center"
      },
      "geometry": {
        "type": "Point",
        "coordinates": [
          -0.0760766,
          51.5080807
        ]
      },
      "id": "way/369135772"
    },
    {
      "type": "Feature",
      "properties": {
        "@id": "way/369357460",
        "access": "customers",
        "addr:postcode": "PA20 9LR",
        "building": "yes",
        "castle_type": "palace",
        "heritage": "yes",
        "historic": "castle",
        "name": "Mount Stuart House",
        "phone": "+44 1700 503877",
        "tourism": "attraction",
        "website": "https://mountstuart.com/",
        "wikipedia": "en:Mount Stuart House",
        "@geometry": "center"
      },
      "geometry": {
        "type": "Point",
        "coordinates": [
          -5.0187332,
          55.791688
        ]
      },
      "id": "way/369357460"
    },
    {
      "type": "Feature",
      "properties": {
        "@id": "node/370148208",
        "historic": "castle",
        "name": "Bolesworth Castle"
      },
      "geometry": {
        "type": "Point",
        "coordinates": [
          -2.7556202,
          53.0989903
        ]
      },
      "id": "node/370148208"
    },
    {
      "type": "Feature",
      "properties": {
        "@id": "way/370870741",
        "addr:city": "London",
        "addr:postcode": "EC3N 4AB",
        "addr:street": "Tower Hill",
        "alt_name:tr": "Londra Kulesi",
        "castle_type": "defensive",
        "historic": "castle",
        "historic:civilization": "medieval",
        "image": "http://commons.wikimedia.org/wiki/File:Tower_of_London,_April_2006.jpg",
        "name": "Tower of London",
        "name:ar": "برج لندن",
        "name:bg": "Лондонска кула",
        "name:en": "Tower of London",
        "name:es": "La Torre de Londres",
        "name:fr": "Tour de Londres",
        "name:ja": "ロンドン塔",
        "name:ko": "런던탑",
        "name:ru": "Тауэр",
        "name:tr": "Londra Kalesi",
        "name:zh": "伦敦塔",
        "official_name": "Her Majesty's Royal Palace and Fortress of the Tower of London",
        "tourism": "attraction",
        "website": "https://www.hrp.org.uk/toweroflondon",
        "wheelchair": "yes",
        "wheelchair:description": "cobblestone pavement",
        "wikidata": "Q62378",
        "wikimedia_commons": "Category:Tower of London",
        "wikipedia": "en:Tower of London",
        "@geometry": "center"
      },
      "geometry": {
        "type": "Point",
        "coordinates": [
          -0.0762864,
          51.5081331
        ]
      },
      "id": "way/370870741"
    },
    {
      "type": "Feature",
      "properties": {
        "@id": "way/371069082",
        "HE_ref": "1003571",
        "area": "yes",
        "heritage": "2",
        "heritage:operator": "Historic England",
        "historic": "castle",
        "name": "Castle Hill",
        "@geometry": "center"
      },
      "geometry": {
        "type": "Point",
        "coordinates": [
          -0.6243304,
          53.0072497
        ]
      },
      "id": "way/371069082"
    },
    {
      "type": "Feature",
      "properties": {
        "@id": "way/371472395",
        "HE_ref": "1330329",
        "access": "customers",
        "addr:city": "Cheshire",
        "addr:housename": "Beeston Castle",
        "addr:postcode": "CW6 9TX",
        "addr:street": "Chapel Lane",
        "alt_name": "Beeston Castle and Woodland Park",
        "castle_type": "defensive",
        "ele": "154",
        "fee": "yes",
        "fee:conditional": "no @ members",
        "historic": "castle",
        "historic:civilization": "middle-ages",
        "listed_status": "Grade I",
        "name": "Beeston Castle",
        "owner": "English Heritage",
        "phone": "+44 1829 260464",
        "ruins": "yes",
        "start_date": "1220s",
        "tourism": "attraction",
        "website": "https://www.english-heritage.org.uk/visit/places/beeston-castle-and-woodland-park/",
        "wikidata": "Q539538",
        "wikipedia": "en:Beeston Castle",
        "@geometry": "center"
      },
      "geometry": {
        "type": "Point",
        "coordinates": [
          -2.6932899,
          53.1287206
        ]
      },
      "id": "way/371472395"
    },
    {
      "type": "Feature",
      "properties": {
        "@id": "way/371627102",
        "building": "yes",
        "castle_type": "stately",
        "historic": "castle",
        "name": "Loudoun Castle",
        "ruins": "yes",
        "source": "bing",
        "wikidata": "Q1871345",
        "wikipedia": "en:Loudoun Castle",
        "@geometry": "center"
      },
      "geometry": {
        "type": "Point",
        "coordinates": [
          -4.3726709,
          55.6105429
        ]
      },
      "id": "way/371627102"
    },
    {
      "type": "Feature",
      "properties": {
        "@id": "way/372533547",
        "alt_name": "Plean Castle",
        "alt_name_1": "Cock-a-bendy Castle",
        "alt_name_2": "Plean Tower",
        "alt_name_3": "Mengie Castle",
        "alt_name_4": "Menzies Castle",
        "building": "castle",
        "castle_type": "defensive",
        "historic": "castle",
        "name": "Plean Castle",
        "tourism": "accommodation",
        "website": "http://www.planecastle.co.uk/",
        "wikidata": "Q11839490",
        "wikipedia": "en:Plean Castle",
        "@geometry": "center"
      },
      "geometry": {
        "type": "Point",
        "coordinates": [
          -3.8486292,
          56.0617051
        ]
      },
      "id": "way/372533547"
    },
    {
      "type": "Feature",
      "properties": {
        "@id": "node/372932891",
        "historic": "castle",
        "man_made": "Wind Station 1"
      },
      "geometry": {
        "type": "Point",
        "coordinates": [
          -2.4142344,
          50.5846375
        ]
      },
      "id": "node/372932891"
    },
    {
      "type": "Feature",
      "properties": {
        "@id": "way/373871698",
        "historic": "castle",
        "name": "Colinton Castle",
        "ruins": "yes",
        "@geometry": "center"
      },
      "geometry": {
        "type": "Point",
        "coordinates": [
          -3.2548052,
          55.9108083
        ]
      },
      "id": "way/373871698"
    },
    {
      "type": "Feature",
      "properties": {
        "@id": "way/377003891",
        "access": "private",
        "building": "castle",
        "castle_type": "defensive",
        "check_date": "2023-03-19",
        "description": "Ask permission to enter the fenced area from householder on Church Lane",
        "historic": "castle",
        "listed_status": "Grade I",
        "name": "Kyme Tower",
        "name:cy": "South Kyme",
        "name:pl": "South Kyme",
        "name:sv": "South Kyme",
        "related:wikipedia": "en:South Kyme#Kyme Tower",
        "source": "Bing",
        "start_date": "1339",
        "wikidata": "Q17530788",
        "wikimedia_commons": "Category:Kyme Tower",
        "@geometry": "center"
      },
      "geometry": {
        "type": "Point",
        "coordinates": [
          -0.2588706,
          53.0311516
        ]
      },
      "id": "way/377003891"
    },
    {
      "type": "Feature",
      "properties": {
        "@id": "way/378132805",
        "HE_ref": "1196444",
        "addr:city": "Bishop Auckland",
        "addr:postcode": "DL14 7NR",
        "addr:street": "Durham Road",
        "building": "yes",
        "castle_type": "manor",
        "historic": "castle",
        "listed_status": "Grade I",
        "name": "Auckland Castle",
        "name:es": "Castillo de Auckland",
        "name:sv": "Bishop Auckland Castle",
        "phone": "+44 1388 743 750",
        "tourism": "attraction",
        "website": "https://aucklandproject.org/venues/auckland-castle/",
        "wikidata": "Q4819493",
        "wikipedia": "en:Auckland Castle",
        "@geometry": "center"
      },
      "geometry": {
        "type": "Point",
        "coordinates": [
          -1.6704745,
          54.666617
        ]
      },
      "id": "way/378132805"
    },
    {
      "type": "Feature",
      "properties": {
        "@id": "way/378970982",
        "historic": "ruins",
        "name": "Claig Castle",
        "ruins": "castle",
        "wikidata": "Q586514",
        "wikipedia": "en:Claig Castle",
        "@geometry": "center"
      },
      "geometry": {
        "type": "Point",
        "coordinates": [
          -6.0351384,
          55.7912694
        ]
      },
      "id": "way/378970982"
    },
    {
      "type": "Feature",
      "properties": {
        "@id": "way/381703822",
        "building": "yes",
        "historic": "castle",
        "name": "Castle Kennedy",
        "@geometry": "center"
      },
      "geometry": {
        "type": "Point",
        "coordinates": [
          -4.9489231,
          54.9072268
        ]
      },
      "id": "way/381703822"
    },
    {
      "type": "Feature",
      "properties": {
        "@id": "way/382292292",
        "building": "yes",
        "heritage:operator": "Historic Environment Scotland",
        "heritage:website": "https://portal.historicenvironment.scot/designation/SM1895",
        "historic": "castle",
        "name": "Ardvreck Castle",
        "ref:GB:hs": "SM1895",
        "ref:canmore": "4660",
        "ruins": "yes",
        "source": "https://canmore.org.uk/site/4660/ardvreck-castle",
        "wikidata": "Q2552418",
        "wikipedia": "en:Ardvreck Castle",
        "@geometry": "center"
      },
      "geometry": {
        "type": "Point",
        "coordinates": [
          -4.9939606,
          58.1664144
        ]
      },
      "id": "way/382292292"
    },
    {
      "type": "Feature",
      "properties": {
        "@id": "way/383543575",
        "building": "yes",
        "castle": "ruins",
        "castle_type": "defensive",
        "historic": "castle",
        "name": "Keiss Castle",
        "wikidata": "Q6383873",
        "wikipedia": "en:Keiss Castle",
        "@geometry": "center"
      },
      "geometry": {
        "type": "Point",
        "coordinates": [
          -3.1062416,
          58.5380581
        ]
      },
      "id": "way/383543575"
    },
    {
      "type": "Feature",
      "properties": {
        "@id": "way/384433923",
        "access": "private",
        "building": "commercial",
        "building:levels": "4",
        "castle_type": "manor",
        "historic": "castle",
        "name": "Rossend Castle",
        "wikidata": "Q7369777",
        "wikipedia": "en:Rossend Castle",
        "@geometry": "center"
      },
      "geometry": {
        "type": "Point",
        "coordinates": [
          -3.2402325,
          56.0587217
        ]
      },
      "id": "way/384433923"
    },
    {
      "type": "Feature",
      "properties": {
        "@id": "way/387203792",
        "building": "yes",
        "historic": "castle",
        "name": "Old Slains Castle",
        "ruins": "yes",
        "tourism": "attraction",
        "wikidata": "Q2018473",
        "wikipedia": "en:Old Slains Castle",
        "@geometry": "center"
      },
      "geometry": {
        "type": "Point",
        "coordinates": [
          -1.9130833,
          57.3605102
        ]
      },
      "id": "way/387203792"
    },
    {
      "type": "Feature",
      "properties": {
        "@id": "way/387216817",
        "building": "yes",
        "historic": "castle",
        "name": "Castle Varrich",
        "ruins": "yes",
        "wikidata": "Q3662944",
        "@geometry": "center"
      },
      "geometry": {
        "type": "Point",
        "coordinates": [
          -4.4354638,
          58.4757209
        ]
      },
      "id": "way/387216817"
    },
    {
      "type": "Feature",
      "properties": {
        "@id": "node/388540569",
        "historic": "castle",
        "name": "Staward Peel",
        "ruins": "yes"
      },
      "geometry": {
        "type": "Point",
        "coordinates": [
          -2.3139302,
          54.9412948
        ]
      },
      "id": "node/388540569"
    },
    {
      "type": "Feature",
      "properties": {
        "@id": "way/389305993",
        "addr:housename": "Hatton Castle",
        "addr:postcode": "PH12 8UN",
        "building": "castle",
        "castle_type": "manor",
        "historic": "castle",
        "name": "Hatton Castle",
        "wikidata": "Q5682149",
        "wikipedia": "en:Hatton Castle, Angus",
        "@geometry": "center"
      },
      "geometry": {
        "type": "Point",
        "coordinates": [
          -3.1374305,
          56.5564317
        ]
      },
      "id": "way/389305993"
    },
    {
      "type": "Feature",
      "properties": {
        "@id": "way/390468216",
        "addr:city": "Redruth",
        "addr:country": "GB",
        "addr:housename": "Carn Brea Castle",
        "addr:postcode": "TR16 6SL",
        "addr:street": "Carn Lane",
        "amenity": "restaurant",
        "building": "yes",
        "fhrs:id": "642237",
        "historic": "castle",
        "name": "Carn Brea Castle",
        "ref:GB:uprn": "10012968951",
        "wikidata": "Q5043753",
        "wikipedia": "en:Carn Brea Castle",
        "@geometry": "center"
      },
      "geometry": {
        "type": "Point",
        "coordinates": [
          -5.2448878,
          50.2224696
        ]
      },
      "id": "way/390468216"
    },
    {
      "type": "Feature",
      "properties": {
        "@id": "way/390650092",
        "addr:city": "Glasgow",
        "addr:postcode": "G77 5RE",
        "addr:street": "Waterfoot Road",
        "building": "yes",
        "historic": "castle",
        "name": "Mearns Castle",
        "ref:GB:uprn": "131027211",
        "wikidata": "Q1661077",
        "wikipedia": "en:Mearns Castle",
        "@geometry": "center"
      },
      "geometry": {
        "type": "Point",
        "coordinates": [
          -4.3093363,
          55.7696868
        ]
      },
      "id": "way/390650092"
    },
    {
      "type": "Feature",
      "properties": {
        "@id": "way/390958280",
        "building": "castle",
        "historic": "castle",
        "name": "Castle Forbes",
        "phone": "+44 19755 62524",
        "website": "https://www.castle-forbes.com/",
        "wikidata": "Q5050075",
        "wikipedia": "en:Castle Forbes",
        "@geometry": "center"
      },
      "geometry": {
        "type": "Point",
        "coordinates": [
          -2.6289739,
          57.2611522
        ]
      },
      "id": "way/390958280"
    },
    {
      "type": "Feature",
      "properties": {
        "@id": "way/391754430",
        "building": "yes",
        "historic": "ruins",
        "name": "Macduff's Castle",
        "ruins": "castle",
        "wikidata": "Q4185848",
        "wikipedia": "en:Macduff's Castle",
        "@geometry": "center"
      },
      "geometry": {
        "type": "Point",
        "coordinates": [
          -3.0579891,
          56.1624967
        ]
      },
      "id": "way/391754430"
    },
    {
      "type": "Feature",
      "properties": {
        "@id": "way/392866142",
        "building": "yes",
        "castle_type": "stately",
        "historic": "castle",
        "name": "Middleton Towers",
        "source": "OS_OpenData_VectorMapLocal",
        "wikidata": "Q17536107",
        "@geometry": "center"
      },
      "geometry": {
        "type": "Point",
        "coordinates": [
          0.4700539,
          52.7299854
        ]
      },
      "id": "way/392866142"
    },
    {
      "type": "Feature",
      "properties": {
        "@id": "way/394633569",
        "access": "private",
        "addr:city": "Llangernyw",
        "addr:postcode": "LL22 8TY",
        "building": "yes",
        "castle_type": "manor",
        "historic": "castle",
        "historic:civilization": "Victorian",
        "name": "Hafodunos Hall",
        "ruins": "yes",
        "start_date": "1861-01-01",
        "wikidata": "Q5638415",
        "wikipedia": "en:Hafodunos",
        "@geometry": "center"
      },
      "geometry": {
        "type": "Point",
        "coordinates": [
          -3.6965787,
          53.1882559
        ]
      },
      "id": "way/394633569"
    },
    {
      "type": "Feature",
      "properties": {
        "@id": "way/395319803",
        "building": "yes",
        "historic": "castle",
        "name": "Belmont Castle",
        "@geometry": "center"
      },
      "geometry": {
        "type": "Point",
        "coordinates": [
          -3.1638659,
          56.5816595
        ]
      },
      "id": "way/395319803"
    },
    {
      "type": "Feature",
      "properties": {
        "@id": "way/396750474",
        "addr:city": "Ayr",
        "addr:postcode": "KA7 4LW",
        "building": "yes",
        "historic": "castle",
        "listed_status": "Category A",
        "name": "Dunure Castle",
        "ref:GB:hs": "LB14293",
        "ref:GB:uprn": "141053488",
        "ref:canmore": "40938",
        "ruins": "yes",
        "wikidata": "Q5315780",
        "wikipedia": "en:Dunure Castle",
        "@geometry": "center"
      },
      "geometry": {
        "type": "Point",
        "coordinates": [
          -4.7617288,
          55.405063
        ]
      },
      "id": "way/396750474"
    },
    {
      "type": "Feature",
      "properties": {
        "@id": "way/399199151",
        "addr:city": "Barry",
        "addr:postcode": "CF62 3ZN",
        "addr:street": "Fonmon",
        "historic": "castle",
        "name": "Fonmon Castle",
        "wikidata": "Q5465047",
        "@geometry": "center"
      },
      "geometry": {
        "type": "Point",
        "coordinates": [
          -3.3708187,
          51.403779
        ]
      },
      "id": "way/399199151"
    },
    {
      "type": "Feature",
      "properties": {
        "@id": "way/399619658",
        "building": "yes",
        "castle_type": "stately",
        "historic": "castle",
        "name": "Castle Craig Hospital",
        "@geometry": "center"
      },
      "geometry": {
        "type": "Point",
        "coordinates": [
          -3.3749503,
          55.6842053
        ]
      },
      "id": "way/399619658"
    },
    {
      "type": "Feature",
      "properties": {
        "@id": "way/403494967",
        "building": "yes",
        "castle_type": "stately",
        "historic": "castle",
        "name": "Knowsley Hall",
        "website": "https://knowsleyhallvenue.co.uk/",
        "wikidata": "Q6423480",
        "wikipedia": "en:Knowsley Hall",
        "@geometry": "center"
      },
      "geometry": {
        "type": "Point",
        "coordinates": [
          -2.8375843,
          53.4382089
        ]
      },
      "id": "way/403494967"
    },
    {
      "type": "Feature",
      "properties": {
        "@id": "way/405852050",
        "building": "ruins",
        "historic": "castle",
        "name": "Sutton Valence Castle",
        "ruins": "yes",
        "wikidata": "Q17677452",
        "wikipedia": "en:Sutton Valence Castle",
        "@geometry": "center"
      },
      "geometry": {
        "type": "Point",
        "coordinates": [
          0.5978243,
          51.212399
        ]
      },
      "id": "way/405852050"
    },
    {
      "type": "Feature",
      "properties": {
        "@id": "way/405964950",
        "barrier": "wall",
        "historic": "ruins",
        "name": "Mettingham Castle",
        "ruins": "castle",
        "@geometry": "center"
      },
      "geometry": {
        "type": "Point",
        "coordinates": [
          1.4714391,
          52.4457131
        ]
      },
      "id": "way/405964950"
    },
    {
      "type": "Feature",
      "properties": {
        "@id": "way/405964951",
        "barrier": "wall",
        "historic": "ruins",
        "name": "Mettingham Castle",
        "ruins": "castle",
        "@geometry": "center"
      },
      "geometry": {
        "type": "Point",
        "coordinates": [
          1.4706927,
          52.4457041
        ]
      },
      "id": "way/405964951"
    },
    {
      "type": "Feature",
      "properties": {
        "@id": "way/405964953",
        "barrier": "wall",
        "historic": "ruins",
        "name": "Mettingham Castle",
        "ruins": "castle",
        "@geometry": "center"
      },
      "geometry": {
        "type": "Point",
        "coordinates": [
          1.4699733,
          52.4448189
        ]
      },
      "id": "way/405964953"
    },
    {
      "type": "Feature",
      "properties": {
        "@id": "way/405964954",
        "barrier": "wall",
        "historic": "ruins",
        "name": "Mettingham Castle",
        "ruins": "castle",
        "@geometry": "center"
      },
      "geometry": {
        "type": "Point",
        "coordinates": [
          1.4705378,
          52.4450576
        ]
      },
      "id": "way/405964954"
    },
    {
      "type": "Feature",
      "properties": {
        "@id": "way/405964956",
        "barrier": "wall",
        "historic": "ruins",
        "ruins": "castle",
        "@geometry": "center"
      },
      "geometry": {
        "type": "Point",
        "coordinates": [
          1.4714773,
          52.4449873
        ]
      },
      "id": "way/405964956"
    },
    {
      "type": "Feature",
      "properties": {
        "@id": "way/405964958",
        "barrier": "wall",
        "historic": "ruins",
        "name": "Mettingham Castle",
        "ruins": "castle",
        "@geometry": "center"
      },
      "geometry": {
        "type": "Point",
        "coordinates": [
          1.4711132,
          52.4457507
        ]
      },
      "id": "way/405964958"
    },
    {
      "type": "Feature",
      "properties": {
        "@id": "way/405964960",
        "barrier": "wall",
        "historic": "ruins",
        "ruins": "castle",
        "@geometry": "center"
      },
      "geometry": {
        "type": "Point",
        "coordinates": [
          1.4713384,
          52.4448687
        ]
      },
      "id": "way/405964960"
    },
    {
      "type": "Feature",
      "properties": {
        "@id": "way/407107655",
        "building": "yes",
        "castle_type": "defensive",
        "historic": "castle",
        "name": "Midhope Castle",
        "name:pt": "Castelo Midhope",
        "note": "Filming location site of \"Outlander\" Lallybroch",
        "wikidata": "Q6842247",
        "wikipedia": "en:Midhope Castle",
        "@geometry": "center"
      },
      "geometry": {
        "type": "Point",
        "coordinates": [
          -3.4878408,
          55.9921519
        ]
      },
      "id": "way/407107655"
    },
    {
      "type": "Feature",
      "properties": {
        "@id": "way/408198694",
        "castle_type": "fortress",
        "historic": "castle",
        "name": "Castell Trefaldwyn",
        "name:cy": "Castell Trefaldwyn",
        "name:en": "Montgomery Castle",
        "ruins": "yes",
        "wikidata": "Q3400816",
        "@geometry": "center"
      },
      "geometry": {
        "type": "Point",
        "coordinates": [
          -3.14987,
          52.5634366
        ]
      },
      "id": "way/408198694"
    },
    {
      "type": "Feature",
      "properties": {
        "@id": "way/409069163",
        "addr:postcode": "LL17 0RQ",
        "building": "residential",
        "castle_type": "palace",
        "description": "The Bishop's Palace, St Asaph. A stone-built, two storey palace, the E, garden front of which is of 1791, whilst the W, entrance front is Victorian.",
        "heritage:website": "https://coflein.gov.uk/en/site/36178/",
        "historic": "castle",
        "name": "The Old Bishop's Palace",
        "wikidata": "Q39006431",
        "@geometry": "center"
      },
      "geometry": {
        "type": "Point",
        "coordinates": [
          -3.4445606,
          53.2561606
        ]
      },
      "id": "way/409069163"
    },
    {
      "type": "Feature",
      "properties": {
        "@id": "way/410663953",
        "building": "yes",
        "historic": "castle",
        "name": "Colliston Castle",
        "tourism": "chalet",
        "wikidata": "Q5147520",
        "wikipedia": "en:Colliston Castle",
        "@geometry": "center"
      },
      "geometry": {
        "type": "Point",
        "coordinates": [
          -2.6328764,
          56.6079438
        ]
      },
      "id": "way/410663953"
    },
    {
      "type": "Feature",
      "properties": {
        "@id": "way/413076761",
        "building": "yes",
        "historic": "castle",
        "name": "Branxholme Castle",
        "place": "isolated_dwelling",
        "ref:canmore": "54145",
        "wikidata": "Q4957731",
        "@geometry": "center"
      },
      "geometry": {
        "type": "Point",
        "coordinates": [
          -2.8473298,
          55.3959814
        ]
      },
      "id": "way/413076761"
    },
    {
      "type": "Feature",
      "properties": {
        "@id": "way/413492248",
        "building": "yes",
        "castle_type": "stately",
        "historic": "castle",
        "name": "Brechin Castle",
        "tourism": "attraction",
        "wikidata": "Q9705138",
        "wikipedia": "en:Brechin Castle",
        "@geometry": "center"
      },
      "geometry": {
        "type": "Point",
        "coordinates": [
          -2.6591183,
          56.7290522
        ]
      },
      "id": "way/413492248"
    },
    {
      "type": "Feature",
      "properties": {
        "@id": "way/414026836",
        "addr:city": "Forfar",
        "addr:housename": "Gardyne Castle",
        "addr:place": "Gardyne",
        "addr:postcode": "DD8 2SQ",
        "building": "yes",
        "castle_type": "tower",
        "historic": "castle",
        "name": "Gardyne Castle",
        "start_date": "1568",
        "wikidata": "Q5522658",
        "wikipedia": "en:Gardyne Castle",
        "@geometry": "center"
      },
      "geometry": {
        "type": "Point",
        "coordinates": [
          -2.6964477,
          56.6290297
        ]
      },
      "id": "way/414026836"
    },
    {
      "type": "Feature",
      "properties": {
        "@id": "way/415136999",
        "building": "yes",
        "castle_type": "stately",
        "historic": "castle",
        "name": "Melgund Castle",
        "wikidata": "Q3302289",
        "wikipedia": "en:Melgund Castle",
        "@geometry": "center"
      },
      "geometry": {
        "type": "Point",
        "coordinates": [
          -2.7427868,
          56.6965051
        ]
      },
      "id": "way/415136999"
    },
    {
      "type": "Feature",
      "properties": {
        "@id": "way/415657308",
        "castle_type": "stately",
        "historic": "castle",
        "name": "Orchardton Castle",
        "wikidata": "Q17792581",
        "@geometry": "center"
      },
      "geometry": {
        "type": "Point",
        "coordinates": [
          -3.8542184,
          54.8590847
        ]
      },
      "id": "way/415657308"
    },
    {
      "type": "Feature",
      "properties": {
        "@id": "node/416870760",
        "access": "private",
        "historic": "castle",
        "name": "Apley Castle",
        "ruins": "yes",
        "source": "NPE+local knowledge",
        "wikidata": "Q4779972"
      },
      "geometry": {
        "type": "Point",
        "coordinates": [
          -2.5092749,
          52.7163397
        ]
      },
      "id": "node/416870760"
    },
    {
      "type": "Feature",
      "properties": {
        "@id": "way/417405721",
        "building": "house",
        "castle_type": "stately",
        "heritage": "yes",
        "historic": "castle",
        "name": "Couston Castle",
        "name:pt": "Castelo Couston",
        "source": "bing",
        "wikidata": "Q5178847",
        "wikipedia": "en:Couston Castle",
        "@geometry": "center"
      },
      "geometry": {
        "type": "Point",
        "coordinates": [
          -3.3369527,
          56.0513387
        ]
      },
      "id": "way/417405721"
    },
    {
      "type": "Feature",
      "properties": {
        "@id": "way/417595102",
        "building": "yes",
        "historic": "castle",
        "name": "Chipchase Castle",
        "wikidata": "Q5101582",
        "@geometry": "center"
      },
      "geometry": {
        "type": "Point",
        "coordinates": [
          -2.1855316,
          55.0760098
        ]
      },
      "id": "way/417595102"
    },
    {
      "type": "Feature",
      "properties": {
        "@id": "way/417617998",
        "addr:city": "Oakham",
        "addr:postcode": "LE15 6DR",
        "addr:street": "Castle Lane",
        "building": "yes",
        "castle_type": "manor",
        "historic": "castle",
        "historic:civilization": "Norman",
        "name": "Oakham Castle",
        "operator": "Rutland County Council",
        "source": "survey",
        "wikidata": "Q2968294",
        "wikipedia": "en:Oakham Castle",
        "@geometry": "center"
      },
      "geometry": {
        "type": "Point",
        "coordinates": [
          -0.7274303,
          52.6709987
        ]
      },
      "id": "way/417617998"
    },
    {
      "type": "Feature",
      "properties": {
        "@id": "way/417976227",
        "alt_name": "The Tower",
        "building": "yes",
        "castle_type": "stately",
        "historic": "castle",
        "name": "Tawstock Castle",
        "start_date": "C18",
        "tourism": "hotel",
        "wikidata": "Q26545384",
        "@geometry": "center"
      },
      "geometry": {
        "type": "Point",
        "coordinates": [
          -4.0637838,
          51.058441
        ]
      },
      "id": "way/417976227"
    },
    {
      "type": "Feature",
      "properties": {
        "@id": "way/418765932",
        "addr:city": "Dundee",
        "addr:postcode": "DD5 3UY",
        "addr:street": "Elm Rise",
        "building": "yes",
        "historic": "castle",
        "name": "Ballumbie Castle (remains)",
        "ref:GB:uprn": "117101831",
        "@geometry": "center"
      },
      "geometry": {
        "type": "Point",
        "coordinates": [
          -2.9007622,
          56.4992032
        ]
      },
      "id": "way/418765932"
    },
    {
      "type": "Feature",
      "properties": {
        "@id": "way/418821289",
        "building": "yes",
        "castle_type": "stately",
        "historic": "castle",
        "listed_status": "Grade II*",
        "name": "Stisted Hall",
        "wikidata": "Q17557657",
        "@geometry": "center"
      },
      "geometry": {
        "type": "Point",
        "coordinates": [
          0.6071209,
          51.892095
        ]
      },
      "id": "way/418821289"
    },
    {
      "type": "Feature",
      "properties": {
        "@id": "way/418903489",
        "building": "yes",
        "castle_type": "defensive",
        "historic": "castle",
        "layer": "1",
        "name": "Greenan Castle",
        "ruins": "yes",
        "wikidata": "Q9704234",
        "wikimedia_commons": "Category:Greenan Castle",
        "wikipedia": "en:Greenan Castle",
        "@geometry": "center"
      },
      "geometry": {
        "type": "Point",
        "coordinates": [
          -4.6700373,
          55.4386232
        ]
      },
      "id": "way/418903489"
    },
    {
      "type": "Feature",
      "properties": {
        "@id": "way/430858305",
        "access": "yes",
        "building": "yes",
        "description": "Ruined older castle at the back and C19th residence nearer the road. Private except for chapel",
        "geograph": "http://www.geograph.org.uk/photo/48548",
        "historic": "castle",
        "listed_status": "Grade I",
        "name": "Snape Castle",
        "private": "yes",
        "source": "OS1",
        "start_date": "1420",
        "wikidata": "Q17538156",
        "wikipedia": "en:Snape Castle",
        "@geometry": "center"
      },
      "geometry": {
        "type": "Point",
        "coordinates": [
          -1.5992529,
          54.2544769
        ]
      },
      "id": "way/430858305"
    },
    {
      "type": "Feature",
      "properties": {
        "@id": "way/432347171",
        "access": "yes",
        "addr:city": "Deeside",
        "addr:country": "GB",
        "addr:postcode": "CH5 3BZ",
        "building": "yes",
        "historic": "castle",
        "name": "Castell Ewloe",
        "name:cy": "Castell Ewloe",
        "name:en": "Ewloe Castle",
        "ref:GB:uprn": "10013716314",
        "ruins": "yes",
        "source:addr:postcode": "ONSUD;OS Open UPRN",
        "wikidata": "Q5419069",
        "wikipedia": "en:Ewloe Castle",
        "@geometry": "center"
      },
      "geometry": {
        "type": "Point",
        "coordinates": [
          -3.0670879,
          53.1999833
        ]
      },
      "id": "way/432347171"
    },
    {
      "type": "Feature",
      "properties": {
        "@id": "way/432535203",
        "HE_ref": "1317735",
        "access": "private",
        "addr:city": "Quernmore",
        "addr:housename": "Quernmore Park Hall",
        "addr:postcode": "LA2 9HN",
        "addr:street": "Quernmore Road",
        "building": "yes",
        "building:levels": "3",
        "castle_type": "manor",
        "heritage": "2",
        "heritage:operator": "Historic England",
        "historic": "castle",
        "historic:civilization": "modern",
        "listed_status": "Grade II*",
        "start_date": "1795",
        "wikidata": "Q7271374",
        "wikipedia": "en:Quernmore Park",
        "@geometry": "center"
      },
      "geometry": {
        "type": "Point",
        "coordinates": [
          -2.7403429,
          54.0585438
        ]
      },
      "id": "way/432535203"
    },
    {
      "type": "Feature",
      "properties": {
        "@id": "way/434341280",
        "building": "yes",
        "historic": "castle",
        "name": "Kinbane Castle",
        "ruins": "yes",
        "wikidata": "Q2781974",
        "wikipedia": "en:Kinbane Castle",
        "@geometry": "center"
      },
      "geometry": {
        "type": "Point",
        "coordinates": [
          -6.2912801,
          55.2293928
        ]
      },
      "id": "way/434341280"
    },
    {
      "type": "Feature",
      "properties": {
        "@id": "way/435101261",
        "building": "ruins",
        "historic": "castle",
        "name": "Triermain Castle",
        "website": "https://www.visitcumbria.com/car/triermain-castle/",
        "@geometry": "center"
      },
      "geometry": {
        "type": "Point",
        "coordinates": [
          -2.6350019,
          54.9941252
        ]
      },
      "id": "way/435101261"
    },
    {
      "type": "Feature",
      "properties": {
        "@id": "node/436618898",
        "access": "customers",
        "addr:city": "Ludlow",
        "addr:housename": "Ludlow Castle",
        "addr:postcode": "SY8 1AY",
        "addr:street": "Castle Square",
        "castle_type": "defensive",
        "ele": "111",
        "fee": "yes",
        "fee:conditional": "no @ age < 5",
        "historic": "castle",
        "historic:civilization": "medieval",
        "name": "Ludlow Castle",
        "name:cy": "Castell Llwydlo",
        "opening_hours:url": "https://www.ludlowcastle.com/visit-us/opening-times-prices-book-tickets/",
        "ruins": "yes",
        "source": "NPE",
        "tourism": "attraction",
        "website": "https://www.ludlowcastle.com/",
        "wheelchair": "limited",
        "wheelchair:description": "Very difficult to access. Shop unaccessible. Rough terrain and no access obviously to structures such as the towers. Can possibly access main grounds with a strong push and a manual wheelchair.",
        "wikidata": "Q576369",
        "wikipedia": "en:Ludlow Castle"
      },
      "geometry": {
        "type": "Point",
        "coordinates": [
          -2.7230141,
          52.3671823
        ]
      },
      "id": "node/436618898"
    },
    {
      "type": "Feature",
      "properties": {
        "@id": "way/436715102",
        "building": "yes",
        "castle_type": "defensive",
        "historic": "castle",
        "name": "Pentney Abbey Gatehouse",
        "note": "Looks like building is being restored.",
        "wikidata": "Q7165255",
        "@geometry": "center"
      },
      "geometry": {
        "type": "Point",
        "coordinates": [
          0.5147423,
          52.680412
        ]
      },
      "id": "way/436715102"
    },
    {
      "type": "Feature",
      "properties": {
        "@id": "way/439002546",
        "addr:city": "Bushmills",
        "addr:housenumber": "87",
        "addr:postcode": "BT57 8UY",
        "addr:street": "Dunluce Road",
        "castle_type": "defensive",
        "charge": "5 GBP/person;13 GBP/family",
        "charge:conditional": "3 GBP @ age<16; 3 GBP/person @ \"groups > 10 people\"",
        "check_date:opening_hours": "2024-05-10",
        "communication:amateur_radio:wca": "GI-00006",
        "fee": "yes",
        "fee:conditional": "no @ age < 5",
        "historic": "castle",
        "name": "Dunluce Castle",
        "opening_hours": "Feb-Nov 09:30-17:00; Dec-Jan 09:30-16:00",
        "opening_hours:description": "last admission 30 minutes before closing",
        "ruins": "yes",
        "tourism": "attraction",
        "website": "https://discovernorthernireland.com/things-to-do/dunluce-castle-p675011",
        "wikidata": "Q1266167",
        "wikipedia": "en:Dunluce Castle",
        "@geometry": "center"
      },
      "geometry": {
        "type": "Point",
        "coordinates": [
          -6.5793956,
          55.2109593
        ]
      },
      "id": "way/439002546"
    },
    {
      "type": "Feature",
      "properties": {
        "@id": "way/439140854",
        "HE_ref": "1071756",
        "access": "private",
        "building": "yes",
        "castle_type": "manor",
        "historic": "castle",
        "listed_status": "Grade I",
        "name": "Ashton Hall",
        "owner": "Lancaster Golf Club",
        "wikidata": "Q4806040",
        "wikipedia": "en:Ashton Hall",
        "@geometry": "center"
      },
      "geometry": {
        "type": "Point",
        "coordinates": [
          -2.8229074,
          54.0088335
        ]
      },
      "id": "way/439140854"
    },
    {
      "type": "Feature",
      "properties": {
        "@id": "way/441495856",
        "alt_name:en": "Castell Bronllys",
        "building": "yes",
        "fixme": "Add Cadw refs",
        "historic": "castle",
        "name": "Bronllys Castle",
        "name:cy": "Castell Bronllys",
        "name:en": "Bronllys Castle",
        "wikidata": "Q17743079",
        "@geometry": "center"
      },
      "geometry": {
        "type": "Point",
        "coordinates": [
          -3.240587,
          52.0036105
        ]
      },
      "id": "way/441495856"
    },
    {
      "type": "Feature",
      "properties": {
        "@id": "way/441514312",
        "historic": "castle",
        "name": "Shaw Castle",
        "@geometry": "center"
      },
      "geometry": {
        "type": "Point",
        "coordinates": [
          -1.8680889,
          53.6731201
        ]
      },
      "id": "way/441514312"
    },
    {
      "type": "Feature",
      "properties": {
        "@id": "way/442098034",
        "alt_name": "Bishop’s Palace",
        "building": "yes",
        "castle_type": "palace",
        "heritage": "2",
        "heritage:operator": "he",
        "heritage:website": "https://historicengland.org.uk/listing/the-list/list-entry/1206091",
        "historic": "castle",
        "name": "Bishops Palace",
        "source": "bing",
        "@geometry": "center"
      },
      "geometry": {
        "type": "Point",
        "coordinates": [
          -2.7168136,
          52.0535797
        ]
      },
      "id": "way/442098034"
    },
    {
      "type": "Feature",
      "properties": {
        "@id": "way/443171603",
        "building": "castle",
        "contact:website": "https://dunscastle.co.uk/",
        "historic": "castle",
        "name": "Duns Castle",
        "source": "Bing",
        "wikidata": "Q920068",
        "wikipedia": "en:Duns Castle",
        "@geometry": "center"
      },
      "geometry": {
        "type": "Point",
        "coordinates": [
          -2.3560332,
          55.782398
        ]
      },
      "id": "way/443171603"
    },
    {
      "type": "Feature",
      "properties": {
        "@id": "way/443809052",
        "building": "yes",
        "castle_type": "defensive",
        "historic": "castle",
        "name": "Fordell Castle",
        "wikidata": "Q5468048",
        "wikipedia": "en:Fordell Castle",
        "@geometry": "center"
      },
      "geometry": {
        "type": "Point",
        "coordinates": [
          -3.3712435,
          56.0536853
        ]
      },
      "id": "way/443809052"
    },
    {
      "type": "Feature",
      "properties": {
        "@id": "way/443811615",
        "building": "yes",
        "castle_type": "stately",
        "heritage": "yes",
        "historic": "castle",
        "name": "Buchanan Castle",
        "ruins": "yes",
        "source": "https://en.wikipedia.org/wiki/Buchanan_Castle",
        "wikidata": "Q13581703",
        "wikipedia": "en:Buchanan Castle",
        "@geometry": "center"
      },
      "geometry": {
        "type": "Point",
        "coordinates": [
          -4.4723338,
          56.0654012
        ]
      },
      "id": "way/443811615"
    },
    {
      "type": "Feature",
      "properties": {
        "@id": "way/449234330",
        "building": "yes",
        "historic": "castle",
        "name": "Beverston Castle",
        "wikidata": "Q4899641",
        "wikipedia": "en:Beverston Castle",
        "@geometry": "center"
      },
      "geometry": {
        "type": "Point",
        "coordinates": [
          -2.2014172,
          51.6442072
        ]
      },
      "id": "way/449234330"
    },
    {
      "type": "Feature",
      "properties": {
        "@id": "node/450155403",
        "addr:city": "Gainsborough",
        "addr:country": "GB",
        "addr:housename": "The Old Hall",
        "addr:postcode": "DN21 2NB",
        "addr:street": "Parnell Street",
        "castle_type": "manor",
        "fee": "yes",
        "fhrs:id": "234737",
        "historic": "castle",
        "name": "Gainsborough Old Hall",
        "opening_hours:url": "https://www.english-heritage.org.uk/visit/places/gainsborough-old-hall/prices-and-opening-times/",
        "operator": "English Heritage",
        "source": "local_knowledge",
        "tourism": "museum",
        "website": "https://www.english-heritage.org.uk/visit/places/gainsborough-old-hall/",
        "wikidata": "Q5517295",
        "wikipedia": "en:Gainsborough Old Hall"
      },
      "geometry": {
        "type": "Point",
        "coordinates": [
          -0.7782513,
          53.4007132
        ]
      },
      "id": "node/450155403"
    },
    {
      "type": "Feature",
      "properties": {
        "@id": "way/452660278",
        "building": "yes",
        "historic": "castle",
        "@geometry": "center"
      },
      "geometry": {
        "type": "Point",
        "coordinates": [
          -1.8579378,
          54.9651395
        ]
      },
      "id": "way/452660278"
    },
    {
      "type": "Feature",
      "properties": {
        "@id": "way/452666121",
        "building": "yes",
        "historic": "castle",
        "man_made": "tower",
        "name": "Antrim Castle",
        "ruins": "castle",
        "@geometry": "center"
      },
      "geometry": {
        "type": "Point",
        "coordinates": [
          -6.2243965,
          54.7156289
        ]
      },
      "id": "way/452666121"
    },
    {
      "type": "Feature",
      "properties": {
        "@id": "way/460814056",
        "historic": "castle",
        "name": "Motte and Bailey",
        "@geometry": "center"
      },
      "geometry": {
        "type": "Point",
        "coordinates": [
          -2.7659702,
          54.0768215
        ]
      },
      "id": "way/460814056"
    },
    {
      "type": "Feature",
      "properties": {
        "@id": "way/463918949",
        "building": "yes",
        "castle_type": "stately",
        "historic": "castle",
        "name": "Homme House",
        "wikidata": "Q55887035",
        "wikipedia": "en:Homme House",
        "@geometry": "center"
      },
      "geometry": {
        "type": "Point",
        "coordinates": [
          -2.5055207,
          51.9838936
        ]
      },
      "id": "way/463918949"
    },
    {
      "type": "Feature",
      "properties": {
        "@id": "way/466196747",
        "addr:postcode": "KA30 8SE",
        "building": "yes",
        "castle_type": "stately",
        "historic": "castle",
        "name": "Knock Castle",
        "name:de": "Knock Castle",
        "ref:GB:uprn": "126056226",
        "wikidata": "Q6422763",
        "wikipedia": "en:Knock Castle, Largs",
        "@geometry": "center"
      },
      "geometry": {
        "type": "Point",
        "coordinates": [
          -4.884538,
          55.8264347
        ]
      },
      "id": "way/466196747"
    },
    {
      "type": "Feature",
      "properties": {
        "@id": "way/471507983",
        "archaeological_site": "fortification",
        "area": "yes",
        "historic": "ruins",
        "name": "Shane's Castle",
        "ruins": "castle",
        "source": "Bing",
        "wikidata": "Q7487953",
        "wikipedia": "en:Shane's Castle",
        "@geometry": "center"
      },
      "geometry": {
        "type": "Point",
        "coordinates": [
          -6.2679363,
          54.727475
        ]
      },
      "id": "way/471507983"
    },
    {
      "type": "Feature",
      "properties": {
        "@id": "way/471511140",
        "access": "private",
        "addr:city": "Antrim",
        "addr:place": "Shane's Castle Park",
        "addr:postcode": "BT41 4NE",
        "building": "house",
        "castle_type": "stately",
        "historic": "castle",
        "name": "Shane's Castle",
        "note": "This is the 19th century house named Shane's Castle. The ruined castle is 500 metres to the east: https://www.openstreetmap.org/way/471507983/",
        "operator": "Shanes Castle Estates Co Ltd",
        "start_date": "c19",
        "website": "http://www.shanescastle.com/",
        "@geometry": "center"
      },
      "geometry": {
        "type": "Point",
        "coordinates": [
          -6.2751744,
          54.7283135
        ]
      },
      "id": "way/471511140"
    },
    {
      "type": "Feature",
      "properties": {
        "@id": "way/473019560",
        "historic": "castle",
        "@geometry": "center"
      },
      "geometry": {
        "type": "Point",
        "coordinates": [
          -7.6591227,
          54.3560119
        ]
      },
      "id": "way/473019560"
    },
    {
      "type": "Feature",
      "properties": {
        "@id": "way/473019743",
        "castle_type": "defensive",
        "historic": "castle",
        "name": "Tully Castle",
        "name:en": "Tully Castle",
        "name:ga": "Caisleán na Tulaí",
        "name:uk": "Замок Таллі",
        "ruins": "yes",
        "wikidata": "Q7852240",
        "wikipedia": "en:Tully Castle",
        "@geometry": "center"
      },
      "geometry": {
        "type": "Point",
        "coordinates": [
          -7.8055093,
          54.4579417
        ]
      },
      "id": "way/473019743"
    },
    {
      "type": "Feature",
      "properties": {
        "@id": "node/474728866",
        "building:condition": "completely_ruinous",
        "historic": "castle",
        "name": "Skelbo Castle",
        "ruins": "yes",
        "source": "OS7",
        "state": "ruined",
        "wikidata": "Q7534354",
        "wikipedia": "en:Skelbo Castle"
      },
      "geometry": {
        "type": "Point",
        "coordinates": [
          -4.0406719,
          57.929806
        ]
      },
      "id": "node/474728866"
    },
    {
      "type": "Feature",
      "properties": {
        "@id": "way/475733514",
        "access": "customers",
        "building": "yes",
        "castle_type": "fortress",
        "historic": "castle",
        "name": "St Catherine's Fort",
        "wikidata": "Q7592760",
        "wikipedia": "en:St Catherine's Fort",
        "@geometry": "center"
      },
      "geometry": {
        "type": "Point",
        "coordinates": [
          -4.6918783,
          51.670619
        ]
      },
      "id": "way/475733514"
    },
    {
      "type": "Feature",
      "properties": {
        "@id": "way/475975280",
        "castle_type": "manor",
        "historic": "castle",
        "name": "East Orchard Castle",
        "ruins": "yes",
        "start_date": "1399",
        "wikidata": "Q24636887",
        "wikipedia": "en:East Orchard Castle",
        "@geometry": "center"
      },
      "geometry": {
        "type": "Point",
        "coordinates": [
          -3.3980155,
          51.4031752
        ]
      },
      "id": "way/475975280"
    },
    {
      "type": "Feature",
      "properties": {
        "@id": "node/476645460",
        "heritage:operator": "Historic Environment Scotland",
        "heritage:website": "https://portal.historicenvironment.scot/designation/SM92",
        "historic": "castle",
        "name": "Hallforest Castle (ruin)",
        "ref:GB:hs": "SM92",
        "wikidata": "Q16840842",
        "wikipedia": "en:Hallforest Castle"
      },
      "geometry": {
        "type": "Point",
        "coordinates": [
          -2.370649,
          57.2290265
        ]
      },
      "id": "node/476645460"
    },
    {
      "type": "Feature",
      "properties": {
        "@id": "way/476741785",
        "HE_ref": "1159138",
        "access": "private",
        "building": "yes",
        "castle_type": "castle",
        "historic": "castle",
        "listed_status": "Grade II*",
        "name": "Lambton Castle",
        "wikidata": "Q6481592",
        "wikipedia": "en:Lambton Castle",
        "@geometry": "center"
      },
      "geometry": {
        "type": "Point",
        "coordinates": [
          -1.5366794,
          54.8671256
        ]
      },
      "id": "way/476741785"
    },
    {
      "type": "Feature",
      "properties": {
        "@id": "way/478161594",
        "access": "yes",
        "building": "yes",
        "historic": "ruins",
        "name": "Lammerside Castle",
        "ruins": "castle",
        "website": "https://www.visitcumbria.com/evnp/lammerside-castle/",
        "wikidata": "Q20962161",
        "@geometry": "center"
      },
      "geometry": {
        "type": "Point",
        "coordinates": [
          -2.3521795,
          54.4378665
        ]
      },
      "id": "way/478161594"
    },
    {
      "type": "Feature",
      "properties": {
        "@id": "way/478867930",
        "addr:city": "York",
        "addr:postcode": "YO62 4LX",
        "addr:suburb": "Hovingham",
        "building": "yes",
        "castle_type": "stately",
        "historic": "castle",
        "listed_status": "Grade I",
        "name": "Hovingham Hall",
        "website": "https://www.hovingham.co.uk/contact-us/contact-details-2.html",
        "wikidata": "Q5917233",
        "wikipedia": "en:Hovingham Hall",
        "@geometry": "center"
      },
      "geometry": {
        "type": "Point",
        "coordinates": [
          -0.9807282,
          54.1723999
        ]
      },
      "id": "way/478867930"
    },
    {
      "type": "Feature",
      "properties": {
        "@id": "way/479856206",
        "alt_name": "Aldford Castle",
        "historic": "castle",
        "man_made": "embankment",
        "name": "Blobb Hill Castle",
        "note": "motte & bailey",
        "ruins": "castle",
        "wikidata": "Q4713789",
        "@geometry": "center"
      },
      "geometry": {
        "type": "Point",
        "coordinates": [
          -2.8701444,
          53.1301509
        ]
      },
      "id": "way/479856206"
    },
    {
      "type": "Feature",
      "properties": {
        "@id": "node/483451778",
        "historic": "castle",
        "name": "Roundhay Castle (Folly)",
        "wikidata": "Q26547712"
      },
      "geometry": {
        "type": "Point",
        "coordinates": [
          -1.4925523,
          53.8412274
        ]
      },
      "id": "node/483451778"
    },
    {
      "type": "Feature",
      "properties": {
        "@id": "way/485004500",
        "building": "yes",
        "historic": "castle",
        "name": "Balmuto Castle",
        "name:gd": "Caisteal Bhaile Multaich",
        "source": "http://canmore.rcahms.gov.uk/en/site/52776/details/balmuto+tower/",
        "wikidata": "Q17804178",
        "@geometry": "center"
      },
      "geometry": {
        "type": "Point",
        "coordinates": [
          -3.2538732,
          56.0938975
        ]
      },
      "id": "way/485004500"
    },
    {
      "type": "Feature",
      "properties": {
        "@id": "way/489951097",
        "archaeological_site": "fortification",
        "castle_type": "defensive",
        "description": "Castle ruins",
        "fortification_type": "castle",
        "historic": "castle",
        "name": "Kenfig Castle",
        "wikidata": "Q2614463",
        "wikipedia": "en:Kenfig Castle",
        "@geometry": "center"
      },
      "geometry": {
        "type": "Point",
        "coordinates": [
          -3.7301145,
          51.5302831
        ]
      },
      "id": "way/489951097"
    },
    {
      "type": "Feature",
      "properties": {
        "@id": "way/491653228",
        "access": "yes",
        "addr:postcode": "BH23 1AS",
        "fee": "no",
        "historic": "ruins",
        "historic:civilization": "medieval",
        "name": "Christchurch Castle",
        "ruins": "castle",
        "tourism": "attraction",
        "website": "https://www.english-heritage.org.uk/visit/places/christchurch-castle-and-norman-house/",
        "wikidata": "Q1078256",
        "@geometry": "center"
      },
      "geometry": {
        "type": "Point",
        "coordinates": [
          -1.7750097,
          50.7333797
        ]
      },
      "id": "way/491653228"
    },
    {
      "type": "Feature",
      "properties": {
        "@id": "way/495715955",
        "access": "private",
        "addr:housename": "Cound Hall",
        "building": "yes",
        "castle_type": "stately",
        "historic": "castle",
        "listed_status": "Grade I",
        "name": "Cound Hall",
        "wikidata": "Q5176596",
        "wikipedia": "en:Cound Hall",
        "@geometry": "center"
      },
      "geometry": {
        "type": "Point",
        "coordinates": [
          -2.6508,
          52.6438301
        ]
      },
      "id": "way/495715955"
    },
    {
      "type": "Feature",
      "properties": {
        "@id": "way/496514650",
        "building": "yes",
        "castle_type": "tower",
        "historic": "castle",
        "historic:civilization": "celtic",
        "name": "Achallader Castle (ruins)",
        "ruins": "castle",
        "wikidata": "Q4673443",
        "wikipedia": "en:Achallader Castle",
        "@geometry": "center"
      },
      "geometry": {
        "type": "Point",
        "coordinates": [
          -4.7318057,
          56.5602252
        ]
      },
      "id": "way/496514650"
    },
    {
      "type": "Feature",
      "properties": {
        "@id": "way/497520623",
        "building": "castle",
        "castle_type": "defensive",
        "historic": "castle",
        "name": "Muchalls Castle",
        "ref:GB:uprn": "151102916",
        "website": "https://en.wikipedia.org/wiki/Muchalls_Castle",
        "wikidata": "Q10332979",
        "wikipedia": "en:Muchalls Castle",
        "@geometry": "center"
      },
      "geometry": {
        "type": "Point",
        "coordinates": [
          -2.1798546,
          57.0175301
        ]
      },
      "id": "way/497520623"
    },
    {
      "type": "Feature",
      "properties": {
        "@id": "way/497881194",
        "building": "yes",
        "castle_type": "defensive",
        "historic": "castle",
        "historic:civilization": "middle-ages",
        "name": "Boydston Castle",
        "ruins": "castle",
        "@geometry": "center"
      },
      "geometry": {
        "type": "Point",
        "coordinates": [
          -4.8212779,
          55.6581727
        ]
      },
      "id": "way/497881194"
    },
    {
      "type": "Feature",
      "properties": {
        "@id": "way/504120046",
        "building": "yes",
        "historic": "castle",
        "name": "Swansea Castle",
        "name:cy": "Castell Abertawe",
        "wikidata": "Q7653666",
        "wikipedia": "en:Swansea Castle",
        "@geometry": "center"
      },
      "geometry": {
        "type": "Point",
        "coordinates": [
          -3.9411512,
          51.6204831
        ]
      },
      "id": "way/504120046"
    },
    {
      "type": "Feature",
      "properties": {
        "@id": "way/504422636",
        "addr:city": "Stonehaven",
        "addr:country": "GB",
        "addr:postcode": "AB39 2TL",
        "castle_type": "fortress",
        "contact:website": "https://www.dunnottarcastle.co.uk/",
        "fee": "yes",
        "historic": "castle",
        "name": "Dunnottar Castle",
        "name:en": "Dunnottar Castle",
        "name:gd": "Dùn Fhothair",
        "opening_hours": "Apr-Sep Mo-Su,PH 09:00-18:00; Oct,Mar Mo-Su,PH 10:00-17:00; Nov-Jan Mo-Su,PH 10:00-15:00; Feb Mo-Su,PH 10:00-16:00; Dec 25-26,Jan 01-02 off",
        "opening_hours:url": "https://www.dunnottarcastle.co.uk/opening-times",
        "operator:type": "private",
        "ruins": "yes",
        "wikidata": "Q746983",
        "wikipedia": "en:Dunnottar Castle",
        "@geometry": "center"
      },
      "geometry": {
        "type": "Point",
        "coordinates": [
          -2.1971786,
          56.9459931
        ]
      },
      "id": "way/504422636"
    },
    {
      "type": "Feature",
      "properties": {
        "@id": "way/506478633",
        "building": "house",
        "castle_type": "stately",
        "heritage": "yes",
        "heritage:website": "https://canmore.org.uk/site/8025/dunbeath-castle",
        "historic": "castle",
        "name": "Dunbeath Castle",
        "wikidata": "Q5314182",
        "wikipedia": "en:Dunbeath Castle",
        "@geometry": "center"
      },
      "geometry": {
        "type": "Point",
        "coordinates": [
          -3.4356016,
          58.235028
        ]
      },
      "id": "way/506478633"
    },
    {
      "type": "Feature",
      "properties": {
        "@id": "way/510499006",
        "HE_ref": "1178307",
        "area": "yes",
        "building": "yes",
        "historic": "castle",
        "listed_status": "Grade I",
        "@geometry": "center"
      },
      "geometry": {
        "type": "Point",
        "coordinates": [
          -3.0027185,
          52.8736433
        ]
      },
      "id": "way/510499006"
    },
    {
      "type": "Feature",
      "properties": {
        "@id": "way/511509737",
        "building": "ruins",
        "fee": "yes",
        "historic": "castle",
        "name": "Weobley Castle",
        "name:cy": "Castell Weble",
        "opening_hours": "Apr-Oct: Fr-Su 09:30-18:00; Nov-Mar: Fr-Su 09:30-17:00; Jan 1 off; Dec 24-26 off",
        "tourism": "attraction",
        "website": "https://cadw.gov.wales/visit/places-to-visit/weobley-castle",
        "wikidata": "Q7983096",
        "wikipedia": "en:Weobley Castle, Gower",
        "@geometry": "center"
      },
      "geometry": {
        "type": "Point",
        "coordinates": [
          -4.1993331,
          51.6128063
        ]
      },
      "id": "way/511509737"
    },
    {
      "type": "Feature",
      "properties": {
        "@id": "node/512125307",
        "historic": "castle",
        "name": "Sundorne Castle"
      },
      "geometry": {
        "type": "Point",
        "coordinates": [
          -2.6998805,
          52.7327043
        ]
      },
      "id": "node/512125307"
    },
    {
      "type": "Feature",
      "properties": {
        "@id": "way/512487227",
        "building": "yes",
        "historic": "castle",
        "listed_status": "Grade I",
        "name": "South Cowton Castle",
        "start_date": "1470",
        "wikidata": "Q7566919",
        "wikipedia": "en:South Cowton Castle",
        "@geometry": "center"
      },
      "geometry": {
        "type": "Point",
        "coordinates": [
          -1.5476416,
          54.416027
        ]
      },
      "id": "way/512487227"
    },
    {
      "type": "Feature",
      "properties": {
        "@id": "way/512633418",
        "building": "yes",
        "historic": "castle",
        "name": "Clytha Castle",
        "wikidata": "Q5137179",
        "wikipedia": "en:Clytha Castle",
        "@geometry": "center"
      },
      "geometry": {
        "type": "Point",
        "coordinates": [
          -2.923197,
          51.770506
        ]
      },
      "id": "way/512633418"
    },
    {
      "type": "Feature",
      "properties": {
        "@id": "way/512641525",
        "building": "yes",
        "historic": "castle",
        "historic:civilization": "medieval",
        "listed_status": "Grade I",
        "name": "Crayke Castle",
        "ref:GB:uprn": "100052173551",
        "wikidata": "Q5183045",
        "wikipedia": "en:Crayke Castle",
        "@geometry": "center"
      },
      "geometry": {
        "type": "Point",
        "coordinates": [
          -1.1459925,
          54.1290165
        ]
      },
      "id": "way/512641525"
    },
    {
      "type": "Feature",
      "properties": {
        "@id": "way/512911561",
        "HE_ref": "1155314",
        "building": "yes",
        "historic": "castle",
        "listed_status": "Grade I",
        "name": "Woodsford Castle",
        "website": "https://www.landmarktrust.org.uk/search-and-book/properties/woodsford-castle-13233/#Overview",
        "wikidata": "Q17532667",
        "@geometry": "center"
      },
      "geometry": {
        "type": "Point",
        "coordinates": [
          -2.3438893,
          50.7125056
        ]
      },
      "id": "way/512911561"
    },
    {
      "type": "Feature",
      "properties": {
        "@id": "way/512916352",
        "addr:city": "Gainsborough",
        "addr:postcode": "DN21 5BX",
        "building": "yes",
        "historic": "castle",
        "name": "Fillingham Castle",
        "ref:GB:uprn": "10034698095;10034698094",
        "wikidata": "Q17532818",
        "@geometry": "center"
      },
      "geometry": {
        "type": "Point",
        "coordinates": [
          -0.5638915,
          53.3624133
        ]
      },
      "id": "way/512916352"
    },
    {
      "type": "Feature",
      "properties": {
        "@id": "way/514435698",
        "addr:city": "Hexham",
        "addr:housename": "Moot Hall",
        "addr:postcode": "NE46 1XF",
        "addr:street": "Market Place",
        "building": "yes",
        "building:levels": "4",
        "historic": "castle",
        "name": "Moot Hall",
        "wikidata": "Q17527451",
        "wikipedia": "en:Moot Hall, Hexham",
        "@geometry": "center"
      },
      "geometry": {
        "type": "Point",
        "coordinates": [
          -2.1007758,
          54.9715861
        ]
      },
      "id": "way/514435698"
    },
    {
      "type": "Feature",
      "properties": {
        "@id": "way/515778232",
        "building": "yes",
        "historic": "castle",
        "@geometry": "center"
      },
      "geometry": {
        "type": "Point",
        "coordinates": [
          -3.4442153,
          51.1814682
        ]
      },
      "id": "way/515778232"
    },
    {
      "type": "Feature",
      "properties": {
        "@id": "way/516430426",
        "castle_type": "defensive",
        "historic": "castle",
        "name": "Kirby Muxloe Castle",
        "operator": "English Heritage",
        "postal_code": "LE9 2DH",
        "ruins": "yes",
        "tourism": "attraction",
        "wikidata": "Q17674633",
        "wikipedia": "en:Kirby Muxloe Castle",
        "@geometry": "center"
      },
      "geometry": {
        "type": "Point",
        "coordinates": [
          -1.2273293,
          52.6366028
        ]
      },
      "id": "way/516430426"
    },
    {
      "type": "Feature",
      "properties": {
        "@id": "way/519543579",
        "alt_name": "Stranraer Castle",
        "building": "yes",
        "building:material": "stone",
        "castle_type": "tower_house",
        "historic": "castle",
        "name": "Castle of St John",
        "tourism": "attraction",
        "tower:construction": "freestanding",
        "tower:type": "defensive",
        "wikidata": "Q3663082",
        "wikipedia": "en:Castle of St John",
        "@geometry": "center"
      },
      "geometry": {
        "type": "Point",
        "coordinates": [
          -5.0259861,
          54.9044016
        ]
      },
      "id": "way/519543579"
    },
    {
      "type": "Feature",
      "properties": {
        "@id": "way/522690822",
        "alt_name": "Ballygalley Castle",
        "building": "yes",
        "castle_type": "defensive",
        "historic": "castle",
        "historic:civilization": "modern",
        "name": "Ballygally Castle",
        "note": "the only 17th century building still used as a residence in Northern Ireland, and is reputed to be one of the most haunted places in all of Ulster.",
        "start_date": "1625",
        "tourism": "attraction",
        "wikidata": "Q4852123",
        "wikipedia": "en:Ballygally Castle",
        "@geometry": "center"
      },
      "geometry": {
        "type": "Point",
        "coordinates": [
          -5.8612307,
          54.8992547
        ]
      },
      "id": "way/522690822"
    },
    {
      "type": "Feature",
      "properties": {
        "@id": "way/523503187",
        "building": "yes",
        "castle_type": "stately",
        "historic": "castle",
        "name": "Olderfleet Castle",
        "ruins": "yes",
        "wikidata": "Q7085566",
        "wikimedia_commons": "Category:Olderfleet Castle",
        "wikipedia": "en:Olderfleet Castle",
        "@geometry": "center"
      },
      "geometry": {
        "type": "Point",
        "coordinates": [
          -5.8007854,
          54.8427836
        ]
      },
      "id": "way/523503187"
    },
    {
      "type": "Feature",
      "properties": {
        "@id": "node/524192503",
        "access": "private",
        "castle_type": "defensive",
        "historic": "castle",
        "name": "Braal Castle",
        "ruins": "yes",
        "wikidata": "Q4185814"
      },
      "geometry": {
        "type": "Point",
        "coordinates": [
          -3.4819941,
          58.5201516
        ]
      },
      "id": "node/524192503"
    },
    {
      "type": "Feature",
      "properties": {
        "@id": "way/527341425",
        "amenity": "holiday_home",
        "building": "yes",
        "castle_type": "defensive",
        "historic": "castle",
        "name": "Kingswear Castle",
        "wikidata": "Q2969487",
        "wikipedia": "en:Kingswear Castle",
        "@geometry": "center"
      },
      "geometry": {
        "type": "Point",
        "coordinates": [
          -3.5598679,
          50.3420361
        ]
      },
      "id": "way/527341425"
    },
    {
      "type": "Feature",
      "properties": {
        "@id": "way/527470701",
        "building": "yes",
        "historic": "castle",
        "name": "Broncroft Castle",
        "source": "bing",
        "@geometry": "center"
      },
      "geometry": {
        "type": "Point",
        "coordinates": [
          -2.6716812,
          52.4769958
        ]
      },
      "id": "way/527470701"
    },
    {
      "type": "Feature",
      "properties": {
        "@id": "node/528226187",
        "historic": "ruins",
        "ruins": "castle",
        "source": "https://canmore.org.uk/site/64234/lochinvar-castle"
      },
      "geometry": {
        "type": "Point",
        "coordinates": [
          -4.1065609,
          55.1448878
        ]
      },
      "id": "node/528226187"
    },
    {
      "type": "Feature",
      "properties": {
        "@id": "node/529891293",
        "historic": "castle",
        "name": "Rothiemay Castle",
        "wikidata": "Q9705682"
      },
      "geometry": {
        "type": "Point",
        "coordinates": [
          -2.746884,
          57.5240575
        ]
      },
      "id": "node/529891293"
    },
    {
      "type": "Feature",
      "properties": {
        "@id": "way/531553123",
        "addr:city": "Banwell",
        "addr:postcode": "BS29 6NX",
        "addr:street": "Castle Hill",
        "building": "yes",
        "historic": "castle",
        "name": "Banwell Castle",
        "tourism": "hotel",
        "wikidata": "Q4857340",
        "@geometry": "center"
      },
      "geometry": {
        "type": "Point",
        "coordinates": [
          -2.8602148,
          51.3237629
        ]
      },
      "id": "way/531553123"
    },
    {
      "type": "Feature",
      "properties": {
        "@id": "way/532885161",
        "building": "yes",
        "heritage": "yes",
        "historic": "castle",
        "name": "Freswick Castle",
        "wikidata": "Q1258706",
        "@geometry": "center"
      },
      "geometry": {
        "type": "Point",
        "coordinates": [
          -3.0715288,
          58.5877622
        ]
      },
      "id": "way/532885161"
    },
    {
      "type": "Feature",
      "properties": {
        "@id": "way/532886772",
        "castle_type": "defensive",
        "historic": "castle",
        "historic:civilization": "middle-ages",
        "name": "Bucholly Castle",
        "name:fr": "Château de Bucholly",
        "name:pl": "Zamek Bucholly",
        "wikidata": "Q56661929",
        "wikimedia_commons": "Category:Bucholie Castle",
        "@geometry": "center"
      },
      "geometry": {
        "type": "Point",
        "coordinates": [
          -3.064071,
          58.5759399
        ]
      },
      "id": "way/532886772"
    },
    {
      "type": "Feature",
      "properties": {
        "@id": "way/534824296",
        "building": "yes",
        "castle_type": "manor",
        "historic": "castle",
        "name": "Ardvourlie Castle",
        "wikidata": "Q2968114",
        "wikipedia": "en:Ardvourlie Castle",
        "@geometry": "center"
      },
      "geometry": {
        "type": "Point",
        "coordinates": [
          -6.7582735,
          57.9948234
        ]
      },
      "id": "way/534824296"
    },
    {
      "type": "Feature",
      "properties": {
        "@id": "way/543293268",
        "building": "house",
        "historic": "castle",
        "name": "Bavelaw Castle",
        "wikidata": "Q4873693",
        "@geometry": "center"
      },
      "geometry": {
        "type": "Point",
        "coordinates": [
          -3.3313599,
          55.851056
        ]
      },
      "id": "way/543293268"
    },
    {
      "type": "Feature",
      "properties": {
        "@id": "way/546571167",
        "access": "no",
        "addr:postcode": "KA29 0BE",
        "building": "yes",
        "castle": "yes",
        "castle_type": "stately",
        "historic": "castle",
        "name": "Kelburn Castle",
        "ref:GB:uprn": "126074610",
        "tourism": "attraction",
        "website": "https://www.kelburnestate.com/",
        "wikidata": "Q6385519",
        "wikipedia": "en:Kelburn Castle",
        "@geometry": "center"
      },
      "geometry": {
        "type": "Point",
        "coordinates": [
          -4.8433135,
          55.7708293
        ]
      },
      "id": "way/546571167"
    },
    {
      "type": "Feature",
      "properties": {
        "@id": "way/549937747",
        "access": "private",
        "historic": "castle",
        "name": "Hawthornden Castle",
        "wikidata": "Q5685543",
        "wikipedia": "en:Hawthornden Castle",
        "@geometry": "center"
      },
      "geometry": {
        "type": "Point",
        "coordinates": [
          -3.1419502,
          55.8609186
        ]
      },
      "id": "way/549937747"
    },
    {
      "type": "Feature",
      "properties": {
        "@id": "way/555224084",
        "historic": "castle",
        "name": "Comrie Castle",
        "wikidata": "Q17838231",
        "wikipedia": "en:Comrie Castle",
        "@geometry": "center"
      },
      "geometry": {
        "type": "Point",
        "coordinates": [
          -3.9785012,
          56.6134987
        ]
      },
      "id": "way/555224084"
    },
    {
      "type": "Feature",
      "properties": {
        "@id": "way/556712447",
        "building": "yes",
        "historic": "castle",
        "name": "Sham Castle",
        "related:wikipedia": "en:Castle Hill, Filleigh#Sham castle",
        "wikidata": "Q26401355",
        "@geometry": "center"
      },
      "geometry": {
        "type": "Point",
        "coordinates": [
          -3.8954068,
          51.0425803
        ]
      },
      "id": "way/556712447"
    },
    {
      "type": "Feature",
      "properties": {
        "@id": "way/559399341",
        "building": "yes",
        "historic": "castle",
        "@geometry": "center"
      },
      "geometry": {
        "type": "Point",
        "coordinates": [
          -2.5030937,
          50.9489608
        ]
      },
      "id": "way/559399341"
    },
    {
      "type": "Feature",
      "properties": {
        "@id": "way/560043281",
        "building": "ruins",
        "historic": "castle",
        "name": "Ivy Tower",
        "name:en": "Ivy Tower",
        "source": "OS opendata",
        "tourism": "yes",
        "wikidata": "Q29490147",
        "@geometry": "center"
      },
      "geometry": {
        "type": "Point",
        "coordinates": [
          -3.7707875,
          51.6700599
        ]
      },
      "id": "way/560043281"
    },
    {
      "type": "Feature",
      "properties": {
        "@id": "way/560566503",
        "access": "private",
        "addr:city": "Forfar",
        "addr:place": "Guthrie",
        "addr:postcode": "DD8 2TP",
        "building": "yes",
        "castle_type": "stately",
        "fhrs:id": "74285",
        "historic": "castle",
        "name": "Guthrie Castle",
        "source:addr": "FHRS Open Data",
        "wikidata": "Q5621767",
        "wikipedia": "en:Guthrie Castle",
        "@geometry": "center"
      },
      "geometry": {
        "type": "Point",
        "coordinates": [
          -2.7154855,
          56.643883
        ]
      },
      "id": "way/560566503"
    },
    {
      "type": "Feature",
      "properties": {
        "@id": "way/561085415",
        "building": "yes",
        "historic": "castle",
        "name": "Kames Castle",
        "wikidata": "Q6357025",
        "wikipedia": "en:Kames Castle",
        "@geometry": "center"
      },
      "geometry": {
        "type": "Point",
        "coordinates": [
          -5.0959584,
          55.8622499
        ]
      },
      "id": "way/561085415"
    },
    {
      "type": "Feature",
      "properties": {
        "@id": "way/561085416",
        "castle_type": "towerhouse",
        "historic": "castle",
        "name": "Wester Kames Castle",
        "wikidata": "Q129446",
        "wikipedia": "en:Wester Kames Castle",
        "@geometry": "center"
      },
      "geometry": {
        "type": "Point",
        "coordinates": [
          -5.0992346,
          55.8666661
        ]
      },
      "id": "way/561085416"
    },
    {
      "type": "Feature",
      "properties": {
        "@id": "way/561606708",
        "building": "yes",
        "historic": "castle",
        "name": "Culcreuch Castle",
        "source": "survey",
        "wikidata": "Q1143381",
        "wikipedia": "en:Culcreuch Castle",
        "@geometry": "center"
      },
      "geometry": {
        "type": "Point",
        "coordinates": [
          -4.2175515,
          56.0620469
        ]
      },
      "id": "way/561606708"
    },
    {
      "type": "Feature",
      "properties": {
        "@id": "way/561817797",
        "building": "yes",
        "historic": "castle",
        "name": "Preston Tower",
        "wikidata": "Q1573840",
        "wikipedia": "en:Preston Tower",
        "@geometry": "center"
      },
      "geometry": {
        "type": "Point",
        "coordinates": [
          -2.9781346,
          55.9556803
        ]
      },
      "id": "way/561817797"
    },
    {
      "type": "Feature",
      "properties": {
        "@id": "way/561818296",
        "building": "ruins",
        "castle_type": "towerhouse",
        "designation": "Monument in State Care",
        "historic": "castle",
        "historic:civilization": "medieval",
        "name": "Jordan's Castle",
        "ref:nismr": "DOW 045:020",
        "ruins": "castle",
        "start_date": "1450-01-01",
        "website": "https://www.communities-ni.gov.uk/heritage-sites/jordans-castle",
        "wikidata": "Q1703717",
        "wikipedia": "en:Jordan's Castle",
        "@geometry": "center"
      },
      "geometry": {
        "type": "Point",
        "coordinates": [
          -5.6065534,
          54.2592466
        ]
      },
      "id": "way/561818296"
    },
    {
      "type": "Feature",
      "properties": {
        "@id": "way/561818821",
        "building": "yes",
        "fee": "no",
        "historic": "castle",
        "name": "Orchardton Tower",
        "wikidata": "Q1827633",
        "wikipedia": "en:Orchardton Tower",
        "@geometry": "center"
      },
      "geometry": {
        "type": "Point",
        "coordinates": [
          -3.8453263,
          54.8768365
        ]
      },
      "id": "way/561818821"
    },
    {
      "type": "Feature",
      "properties": {
        "@id": "way/561819132",
        "addr:city": "Kirriemuir",
        "addr:place": "Cortachy",
        "addr:postcode": "DD8 4LX",
        "building": "yes",
        "castle_type": "manor",
        "historic": "castle",
        "name": "Cortachy Castle",
        "wikidata": "Q1844193",
        "wikipedia": "en:Cortachy Castle",
        "@geometry": "center"
      },
      "geometry": {
        "type": "Point",
        "coordinates": [
          -2.9847535,
          56.7236979
        ]
      },
      "id": "way/561819132"
    },
    {
      "type": "Feature",
      "properties": {
        "@id": "way/561828684",
        "building": "yes",
        "historic": "castle",
        "name": "Blairquhan Castle",
        "source": "knowledge",
        "wikidata": "Q4924231",
        "wikipedia": "en:Blairquhan Castle",
        "@geometry": "center"
      },
      "geometry": {
        "type": "Point",
        "coordinates": [
          -4.5773427,
          55.3160965
        ]
      },
      "id": "way/561828684"
    },
    {
      "type": "Feature",
      "properties": {
        "@id": "way/561844298",
        "addr:postcode": "PA14 5NH",
        "building": "yes",
        "historic": "castle",
        "name": "Newark Castle",
        "ref:GB:uprn": "119000055",
        "wikidata": "Q2159678",
        "wikipedia": "en:Newark Castle, Port Glasgow",
        "@geometry": "center"
      },
      "geometry": {
        "type": "Point",
        "coordinates": [
          -4.6779113,
          55.9345109
        ]
      },
      "id": "way/561844298"
    },
    {
      "type": "Feature",
      "properties": {
        "@id": "way/561845252",
        "building": "yes",
        "historic": "castle",
        "name": "Morton Castle",
        "ruins": "yes",
        "wikidata": "Q2155463",
        "wikipedia": "en:Morton Castle",
        "@geometry": "center"
      },
      "geometry": {
        "type": "Point",
        "coordinates": [
          -3.7475422,
          55.2744662
        ]
      },
      "id": "way/561845252"
    },
    {
      "type": "Feature",
      "properties": {
        "@id": "way/561845969",
        "building": "yes",
        "historic": "castle",
        "name": "Burleigh Castle",
        "note": "get the key from 2 burleigh steading (opposite of the castle)",
        "opening_hours": "Apr-Sep: 09:30-18:30",
        "wikidata": "Q2238800",
        "wikipedia": "en:Burleigh Castle",
        "@geometry": "center"
      },
      "geometry": {
        "type": "Point",
        "coordinates": [
          -3.406472,
          56.2258374
        ]
      },
      "id": "way/561845969"
    },
    {
      "type": "Feature",
      "properties": {
        "@id": "way/561846463",
        "building": "yes",
        "castle_type": "stately",
        "historic": "castle",
        "name": "Delgatie Castle",
        "website": "https://delgatiecastle.com",
        "wikidata": "Q2060243",
        "wikipedia": "en:Delgatie Castle",
        "@geometry": "center"
      },
      "geometry": {
        "type": "Point",
        "coordinates": [
          -2.411926,
          57.5442968
        ]
      },
      "id": "way/561846463"
    },
    {
      "type": "Feature",
      "properties": {
        "@id": "way/561847070",
        "building": "yes",
        "historic": "castle",
        "name": "Knockhall Castle",
        "wikidata": "Q1777347",
        "wikipedia": "en:Knockhall Castle",
        "@geometry": "center"
      },
      "geometry": {
        "type": "Point",
        "coordinates": [
          -2.0123046,
          57.328704
        ]
      },
      "id": "way/561847070"
    },
    {
      "type": "Feature",
      "properties": {
        "@id": "way/561848650",
        "building": "yes",
        "historic": "castle",
        "name": "Ballikinrain Castle",
        "wikidata": "Q4851689",
        "@geometry": "center"
      },
      "geometry": {
        "type": "Point",
        "coordinates": [
          -4.3093987,
          56.0563571
        ]
      },
      "id": "way/561848650"
    },
    {
      "type": "Feature",
      "properties": {
        "@id": "way/561850891",
        "building": "yes",
        "historic": "castle",
        "name": "Balfour Castle",
        "wikidata": "Q4850752",
        "wikipedia": "en:Balfour Castle, Angus",
        "@geometry": "center"
      },
      "geometry": {
        "type": "Point",
        "coordinates": [
          -3.0825448,
          56.6784322
        ]
      },
      "id": "way/561850891"
    },
    {
      "type": "Feature",
      "properties": {
        "@id": "way/561857258",
        "historic": "castle",
        "name": "Drumcoltran Tower",
        "wikidata": "Q2302778",
        "wikipedia": "en:Drumcoltran Tower",
        "@geometry": "center"
      },
      "geometry": {
        "type": "Point",
        "coordinates": [
          -3.7685337,
          54.9963969
        ]
      },
      "id": "way/561857258"
    },
    {
      "type": "Feature",
      "properties": {
        "@id": "way/561858534",
        "building": "yes",
        "historic": "castle",
        "name": "Tolquhon Castle",
        "ref:canmore": "19599",
        "start_date": "1584",
        "wikidata": "Q2448015",
        "wikipedia": "en:Tolquhon Castle",
        "@geometry": "center"
      },
      "geometry": {
        "type": "Point",
        "coordinates": [
          -2.2132045,
          57.3480847
        ]
      },
      "id": "way/561858534"
    },
    {
      "type": "Feature",
      "properties": {
        "@id": "way/561859597",
        "description": "Ruin of old tower with remains of mausoleum",
        "heritage": "yes",
        "historic": "ruins",
        "name": "Elphinstone Tower",
        "ruins": "castle",
        "wikidata": "Q2596843",
        "wikipedia": "en:Elphinstone Tower, Falkirk",
        "@geometry": "center"
      },
      "geometry": {
        "type": "Point",
        "coordinates": [
          -3.7848339,
          56.0802001
        ]
      },
      "id": "way/561859597"
    },
    {
      "type": "Feature",
      "properties": {
        "@id": "way/561860454",
        "building": "yes",
        "heritage:operator": "Historic Environment Scotland",
        "heritage:website": "https://portal.historicenvironment.scot/designation/LB9392",
        "historic": "castle",
        "listed_status": "Category A",
        "name": "Craigston Castle",
        "ref:GB:hs": "LB9392",
        "wikidata": "Q2969080",
        "wikipedia": "en:Craigston Castle",
        "@geometry": "center"
      },
      "geometry": {
        "type": "Point",
        "coordinates": [
          -2.3993199,
          57.584569
        ]
      },
      "id": "way/561860454"
    },
    {
      "type": "Feature",
      "properties": {
        "@id": "way/561870652",
        "building": "yes",
        "historic": "castle",
        "name": "Minard Castle",
        "wikipedia": "en:Minard Castle",
        "@geometry": "center"
      },
      "geometry": {
        "type": "Point",
        "coordinates": [
          -5.2609237,
          56.0978508
        ]
      },
      "id": "way/561870652"
    },
    {
      "type": "Feature",
      "properties": {
        "@id": "way/562230828",
        "building": "yes",
        "historic": "castle",
        "name": "Kinlochaline Castle",
        "wikidata": "Q2969485",
        "wikipedia": "en:Kinlochaline Castle",
        "@geometry": "center"
      },
      "geometry": {
        "type": "Point",
        "coordinates": [
          -5.7489351,
          56.5640499
        ]
      },
      "id": "way/562230828"
    },
    {
      "type": "Feature",
      "properties": {
        "@id": "way/563995751",
        "building": "yes",
        "castle_type": "manor",
        "historic": "castle",
        "name": "Pengersick Castle",
        "wikidata": "Q17529529",
        "wikipedia": "en:Pengersick Castle",
        "@geometry": "center"
      },
      "geometry": {
        "type": "Point",
        "coordinates": [
          -5.3833788,
          50.1064228
        ]
      },
      "id": "way/563995751"
    },
    {
      "type": "Feature",
      "properties": {
        "@id": "way/564741752",
        "addr:city": "Lancaster",
        "addr:flats": "1-12",
        "addr:housename": "Brunton House",
        "addr:postcode": "LA1 4TU",
        "addr:street": "Scotforth Road",
        "building": "yes",
        "building:use": "apartments",
        "castle_type": "manor",
        "historic": "castle",
        "name": "Brunton House",
        "@geometry": "center"
      },
      "geometry": {
        "type": "Point",
        "coordinates": [
          -2.7948343,
          54.0360919
        ]
      },
      "id": "way/564741752"
    },
    {
      "type": "Feature",
      "properties": {
        "@id": "way/568794249",
        "castle_type": "fortress",
        "fixme": "North and north-west portions are estimates",
        "heritage": "2",
        "heritage:operator": "cadw",
        "historic": "castle",
        "historic:civilization": "medieval",
        "name": "Cardigan Castle",
        "name:cy": "Castell Aberteifi",
        "ref:cadw": "CD123;10458",
        "website": "https://www.cardigancastle.com/",
        "wikidata": "Q3395294",
        "wikipedia": "en:Cardigan Castle",
        "@geometry": "center"
      },
      "geometry": {
        "type": "Point",
        "coordinates": [
          -4.6606076,
          52.0815784
        ]
      },
      "id": "way/568794249"
    },
    {
      "type": "Feature",
      "properties": {
        "@id": "way/572664147",
        "addr:city": "Larne",
        "addr:housenumber": "357",
        "addr:postcode": "BT40 2LG",
        "addr:street": "Old Glenarm Road",
        "amenity": "events_venue",
        "building": "yes",
        "castle_type": "manor",
        "historic": "castle",
        "name": "Hillmount House",
        "@geometry": "center"
      },
      "geometry": {
        "type": "Point",
        "coordinates": [
          -5.8366339,
          54.8774566
        ]
      },
      "id": "way/572664147"
    },
    {
      "type": "Feature",
      "properties": {
        "@id": "node/577419985",
        "historic": "castle",
        "name": "New Castle",
        "source": "NPE",
        "source:name": "Wikipedia",
        "wikidata": "Q20601891"
      },
      "geometry": {
        "type": "Point",
        "coordinates": [
          -2.8035445,
          51.8514007
        ]
      },
      "id": "node/577419985"
    },
    {
      "type": "Feature",
      "properties": {
        "@id": "way/577787223",
        "building": "yes",
        "castle_type": "defensive",
        "historic": "castle",
        "listed_building": "grade_II*",
        "name": "Netley Castle",
        "name:fi": "Netleyn linna",
        "wikidata": "Q17650211",
        "wikipedia": "en:Netley Castle",
        "@geometry": "center"
      },
      "geometry": {
        "type": "Point",
        "coordinates": [
          -1.360151,
          50.8775363
        ]
      },
      "id": "way/577787223"
    },
    {
      "type": "Feature",
      "properties": {
        "@id": "way/591819918",
        "building": "yes",
        "castle_type": "tower",
        "historic": "castle",
        "historic:civilization": "medieval",
        "name": "Inverquharity Castle",
        "start_date": "1444",
        "wikidata": "Q6060317",
        "wikipedia": "en:Inverquharity Castle",
        "@geometry": "center"
      },
      "geometry": {
        "type": "Point",
        "coordinates": [
          -2.9632472,
          56.7095253
        ]
      },
      "id": "way/591819918"
    },
    {
      "type": "Feature",
      "properties": {
        "@id": "way/604025287",
        "castle_type": "defensive",
        "heritage": "2",
        "heritage:operator": "hs",
        "historic": "castle",
        "historic:civilization": "medieval",
        "name": "Flemington Castle",
        "ref:GB:hs": "LB5119",
        "wikidata": "Q17770492",
        "@geometry": "center"
      },
      "geometry": {
        "type": "Point",
        "coordinates": [
          -2.7749396,
          56.6899417
        ]
      },
      "id": "way/604025287"
    },
    {
      "type": "Feature",
      "properties": {
        "@id": "way/610228443",
        "building": "yes",
        "castle_type": "manor",
        "historic": "castle",
        "name": "Kinnettles Castle",
        "wikidata": "Q17777204",
        "wikipedia": "en:Kinnettles Castle",
        "@geometry": "center"
      },
      "geometry": {
        "type": "Point",
        "coordinates": [
          -2.9342319,
          56.6102002
        ]
      },
      "id": "way/610228443"
    },
    {
      "type": "Feature",
      "properties": {
        "@id": "way/610232407",
        "building": "yes",
        "castle_type": "stately",
        "historic": "castle",
        "name": "Finavon Castle",
        "wikidata": "Q5449775",
        "wikipedia": "en:Finavon Castle",
        "@geometry": "center"
      },
      "geometry": {
        "type": "Point",
        "coordinates": [
          -2.8259389,
          56.6972945
        ]
      },
      "id": "way/610232407"
    },
    {
      "type": "Feature",
      "properties": {
        "@id": "way/610237730",
        "building": "yes",
        "historic": "castle",
        "name": "Farnell Castle",
        "wikidata": "Q15217396",
        "wikipedia": "en:Farnell Castle",
        "@geometry": "center"
      },
      "geometry": {
        "type": "Point",
        "coordinates": [
          -2.6149105,
          56.6896103
        ]
      },
      "id": "way/610237730"
    },
    {
      "type": "Feature",
      "properties": {
        "@id": "way/610240489",
        "building": "yes",
        "castle_type": "tower",
        "heritage": "yes",
        "historic": "castle",
        "name": "Careston Castle",
        "wikidata": "Q15207565",
        "wikipedia": "en:Careston Castle",
        "@geometry": "center"
      },
      "geometry": {
        "type": "Point",
        "coordinates": [
          -2.7687235,
          56.7282694
        ]
      },
      "id": "way/610240489"
    },
    {
      "type": "Feature",
      "properties": {
        "@id": "way/610242463",
        "building": "yes",
        "castle_type": "manor",
        "historic": "castle",
        "name": "Airlie Castle",
        "wikidata": "Q1766007",
        "wikipedia": "en:Airlie Castle",
        "@geometry": "center"
      },
      "geometry": {
        "type": "Point",
        "coordinates": [
          -3.1552507,
          56.656114
        ]
      },
      "id": "way/610242463"
    },
    {
      "type": "Feature",
      "properties": {
        "@id": "way/610242965",
        "alt_name": "Auchenleck Castle",
        "building": "yes",
        "historic": "castle",
        "name": "Affleck Castle",
        "wikidata": "Q9703666",
        "wikipedia": "en:Affleck Castle",
        "@geometry": "center"
      },
      "geometry": {
        "type": "Point",
        "coordinates": [
          -2.8239447,
          56.5383829
        ]
      },
      "id": "way/610242965"
    },
    {
      "type": "Feature",
      "properties": {
        "@id": "way/610614160",
        "building": "yes",
        "historic": "castle",
        "listed_status": "Grade I",
        "name": "Danby Castle",
        "wikidata": "Q17526147",
        "wikipedia": "en:Danby Castle",
        "@geometry": "center"
      },
      "geometry": {
        "type": "Point",
        "coordinates": [
          -0.895314,
          54.4555344
        ]
      },
      "id": "way/610614160"
    },
    {
      "type": "Feature",
      "properties": {
        "@id": "way/611618175",
        "building": "yes",
        "historic": "castle",
        "name": "Gosford Castle",
        "@geometry": "center"
      },
      "geometry": {
        "type": "Point",
        "coordinates": [
          -6.5191923,
          54.3108934
        ]
      },
      "id": "way/611618175"
    },
    {
      "type": "Feature",
      "properties": {
        "@id": "way/614129463",
        "building": "yes",
        "historic": "castle",
        "name": "Glenborrodale Castle",
        "wikidata": "Q17574876",
        "@geometry": "center"
      },
      "geometry": {
        "type": "Point",
        "coordinates": [
          -5.9094985,
          56.6782118
        ]
      },
      "id": "way/614129463"
    },
    {
      "type": "Feature",
      "properties": {
        "@id": "way/619902349",
        "access": "yes",
        "barrier": "wall",
        "castle_type": "motte_and_bailey",
        "historic": "castle",
        "historic:civilization": "norman",
        "name": "Clough Castle",
        "protection_title": "state care monument",
        "start_date": "1177",
        "wikidata": "Q1102669",
        "wikipedia": "en:Clough Castle",
        "@geometry": "center"
      },
      "geometry": {
        "type": "Point",
        "coordinates": [
          -5.8366257,
          54.2921377
        ]
      },
      "id": "way/619902349"
    },
    {
      "type": "Feature",
      "properties": {
        "@id": "way/622327063",
        "building": "yes",
        "historic": "castle",
        "name": "Cliffe Castle",
        "@geometry": "center"
      },
      "geometry": {
        "type": "Point",
        "coordinates": [
          -1.9137045,
          53.8751235
        ]
      },
      "id": "way/622327063"
    },
    {
      "type": "Feature",
      "properties": {
        "@id": "way/628270808",
        "building": "yes",
        "castle_type": "tower",
        "historic": "castle",
        "name": "Fernie Castle",
        "@geometry": "center"
      },
      "geometry": {
        "type": "Point",
        "coordinates": [
          -3.107094,
          56.3204264
        ]
      },
      "id": "way/628270808"
    },
    {
      "type": "Feature",
      "properties": {
        "@id": "way/629249738",
        "building": "yes",
        "castle": "country_house",
        "heritage": "yes",
        "historic": "castle",
        "name": "Aynhoe Park",
        "tourism": "attraction",
        "website": "https://aynhoepark.co.uk/",
        "wikidata": "Q4831524",
        "wikipedia": "en:Aynhoe Park",
        "@geometry": "center"
      },
      "geometry": {
        "type": "Point",
        "coordinates": [
          -1.2531543,
          51.9935367
        ]
      },
      "id": "way/629249738"
    },
    {
      "type": "Feature",
      "properties": {
        "@id": "way/632274684",
        "building": "ruins",
        "castle_type": "tower",
        "historic": "castle",
        "name": "Redhouse Castle",
        "ruins": "yes",
        "wikidata": "Q7305923",
        "wikipedia": "en:Redhouse Castle",
        "@geometry": "center"
      },
      "geometry": {
        "type": "Point",
        "coordinates": [
          -2.8627688,
          55.9836004
        ]
      },
      "id": "way/632274684"
    },
    {
      "type": "Feature",
      "properties": {
        "@id": "way/638213985",
        "building": "yes",
        "heritage": "yes",
        "historic": "castle",
        "name": "Robgill Tower",
        "wikidata": "Q7352173",
        "wikipedia": "en:Robgill Tower",
        "@geometry": "center"
      },
      "geometry": {
        "type": "Point",
        "coordinates": [
          -3.1782125,
          55.0335463
        ]
      },
      "id": "way/638213985"
    },
    {
      "type": "Feature",
      "properties": {
        "@id": "way/638291624",
        "heritage": "yes",
        "historic": "castle",
        "name": "Dunphail Castle",
        "wikidata": "Q18481993",
        "@geometry": "center"
      },
      "geometry": {
        "type": "Point",
        "coordinates": [
          -3.6590239,
          57.5121724
        ]
      },
      "id": "way/638291624"
    },
    {
      "type": "Feature",
      "properties": {
        "@id": "way/638499674",
        "heritage": "yes",
        "historic": "castle",
        "name": "The Bass and Little Bass",
        "wikidata": "Q810456",
        "@geometry": "center"
      },
      "geometry": {
        "type": "Point",
        "coordinates": [
          -2.3645992,
          57.2755195
        ]
      },
      "id": "way/638499674"
    },
    {
      "type": "Feature",
      "properties": {
        "@id": "way/638981699",
        "building": "yes",
        "heritage": "yes",
        "historic": "castle",
        "name": "Southside Castle",
        "wikidata": "Q17828200",
        "@geometry": "center"
      },
      "geometry": {
        "type": "Point",
        "coordinates": [
          -3.0093422,
          55.8636804
        ]
      },
      "id": "way/638981699"
    },
    {
      "type": "Feature",
      "properties": {
        "@id": "way/639080456",
        "building": "yes",
        "castle_type": "stately",
        "heritage": "yes",
        "historic": "castle",
        "name": "Gordon Castle",
        "wikidata": "Q11838964",
        "wikipedia": "en:Gordon Castle",
        "@geometry": "center"
      },
      "geometry": {
        "type": "Point",
        "coordinates": [
          -3.0887541,
          57.621369
        ]
      },
      "id": "way/639080456"
    },
    {
      "type": "Feature",
      "properties": {
        "@id": "way/648448108",
        "building": "yes",
        "historic": "castle",
        "name": "Women's Prison",
        "start_date": "1837",
        "@geometry": "center"
      },
      "geometry": {
        "type": "Point",
        "coordinates": [
          0.7358323,
          50.9499234
        ]
      },
      "id": "way/648448108"
    },
    {
      "type": "Feature",
      "properties": {
        "@id": "way/648448116",
        "access": "yes",
        "alt_name": "Ypres Tower;Baddings Tower",
        "building": "yes",
        "castle_type": "defensive",
        "historic": "castle",
        "historic:civilization": "medieval",
        "name": "Rye Castle",
        "ref:GB:uprn": "100062634448",
        "start_date": "1249",
        "wikidata": "Q7384956",
        "wikipedia": "en:Rye Castle",
        "@geometry": "center"
      },
      "geometry": {
        "type": "Point",
        "coordinates": [
          0.7355969,
          50.9497861
        ]
      },
      "id": "way/648448116"
    },
    {
      "type": "Feature",
      "properties": {
        "@id": "node/648864384",
        "heritage:operator": "Cadw",
        "historic": "castle",
        "name": "Castell y Fflint",
        "name:cy": "Castell y Fflint",
        "name:en": "Flint Castle",
        "wikidata": "Q1428846",
        "wikipedia": "en:Flint Castle"
      },
      "geometry": {
        "type": "Point",
        "coordinates": [
          -3.1299073,
          53.251764
        ]
      },
      "id": "node/648864384"
    },
    {
      "type": "Feature",
      "properties": {
        "@id": "way/653338720",
        "building": "castle",
        "heritage": "2",
        "heritage:operator": "Historic England",
        "historic": "castle",
        "listed_status": "Grade I",
        "name": "Rye House Gatehouse",
        "ref:GB:nhle": "1341877",
        "ref:GB:uprn": "10034620803",
        "wikidata": "Q7384968",
        "@geometry": "center"
      },
      "geometry": {
        "type": "Point",
        "coordinates": [
          0.0069657,
          51.7711228
        ]
      },
      "id": "way/653338720"
    },
    {
      "type": "Feature",
      "properties": {
        "@id": "way/655896100",
        "building": "yes",
        "historic": "castle",
        "name": "Barra Castle",
        "@geometry": "center"
      },
      "geometry": {
        "type": "Point",
        "coordinates": [
          -2.3464796,
          57.3218521
        ]
      },
      "id": "way/655896100"
    },
    {
      "type": "Feature",
      "properties": {
        "@id": "way/663942031",
        "alt_name": "Birkhill House",
        "building": "yes",
        "historic": "castle",
        "name": "Birkhill Castle",
        "website": "https://www.birkhillcastle.com/",
        "wikidata": "Q101424653",
        "wikipedia": "en:Birkhill Castle",
        "@geometry": "center"
      },
      "geometry": {
        "type": "Point",
        "coordinates": [
          -3.0773694,
          56.3978781
        ]
      },
      "id": "way/663942031"
    },
    {
      "type": "Feature",
      "properties": {
        "@id": "way/667029182",
        "building": "yes",
        "castle_type": "manor",
        "construction_year": "1730",
        "historic": "castle",
        "name": "Fox Hall",
        "operator": "Landmark Trust",
        "wikidata": "Q17553668",
        "@geometry": "center"
      },
      "geometry": {
        "type": "Point",
        "coordinates": [
          -0.7373345,
          50.9080686
        ]
      },
      "id": "way/667029182"
    },
    {
      "type": "Feature",
      "properties": {
        "@id": "node/667817380",
        "castle_type": "manor",
        "historic": "castle",
        "name": "Ogle Castle",
        "wikidata": "Q7080090",
        "wikipedia": "en:Ogle Castle"
      },
      "geometry": {
        "type": "Point",
        "coordinates": [
          -1.7812468,
          55.1057586
        ]
      },
      "id": "node/667817380"
    },
    {
      "type": "Feature",
      "properties": {
        "@id": "way/669957323",
        "building": "yes",
        "historic": "castle",
        "name": "Dalmoak Castle",
        "@geometry": "center"
      },
      "geometry": {
        "type": "Point",
        "coordinates": [
          -4.5909038,
          55.9592658
        ]
      },
      "id": "way/669957323"
    },
    {
      "type": "Feature",
      "properties": {
        "@id": "way/670214831",
        "access": "yes",
        "building": "house",
        "castle_type": "manor",
        "historic": "castle",
        "name": "Grey Abbey House",
        "@geometry": "center"
      },
      "geometry": {
        "type": "Point",
        "coordinates": [
          -5.555763,
          54.5343112
        ]
      },
      "id": "way/670214831"
    },
    {
      "type": "Feature",
      "properties": {
        "@id": "way/670214848",
        "building": "ruins",
        "castle_type": "defensive",
        "historic": "castle",
        "name": "Mahee Castle",
        "ruins": "yes",
        "wikidata": "Q15243733",
        "wikimedia_commons": "Category:Mahee Castle",
        "wikipedia": "en:Mahee Castle",
        "@geometry": "center"
      },
      "geometry": {
        "type": "Point",
        "coordinates": [
          -5.6483608,
          54.501081
        ]
      },
      "id": "way/670214848"
    },
    {
      "type": "Feature",
      "properties": {
        "@id": "way/670259791",
        "building": "ruins",
        "castle_type": "defensive",
        "communication:amateur_radio:wca": "GI-00010",
        "historic": "castle",
        "name": "Kilwaughter Castle",
        "wikidata": "Q30970317",
        "@geometry": "center"
      },
      "geometry": {
        "type": "Point",
        "coordinates": [
          -5.8887153,
          54.8424802
        ]
      },
      "id": "way/670259791"
    },
    {
      "type": "Feature",
      "properties": {
        "@id": "way/670553203",
        "building": "yes",
        "castle_type": "manor",
        "historic": "castle",
        "name": "Parkanaur Manor House",
        "wikidata": "Q7138189",
        "wikipedia": "en:Parkanaur House",
        "@geometry": "center"
      },
      "geometry": {
        "type": "Point",
        "coordinates": [
          -6.8588442,
          54.4968061
        ]
      },
      "id": "way/670553203"
    },
    {
      "type": "Feature",
      "properties": {
        "@id": "way/670588128",
        "building": "yes",
        "castle": "ruins",
        "castle_type": "tower",
        "historic": "castle",
        "historic:civilization": "medieval",
        "name": "Sauchie Tower",
        "ruins": "yes",
        "tourism": "attraction",
        "wikidata": "Q7427021",
        "@geometry": "center"
      },
      "geometry": {
        "type": "Point",
        "coordinates": [
          -3.7778786,
          56.1412516
        ]
      },
      "id": "way/670588128"
    },
    {
      "type": "Feature",
      "properties": {
        "@id": "way/672561514",
        "building": "yes",
        "castle_type": "manor",
        "historic": "castle",
        "name": "Drenagh",
        "wikidata": "Q5306910",
        "wikipedia": "en:Drenagh",
        "@geometry": "center"
      },
      "geometry": {
        "type": "Point",
        "coordinates": [
          -6.9232686,
          55.0548261
        ]
      },
      "id": "way/672561514"
    },
    {
      "type": "Feature",
      "properties": {
        "@id": "way/672618017",
        "alt_name": "Bellarena",
        "building": "house",
        "castle_type": "manor",
        "historic": "castle",
        "name": "Bellarena House",
        "@geometry": "center"
      },
      "geometry": {
        "type": "Point",
        "coordinates": [
          -6.9604772,
          55.1117573
        ]
      },
      "id": "way/672618017"
    },
    {
      "type": "Feature",
      "properties": {
        "@id": "way/675520116",
        "building": "ruins",
        "historic": "castle",
        "name": "Altinaghree Castle",
        "ruins": "yes",
        "wikidata": "Q4736708",
        "wikipedia": "en:Altinaghree Castle",
        "@geometry": "center"
      },
      "geometry": {
        "type": "Point",
        "coordinates": [
          -7.2504807,
          54.8780002
        ]
      },
      "id": "way/675520116"
    },
    {
      "type": "Feature",
      "properties": {
        "@id": "way/675643555",
        "access": "yes",
        "building": "ruins",
        "castle_type": "defensive",
        "historic": "castle",
        "historic:civilization": "old_irish",
        "name": "Derg Castle",
        "ruins": "yes",
        "wikidata": "Q116158232",
        "wikipedia": "en:Derg Castle",
        "@geometry": "center"
      },
      "geometry": {
        "type": "Point",
        "coordinates": [
          -7.5966593,
          54.7071476
        ]
      },
      "id": "way/675643555"
    },
    {
      "type": "Feature",
      "properties": {
        "@id": "way/676414581",
        "building": "yes",
        "castle_type": "manor",
        "historic": "castle",
        "@geometry": "center"
      },
      "geometry": {
        "type": "Point",
        "coordinates": [
          -7.8535156,
          54.5340273
        ]
      },
      "id": "way/676414581"
    },
    {
      "type": "Feature",
      "properties": {
        "@id": "way/676617620",
        "access": "yes",
        "building": "yes",
        "building:year_built": "1864",
        "castle_type": "defensive",
        "heritage": "yes",
        "historic": "castle",
        "name": "Watch Tower",
        "website": "https://co-curate.ncl.ac.uk/watch-tower-former-customs-house-roa-island/",
        "wikidata": "Q26513564",
        "@geometry": "center"
      },
      "geometry": {
        "type": "Point",
        "coordinates": [
          -3.1754212,
          54.0739921
        ]
      },
      "id": "way/676617620"
    },
    {
      "type": "Feature",
      "properties": {
        "@id": "way/679528208",
        "building": "castle",
        "building:name": "Crookhey Hall",
        "building:use": "school",
        "castle_type": "manor",
        "historic": "castle",
        "listed_status": "Grade II",
        "wikidata": "Q26327107",
        "@geometry": "center"
      },
      "geometry": {
        "type": "Point",
        "coordinates": [
          -2.8085901,
          53.9541
        ]
      },
      "id": "way/679528208"
    },
    {
      "type": "Feature",
      "properties": {
        "@id": "way/682374579",
        "building": "yes",
        "castle_type": "manor",
        "historic": "castle",
        "name": "Glengaliagh Hall",
        "@geometry": "center"
      },
      "geometry": {
        "type": "Point",
        "coordinates": [
          -7.3473724,
          55.0347725
        ]
      },
      "id": "way/682374579"
    },
    {
      "type": "Feature",
      "properties": {
        "@id": "way/682542307",
        "access": "yes",
        "alt_name": "Mairy Castle",
        "building": "ruins",
        "castle_type": "defensive",
        "communication:amateur_radio:wca": "GI-00002",
        "designation": "Monument in State Care",
        "historic": "castle",
        "historic:civilization": "middle-ages",
        "name": "Moyry Castle",
        "ref:nismr": "ARM 032:005",
        "start_date": "1601",
        "website": "https://www.communities-ni.gov.uk/heritage-sites/moyry-castle",
        "wikidata": "Q6927751",
        "wikimedia_commons": "Category:Moyry Castle",
        "wikipedia": "en:Moyry Castle",
        "@geometry": "center"
      },
      "geometry": {
        "type": "Point",
        "coordinates": [
          -6.3852257,
          54.0702266
        ]
      },
      "id": "way/682542307"
    },
    {
      "type": "Feature",
      "properties": {
        "@id": "way/683230797",
        "building": "yes",
        "castle_type": "manor",
        "historic": "castle",
        "name": "Mount Caulfield",
        "@geometry": "center"
      },
      "geometry": {
        "type": "Point",
        "coordinates": [
          -6.3957883,
          54.1914347
        ]
      },
      "id": "way/683230797"
    },
    {
      "type": "Feature",
      "properties": {
        "@id": "way/683459286",
        "building": "yes",
        "castle_type": "stately",
        "historic": "castle",
        "name": "Killeavy Castle",
        "wikidata": "Q30970426",
        "@geometry": "center"
      },
      "geometry": {
        "type": "Point",
        "coordinates": [
          -6.4107318,
          54.1231809
        ]
      },
      "id": "way/683459286"
    },
    {
      "type": "Feature",
      "properties": {
        "@id": "way/685695852",
        "building": "yes",
        "castle_type": "manor",
        "historic": "castle",
        "name": "Hockley Lodge",
        "@geometry": "center"
      },
      "geometry": {
        "type": "Point",
        "coordinates": [
          -6.5887767,
          54.3771748
        ]
      },
      "id": "way/685695852"
    },
    {
      "type": "Feature",
      "properties": {
        "@id": "way/686456846",
        "building": "house",
        "castle_type": "stately",
        "communication:amateur_radio:wca": "GI-00004",
        "historic": "castle",
        "name": "Gilford Castle",
        "wikidata": "Q126699181",
        "@geometry": "center"
      },
      "geometry": {
        "type": "Point",
        "coordinates": [
          -6.3546476,
          54.3691718
        ]
      },
      "id": "way/686456846"
    },
    {
      "type": "Feature",
      "properties": {
        "@id": "way/686456891",
        "building": "house",
        "castle_type": "manor",
        "historic": "castle",
        "name": "Dunbarton House",
        "@geometry": "center"
      },
      "geometry": {
        "type": "Point",
        "coordinates": [
          -6.3627917,
          54.375891
        ]
      },
      "id": "way/686456891"
    },
    {
      "type": "Feature",
      "properties": {
        "@id": "way/686459983",
        "building": "yes",
        "castle_type": "manor",
        "historic": "castle",
        "name": "Stramore House",
        "@geometry": "center"
      },
      "geometry": {
        "type": "Point",
        "coordinates": [
          -6.3808491,
          54.3772941
        ]
      },
      "id": "way/686459983"
    },
    {
      "type": "Feature",
      "properties": {
        "@id": "way/687378042",
        "building": "yes",
        "castle_type": "manor",
        "historic": "castle",
        "name": "Dunboe House",
        "@geometry": "center"
      },
      "geometry": {
        "type": "Point",
        "coordinates": [
          -6.7555861,
          55.1416229
        ]
      },
      "id": "way/687378042"
    },
    {
      "type": "Feature",
      "properties": {
        "@id": "way/687583120",
        "addr:city": "Coleraine",
        "addr:street": "Ballyhome Road",
        "building": "house",
        "castle_type": "manor",
        "historic": "castle",
        "house": "detached",
        "name": "Beardiville House",
        "@geometry": "center"
      },
      "geometry": {
        "type": "Point",
        "coordinates": [
          -6.5864746,
          55.1740298
        ]
      },
      "id": "way/687583120"
    },
    {
      "type": "Feature",
      "properties": {
        "@id": "way/687816024",
        "building": "ruins",
        "historic": "castle",
        "@geometry": "center"
      },
      "geometry": {
        "type": "Point",
        "coordinates": [
          -6.5129902,
          55.174955
        ]
      },
      "id": "way/687816024"
    },
    {
      "type": "Feature",
      "properties": {
        "@id": "way/689175982",
        "building": "yes",
        "castle_type": "manor",
        "historic": "castle",
        "name": "Old Mountjoy",
        "@geometry": "center"
      },
      "geometry": {
        "type": "Point",
        "coordinates": [
          -7.2916581,
          54.6378248
        ]
      },
      "id": "way/689175982"
    },
    {
      "type": "Feature",
      "properties": {
        "@id": "way/689374018",
        "building": "house",
        "castle_type": "manor",
        "historic": "castle",
        "name": "Seaforde House",
        "wikidata": "Q17861511",
        "wikipedia": "en:Seaforde",
        "@geometry": "center"
      },
      "geometry": {
        "type": "Point",
        "coordinates": [
          -5.8468375,
          54.3194512
        ]
      },
      "id": "way/689374018"
    },
    {
      "type": "Feature",
      "properties": {
        "@id": "way/689377842",
        "building": "yes",
        "castle_type": "manor",
        "historic": "castle",
        "name": "Nut Grove House",
        "@geometry": "center"
      },
      "geometry": {
        "type": "Point",
        "coordinates": [
          -5.8062294,
          54.3244792
        ]
      },
      "id": "way/689377842"
    },
    {
      "type": "Feature",
      "properties": {
        "@id": "way/690208609",
        "HE_ref": "1071863",
        "building": "yes",
        "castle_type": "manor",
        "historic": "castle",
        "listed_status": "Grade II",
        "name": "Beaumont Cote Manor",
        "wikidata": "Q26327204",
        "@geometry": "center"
      },
      "geometry": {
        "type": "Point",
        "coordinates": [
          -2.7691028,
          54.0876907
        ]
      },
      "id": "way/690208609"
    },
    {
      "type": "Feature",
      "properties": {
        "@id": "way/690434640",
        "building": "ruins",
        "castle_type": "defensive",
        "historic": "castle",
        "ruins": "yes",
        "@geometry": "center"
      },
      "geometry": {
        "type": "Point",
        "coordinates": [
          -7.4791125,
          54.1280337
        ]
      },
      "id": "way/690434640"
    },
    {
      "type": "Feature",
      "properties": {
        "@id": "way/690916751",
        "building": "yes",
        "castle_type": "manor",
        "historic": "castle",
        "name": "Learmount Castle",
        "@geometry": "center"
      },
      "geometry": {
        "type": "Point",
        "coordinates": [
          -7.0997956,
          54.8655158
        ]
      },
      "id": "way/690916751"
    },
    {
      "type": "Feature",
      "properties": {
        "@id": "way/691069710",
        "building": "yes",
        "castle_type": "manor",
        "historic": "castle",
        "name": "Drumcovitt House",
        "@geometry": "center"
      },
      "geometry": {
        "type": "Point",
        "coordinates": [
          -7.0033616,
          54.8957963
        ]
      },
      "id": "way/691069710"
    },
    {
      "type": "Feature",
      "properties": {
        "@id": "way/692626084",
        "castle_type": "defensive",
        "fee": "no",
        "heritage": "2",
        "heritage:operator": "he",
        "historic": "castle",
        "historic:civilization": "medieval",
        "name": "Clun Castle",
        "operator": "English Heritage",
        "ruins": "yes",
        "tourism": "attraction",
        "website": "https://www.english-heritage.org.uk/visit/places/clun-castle/",
        "wikidata": "Q5136615",
        "wikipedia": "en:Clun Castle",
        "@geometry": "center"
      },
      "geometry": {
        "type": "Point",
        "coordinates": [
          -3.032872,
          52.4215519
        ]
      },
      "id": "way/692626084"
    },
    {
      "type": "Feature",
      "properties": {
        "@id": "way/693914406",
        "addr:city": "Newport",
        "building": "house",
        "building:levels": "3",
        "castle_type": "stately",
        "historic": "castle",
        "name": "Whitson Court",
        "wikidata": "Q17741111",
        "@geometry": "center"
      },
      "geometry": {
        "type": "Point",
        "coordinates": [
          -2.9084514,
          51.5577298
        ]
      },
      "id": "way/693914406"
    },
    {
      "type": "Feature",
      "properties": {
        "@id": "way/696401441",
        "building": "yes",
        "historic": "castle",
        "historic:civilization": "modern",
        "name": "Craigneith Castle",
        "wikidata": "Q16890703",
        "@geometry": "center"
      },
      "geometry": {
        "type": "Point",
        "coordinates": [
          -4.1328402,
          55.7725403
        ]
      },
      "id": "way/696401441"
    },
    {
      "type": "Feature",
      "properties": {
        "@id": "way/699938585",
        "addr:city": "Morpeth",
        "addr:country": "GB",
        "addr:postcode": "NE65 0UJ",
        "addr:suburb": "Warkworth",
        "castle_type": "fortress",
        "historic": "castle",
        "name": "Warkworth Castle",
        "operator": "English Heritage",
        "reservation": "no",
        "ruins": "yes",
        "source": "Bing;survey",
        "tourism": "attraction",
        "website": "https://www.english-heritage.org.uk/visit/places/warkworth-castle-and-hermitage/",
        "wheelchair": "limited",
        "wikidata": "Q922422",
        "wikipedia": "en:Warkworth Castle",
        "@geometry": "center"
      },
      "geometry": {
        "type": "Point",
        "coordinates": [
          -1.6118136,
          55.3452545
        ]
      },
      "id": "way/699938585"
    },
    {
      "type": "Feature",
      "properties": {
        "@id": "way/705638825",
        "building": "yes",
        "castle_type": "manor",
        "historic": "castle",
        "name": "Dunninald Castle",
        "@geometry": "center"
      },
      "geometry": {
        "type": "Point",
        "coordinates": [
          -2.485396,
          56.6793273
        ]
      },
      "id": "way/705638825"
    },
    {
      "type": "Feature",
      "properties": {
        "@id": "way/706127054",
        "addr:postcode": "PH11 8QW",
        "addr:street": "Kirkton Of Glanisla",
        "building": "yes",
        "historic": "castle",
        "name": "Forter Castle",
        "name:nl": "Perthshire",
        "source": "bing",
        "website": "http://fortcastle.com",
        "wikidata": "Q17776653",
        "@geometry": "center"
      },
      "geometry": {
        "type": "Point",
        "coordinates": [
          -3.3391095,
          56.7661549
        ]
      },
      "id": "way/706127054"
    },
    {
      "type": "Feature",
      "properties": {
        "@id": "way/707981667",
        "building": "yes",
        "building:material": "stone",
        "height": "27",
        "historic": "castle",
        "museum": "history",
        "name": "Norwich Castle",
        "@geometry": "center"
      },
      "geometry": {
        "type": "Point",
        "coordinates": [
          1.2960646,
          52.6284184
        ]
      },
      "id": "way/707981667"
    },
    {
      "type": "Feature",
      "properties": {
        "@id": "way/713913453",
        "building": "yes",
        "historic": "castle",
        "name": "Brecon Castle",
        "ruins": "yes",
        "@geometry": "center"
      },
      "geometry": {
        "type": "Point",
        "coordinates": [
          -3.3937964,
          51.9487433
        ]
      },
      "id": "way/713913453"
    },
    {
      "type": "Feature",
      "properties": {
        "@id": "way/725280485",
        "building": "yes",
        "historic": "castle",
        "name": "Cleish Castle",
        "@geometry": "center"
      },
      "geometry": {
        "type": "Point",
        "coordinates": [
          -3.4792415,
          56.1654827
        ]
      },
      "id": "way/725280485"
    },
    {
      "type": "Feature",
      "properties": {
        "@id": "way/726983094",
        "access": "private",
        "alt_name": "William Kent House",
        "building": "yes",
        "castle_type": "stately",
        "heritage": "2",
        "heritage:operator": "he",
        "heritage:website": "https://historicengland.org.uk/listing/the-list/list-entry/1066498",
        "historic": "castle",
        "listed_status": "Grade II*",
        "name": "Wimbourne House",
        "ref:GB:nhle": "1066498",
        "wikidata": "Q17549391",
        "wikipedia": "en:Wimbourne House",
        "@geometry": "center"
      },
      "geometry": {
        "type": "Point",
        "coordinates": [
          -0.1417269,
          51.5067406
        ]
      },
      "id": "way/726983094"
    },
    {
      "type": "Feature",
      "properties": {
        "@id": "way/728024978",
        "castle_type": "manor",
        "historic": "castle",
        "name": "Dornoch Castle",
        "wikidata": "Q5298134",
        "wikipedia": "en:Dornoch Castle",
        "@geometry": "center"
      },
      "geometry": {
        "type": "Point",
        "coordinates": [
          -4.0293892,
          57.8796632
        ]
      },
      "id": "way/728024978"
    },
    {
      "type": "Feature",
      "properties": {
        "@id": "way/728118762",
        "alt_name": "Abbot Hunter's Tower",
        "building": "yes",
        "historic": "castle",
        "name": "Mauchline Castle",
        "wikidata": "Q15251968",
        "wikipedia": "en:Mauchline Castle",
        "@geometry": "center"
      },
      "geometry": {
        "type": "Point",
        "coordinates": [
          -4.3808358,
          55.5159637
        ]
      },
      "id": "way/728118762"
    },
    {
      "type": "Feature",
      "properties": {
        "@id": "way/729731184",
        "building": "yes",
        "castle_type": "stately",
        "historic": "castle",
        "name": "Dargavel House",
        "@geometry": "center"
      },
      "geometry": {
        "type": "Point",
        "coordinates": [
          -4.5071119,
          55.8908166
        ]
      },
      "id": "way/729731184"
    },
    {
      "type": "Feature",
      "properties": {
        "@id": "way/734150726",
        "alt_name": "Luffness Castle",
        "building": "yes",
        "castle_type": "stately",
        "historic": "castle",
        "name": "Luffness House",
        "@geometry": "center"
      },
      "geometry": {
        "type": "Point",
        "coordinates": [
          -2.8438279,
          56.0140349
        ]
      },
      "id": "way/734150726"
    },
    {
      "type": "Feature",
      "properties": {
        "@id": "way/738353617",
        "barrier": "wall",
        "historic": "castle",
        "ruins": "yes",
        "@geometry": "center"
      },
      "geometry": {
        "type": "Point",
        "coordinates": [
          -1.9255495,
          54.5441372
        ]
      },
      "id": "way/738353617"
    },
    {
      "type": "Feature",
      "properties": {
        "@id": "way/738353619",
        "barrier": "wall",
        "historic": "castle",
        "ruins": "yes",
        "@geometry": "center"
      },
      "geometry": {
        "type": "Point",
        "coordinates": [
          -1.9252394,
          54.5441189
        ]
      },
      "id": "way/738353619"
    },
    {
      "type": "Feature",
      "properties": {
        "@id": "way/738353620",
        "barrier": "wall",
        "historic": "castle",
        "ruins": "yes",
        "@geometry": "center"
      },
      "geometry": {
        "type": "Point",
        "coordinates": [
          -1.925749,
          54.5440442
        ]
      },
      "id": "way/738353620"
    },
    {
      "type": "Feature",
      "properties": {
        "@id": "way/739909465",
        "building": "ruins",
        "historic": "castle",
        "name": "Gilbertfield Castle",
        "source": "OS OpenData StreetView",
        "wikidata": "Q5561343",
        "@geometry": "center"
      },
      "geometry": {
        "type": "Point",
        "coordinates": [
          -4.1506145,
          55.8029607
        ]
      },
      "id": "way/739909465"
    },
    {
      "type": "Feature",
      "properties": {
        "@id": "way/742041659",
        "building": "yes",
        "historic": "castle",
        "name": "Lomond Castle",
        "@geometry": "center"
      },
      "geometry": {
        "type": "Point",
        "coordinates": [
          -4.6238293,
          56.0226213
        ]
      },
      "id": "way/742041659"
    },
    {
      "type": "Feature",
      "properties": {
        "@id": "node/745951311",
        "historic": "castle",
        "name": "Borve Castle",
        "ruined": "yes",
        "wikidata": "Q2247093",
        "wikipedia": "en:Borve Castle, Benbecula"
      },
      "geometry": {
        "type": "Point",
        "coordinates": [
          -7.3784813,
          57.4299409
        ]
      },
      "id": "node/745951311"
    },
    {
      "type": "Feature",
      "properties": {
        "@id": "way/749036300",
        "building": "yes",
        "heritage": "yes",
        "historic": "castle",
        "name": "Dunans Castle",
        "wikidata": "Q5314090",
        "@geometry": "center"
      },
      "geometry": {
        "type": "Point",
        "coordinates": [
          -5.1494639,
          56.0725154
        ]
      },
      "id": "way/749036300"
    },
    {
      "type": "Feature",
      "properties": {
        "@id": "way/749706118",
        "building": "residential",
        "castle_type": "stately",
        "historic": "castle",
        "is_in:country_code": "GB",
        "is_in:county": "Northumberland",
        "name": "Halton Castle",
        "source": "NPE",
        "wikidata": "Q5643626",
        "wikipedia": "en:Halton Castle, Northumberland",
        "@geometry": "center"
      },
      "geometry": {
        "type": "Point",
        "coordinates": [
          -2.0059932,
          55.0051333
        ]
      },
      "id": "way/749706118"
    },
    {
      "type": "Feature",
      "properties": {
        "@id": "way/751945193",
        "building": "yes",
        "historic": "castle",
        "name": "Kilconqhar Castle",
        "@geometry": "center"
      },
      "geometry": {
        "type": "Point",
        "coordinates": [
          -2.8187852,
          56.2141612
        ]
      },
      "id": "way/751945193"
    },
    {
      "type": "Feature",
      "properties": {
        "@id": "way/752160060",
        "heritage": "yes",
        "historic": "castle",
        "name": "Auchans",
        "ruins": "yes",
        "wikidata": "Q4819378",
        "@geometry": "center"
      },
      "geometry": {
        "type": "Point",
        "coordinates": [
          -4.6112309,
          55.5772705
        ]
      },
      "id": "way/752160060"
    },
    {
      "type": "Feature",
      "properties": {
        "@id": "way/754548223",
        "addr:housename": "Kilberry Castle",
        "building": "yes",
        "heritage": "yes",
        "historic": "castle",
        "wikidata": "Q6406547",
        "@geometry": "center"
      },
      "geometry": {
        "type": "Point",
        "coordinates": [
          -5.6599391,
          55.8159108
        ]
      },
      "id": "way/754548223"
    },
    {
      "type": "Feature",
      "properties": {
        "@id": "way/758547778",
        "historic": "castle",
        "name": "Knock Castle",
        "wikidata": "Q17771289",
        "wikipedia": "en:Knock Castle, Aberdeenshire",
        "@geometry": "center"
      },
      "geometry": {
        "type": "Point",
        "coordinates": [
          -3.0691733,
          57.0429102
        ]
      },
      "id": "way/758547778"
    },
    {
      "type": "Feature",
      "properties": {
        "@id": "way/759807995",
        "building": "yes",
        "historic": "castle",
        "name": "Barr Castle",
        "wikidata": "Q17791341",
        "@geometry": "center"
      },
      "geometry": {
        "type": "Point",
        "coordinates": [
          -4.3797314,
          55.5984615
        ]
      },
      "id": "way/759807995"
    },
    {
      "type": "Feature",
      "properties": {
        "@id": "way/760743334",
        "barrier": "wall",
        "castle_type": "defensive",
        "historic": "castle",
        "name": "Brackfield Bawn",
        "ruins": "yes",
        "@geometry": "center"
      },
      "geometry": {
        "type": "Point",
        "coordinates": [
          -7.2037378,
          54.9321427
        ]
      },
      "id": "way/760743334"
    },
    {
      "type": "Feature",
      "properties": {
        "@id": "way/760994460",
        "building": "yes",
        "building:condition": "ruinous",
        "castle_type": "defensive",
        "historic": "castle",
        "layer": "1",
        "name": "The Great Hall",
        "ruins": "yes",
        "@geometry": "center"
      },
      "geometry": {
        "type": "Point",
        "coordinates": [
          -1.59332,
          52.3477683
        ]
      },
      "id": "way/760994460"
    },
    {
      "type": "Feature",
      "properties": {
        "@id": "way/761046258",
        "description": "This is the site of Polmaise Castle. The home to the Murray family was completed around 1865 and blown up by the army in 1966. The building had become dangerous and was so destroyed. What remains is just stones and rubble.",
        "height": "3",
        "historic": "castle",
        "name": "Polmaise Castle",
        "ruins": "yes",
        "@geometry": "center"
      },
      "geometry": {
        "type": "Point",
        "coordinates": [
          -3.9667527,
          56.1022537
        ]
      },
      "id": "way/761046258"
    },
    {
      "type": "Feature",
      "properties": {
        "@id": "way/764101325",
        "alt_name": "Dunalastair House",
        "building": "yes",
        "castle_type": "stately",
        "historic": "castle",
        "name": "Dunalastair House",
        "ruins": "yes",
        "tourism": "attraction",
        "wikidata": "Q5314055",
        "wikipedia": "en:Dunalastair",
        "@geometry": "center"
      },
      "geometry": {
        "type": "Point",
        "coordinates": [
          -4.1078216,
          56.703577
        ]
      },
      "id": "way/764101325"
    },
    {
      "type": "Feature",
      "properties": {
        "@id": "way/772213810",
        "building": "yes",
        "historic": "castle",
        "name": "Old Castle Archdale",
        "wikidata": "Q5049985",
        "@geometry": "center"
      },
      "geometry": {
        "type": "Point",
        "coordinates": [
          -7.7129131,
          54.4870602
        ]
      },
      "id": "way/772213810"
    },
    {
      "type": "Feature",
      "properties": {
        "@id": "way/774711944",
        "addr:city": "Peebles",
        "addr:housenumber": "1-11 Venlaw Castle",
        "addr:street": "Edinburgh Road",
        "alt_name": "Smithfield Castle",
        "building": "residential",
        "historic": "castle",
        "listed_status": "Category B",
        "name": "Venlaw Castle",
        "wikidata": "Q11039824",
        "@geometry": "center"
      },
      "geometry": {
        "type": "Point",
        "coordinates": [
          -3.189064,
          55.6589184
        ]
      },
      "id": "way/774711944"
    },
    {
      "type": "Feature",
      "properties": {
        "@id": "way/775415199",
        "alt_name": "Palace of Monimail",
        "building": "yes",
        "castle_type": "palace",
        "historic": "castle",
        "name": "Monimail Tower",
        "wikidata": "Q7126246",
        "wikipedia": "en:Palace of Monimail",
        "@geometry": "center"
      },
      "geometry": {
        "type": "Point",
        "coordinates": [
          -3.1357994,
          56.3140178
        ]
      },
      "id": "way/775415199"
    },
    {
      "type": "Feature",
      "properties": {
        "@id": "way/781764730",
        "alt_name": "Ashby Castle",
        "castle_type": "defensive",
        "historic": "castle",
        "name": "Ashby de la Zouch Castle",
        "ruined:building": "castle",
        "ruins": "yes",
        "@geometry": "center"
      },
      "geometry": {
        "type": "Point",
        "coordinates": [
          -1.4664295,
          52.7464832
        ]
      },
      "id": "way/781764730"
    },
    {
      "type": "Feature",
      "properties": {
        "@id": "way/781832502",
        "addr:city": "Glasgow",
        "addr:postcode": "G76 9HN",
        "building": "yes",
        "historic": "castle",
        "name": "Peel Castle",
        "ref:GB:uprn": "484002068;10091793854",
        "@geometry": "center"
      },
      "geometry": {
        "type": "Point",
        "coordinates": [
          -4.2446928,
          55.7778136
        ]
      },
      "id": "way/781832502"
    },
    {
      "type": "Feature",
      "properties": {
        "@id": "way/789048068",
        "addr:city": "Kilmarnock",
        "addr:postcode": "KA3 2LJ",
        "building": "yes",
        "historic": "castle",
        "name": "Rowallan Castle",
        "ref:GB:uprn": "127053390",
        "@geometry": "center"
      },
      "geometry": {
        "type": "Point",
        "coordinates": [
          -4.4889359,
          55.6500323
        ]
      },
      "id": "way/789048068"
    },
    {
      "type": "Feature",
      "properties": {
        "@id": "way/789972753",
        "addr:city": "Dunoon",
        "addr:housename": "Hafton Castle",
        "addr:postcode": "PA23 8HP",
        "addr:street": "Hunters Quay, Kirn,",
        "building": "yes",
        "historic": "castle",
        "name": "Hafton Castle",
        "@geometry": "center"
      },
      "geometry": {
        "type": "Point",
        "coordinates": [
          -4.9248637,
          55.9772215
        ]
      },
      "id": "way/789972753"
    },
    {
      "type": "Feature",
      "properties": {
        "@id": "way/791918488",
        "building": "yes",
        "historic": "castle",
        "name": "Craufurdland Castle",
        "@geometry": "center"
      },
      "geometry": {
        "type": "Point",
        "coordinates": [
          -4.4545164,
          55.6361225
        ]
      },
      "id": "way/791918488"
    },
    {
      "type": "Feature",
      "properties": {
        "@id": "way/793012662",
        "building": "ruins",
        "historic": "castle",
        "layer": "1",
        "name": "Bungay Castle",
        "ruins": "castle",
        "@geometry": "center"
      },
      "geometry": {
        "type": "Point",
        "coordinates": [
          1.436107,
          52.4560012
        ]
      },
      "id": "way/793012662"
    },
    {
      "type": "Feature",
      "properties": {
        "@id": "way/797039269",
        "access": "permissive",
        "building": "yes",
        "historic": "castle",
        "historic:civilization": "medieval",
        "name": "Cawood Castle",
        "@geometry": "center"
      },
      "geometry": {
        "type": "Point",
        "coordinates": [
          -1.1292728,
          53.8322905
        ]
      },
      "id": "way/797039269"
    },
    {
      "type": "Feature",
      "properties": {
        "@id": "way/799230379",
        "building": "yes",
        "castle_type": "manor",
        "historic": "castle",
        "name": "Bellevue",
        "@geometry": "center"
      },
      "geometry": {
        "type": "Point",
        "coordinates": [
          -7.611728,
          54.3179995
        ]
      },
      "id": "way/799230379"
    },
    {
      "type": "Feature",
      "properties": {
        "@id": "way/801291810",
        "building": "yes",
        "castle_type": "defensive",
        "heritage": "2",
        "heritage:operator": "cadw",
        "heritage:since": "1954-08-18",
        "historic": "castle",
        "name": "Carmarthen Castle",
        "name:cy": "Castell Caerfyrddin",
        "ref:cadw": "9507",
        "source": "https://cadwpublic-ui.azurewebsites.net/#;https://cadwpublic-api.azurewebsites.net/reports/listedbuilding/FullReport?lang=&id=9507",
        "start_date": "1100",
        "wikidata": "Q14906524",
        "wikipedia": "en:Carmarthen Castle",
        "@geometry": "center"
      },
      "geometry": {
        "type": "Point",
        "coordinates": [
          -4.3057583,
          51.855674
        ]
      },
      "id": "way/801291810"
    },
    {
      "type": "Feature",
      "properties": {
        "@id": "way/804169843",
        "access": "yes",
        "area": "yes",
        "castle_type": "fortress",
        "historic": "castle",
        "name": "Site of Kilbride Castle (Laigh Mains Motte)",
        "wikidata": "Q42376614",
        "wikipedia": "en:Kilbride Castle",
        "@geometry": "center"
      },
      "geometry": {
        "type": "Point",
        "coordinates": [
          -4.1893647,
          55.7791825
        ]
      },
      "id": "way/804169843"
    },
    {
      "type": "Feature",
      "properties": {
        "@id": "way/804169844",
        "area": "yes",
        "castle_type": "defensive",
        "historic": "castle",
        "historic:civilization": "medieval",
        "name": "Castlehill (Motte & ditches)",
        "@geometry": "center"
      },
      "geometry": {
        "type": "Point",
        "coordinates": [
          -4.2212187,
          55.7731167
        ]
      },
      "id": "way/804169844"
    },
    {
      "type": "Feature",
      "properties": {
        "@id": "way/808395153",
        "building": "tower",
        "historic": "castle",
        "man_made": "tower",
        "name": "Kirkistown Castle",
        "tower:construction": "freestanding",
        "tower:material": "stone",
        "tower:type": "defensive",
        "wikidata": "Q6415706",
        "wikipedia": "en:Kirkistown Castle",
        "@geometry": "center"
      },
      "geometry": {
        "type": "Point",
        "coordinates": [
          -5.4656399,
          54.4439818
        ]
      },
      "id": "way/808395153"
    },
    {
      "type": "Feature",
      "properties": {
        "@id": "way/808590655",
        "building": "ruins",
        "castle_type": "tower",
        "historic": "castle",
        "name": "Moorish Tower",
        "name:ga": "Túr na Múrach",
        "@geometry": "center"
      },
      "geometry": {
        "type": "Point",
        "coordinates": [
          -5.9795771,
          54.2646729
        ]
      },
      "id": "way/808590655"
    },
    {
      "type": "Feature",
      "properties": {
        "@id": "way/810830187",
        "building": "ruins",
        "historic": "castle",
        "name": "Baltersan Castle",
        "start_date": "~C16",
        "wikidata": "Q2693578",
        "wikipedia": "en:Baltersan Castle",
        "@geometry": "center"
      },
      "geometry": {
        "type": "Point",
        "coordinates": [
          -4.7098166,
          55.3427695
        ]
      },
      "id": "way/810830187"
    },
    {
      "type": "Feature",
      "properties": {
        "@id": "way/810853825",
        "building": "yes",
        "historic": "castle",
        "name": "Tea House",
        "name:ga": "Teach Tae",
        "@geometry": "center"
      },
      "geometry": {
        "type": "Point",
        "coordinates": [
          -5.9513627,
          54.2700349
        ]
      },
      "id": "way/810853825"
    },
    {
      "type": "Feature",
      "properties": {
        "@id": "way/813429129",
        "addr:housename": "Brympton House",
        "alt_name": "Brympton d'Evercy House",
        "building": "yes",
        "castle_type": "manor",
        "historic": "castle",
        "name": "Brympton House",
        "wikidata": "Q17530070",
        "wikipedia": "en:Brympton d'Evercy",
        "@geometry": "center"
      },
      "geometry": {
        "type": "Point",
        "coordinates": [
          -2.6847699,
          50.9363953
        ]
      },
      "id": "way/813429129"
    },
    {
      "type": "Feature",
      "properties": {
        "@id": "way/815932119",
        "building": "yes",
        "historic": "castle",
        "name": "Ince Castle",
        "ref:GB:nhle": "1329260",
        "ref:GB:uprn": "10023429589",
        "@geometry": "center"
      },
      "geometry": {
        "type": "Point",
        "coordinates": [
          -4.250126,
          50.3868045
        ]
      },
      "id": "way/815932119"
    },
    {
      "type": "Feature",
      "properties": {
        "@id": "way/817469569",
        "building": "historic",
        "castle_type": "defensive",
        "historic": "castle",
        "name": "Castlecaufield",
        "ruins": "yes",
        "wikidata": "Q5050022",
        "wikipedia": "en:Castle Caulfield",
        "@geometry": "center"
      },
      "geometry": {
        "type": "Point",
        "coordinates": [
          -6.8350678,
          54.5060501
        ]
      },
      "id": "way/817469569"
    },
    {
      "type": "Feature",
      "properties": {
        "@id": "way/823243160",
        "addr:city": "Bishop Auckland",
        "addr:postcode": "DL14 0DE",
        "building": "yes",
        "castle_type": "stately",
        "historic": "castle",
        "name": "Witton Castle",
        "source:postcode": "CodePoint Open",
        "wikidata": "Q8028618",
        "wikipedia": "en:Witton Castle",
        "@geometry": "center"
      },
      "geometry": {
        "type": "Point",
        "coordinates": [
          -1.7633653,
          54.6686361
        ]
      },
      "id": "way/823243160"
    },
    {
      "type": "Feature",
      "properties": {
        "@id": "way/823838081",
        "building": "ruins",
        "historic": "castle",
        "@geometry": "center"
      },
      "geometry": {
        "type": "Point",
        "coordinates": [
          -2.194188,
          55.0931753
        ]
      },
      "id": "way/823838081"
    },
    {
      "type": "Feature",
      "properties": {
        "@id": "way/824647137",
        "building": "yes",
        "castle_type": "chateau",
        "historic": "castle",
        "historic:civilization": "medieval",
        "name": "Blairfindy Castle",
        "@geometry": "center"
      },
      "geometry": {
        "type": "Point",
        "coordinates": [
          -3.3335364,
          57.3411919
        ]
      },
      "id": "way/824647137"
    },
    {
      "type": "Feature",
      "properties": {
        "@id": "way/824785622",
        "access": "permissive",
        "building": "ruins",
        "historic": "castle",
        "historic:civilization": "medieval",
        "name": "Elgin Castle",
        "ruins": "yes",
        "start_date": "1296",
        "@geometry": "center"
      },
      "geometry": {
        "type": "Point",
        "coordinates": [
          -3.3221109,
          57.6484324
        ]
      },
      "id": "way/824785622"
    },
    {
      "type": "Feature",
      "properties": {
        "@id": "node/830606926",
        "communication:amateur_radio:wca": "GI-00007",
        "historic": "castle",
        "name": "Dunseverick Castle",
        "operator": "National Trust",
        "ruins": "yes",
        "wikidata": "Q5315677",
        "wikimedia_commons": "Category:Dunseverick Castle",
        "wikipedia": "en:Dunseverick Castle"
      },
      "geometry": {
        "type": "Point",
        "coordinates": [
          -6.4481602,
          55.2383785
        ]
      },
      "id": "node/830606926"
    },
    {
      "type": "Feature",
      "properties": {
        "@id": "way/832202733",
        "building": "yes",
        "castle_type": "castle",
        "historic": "castle",
        "name": "Ochiltree Castle",
        "wikidata": "Q7076327",
        "@geometry": "center"
      },
      "geometry": {
        "type": "Point",
        "coordinates": [
          -3.551095,
          55.9560807
        ]
      },
      "id": "way/832202733"
    },
    {
      "type": "Feature",
      "properties": {
        "@id": "way/835591912",
        "building": "yes",
        "historic": "castle",
        "name": "Aldourie Castle",
        "wikidata": "Q17571082",
        "@geometry": "center"
      },
      "geometry": {
        "type": "Point",
        "coordinates": [
          -4.3296762,
          57.4037487
        ]
      },
      "id": "way/835591912"
    },
    {
      "type": "Feature",
      "properties": {
        "@id": "way/842153473",
        "building": "yes",
        "castle_type": "stately",
        "historic": "castle",
        "name": "Kilmory Castle",
        "wikidata": "Q17770777",
        "wikipedia": "en:Kilmory Castle",
        "@geometry": "center"
      },
      "geometry": {
        "type": "Point",
        "coordinates": [
          -5.4214557,
          56.0259198
        ]
      },
      "id": "way/842153473"
    },
    {
      "type": "Feature",
      "properties": {
        "@id": "way/842463335",
        "building": "yes",
        "historic": "castle",
        "@geometry": "center"
      },
      "geometry": {
        "type": "Point",
        "coordinates": [
          -4.9428636,
          55.7201519
        ]
      },
      "id": "way/842463335"
    },
    {
      "type": "Feature",
      "properties": {
        "@id": "way/842829361",
        "building": "yes",
        "building:levels": "3",
        "historic": "castle",
        "@geometry": "center"
      },
      "geometry": {
        "type": "Point",
        "coordinates": [
          -6.3742108,
          54.910196
        ]
      },
      "id": "way/842829361"
    },
    {
      "type": "Feature",
      "properties": {
        "@id": "way/843492744",
        "building": "yes",
        "heritage:operator": "Historic Environment Scotland",
        "heritage:website": "https://portal.historicenvironment.scot/designation/LB597",
        "historic": "castle",
        "listed_status": "Category A",
        "name": "Skibo Castle",
        "name:gd": "Caisteal Sgiobaill",
        "ref:GB:hs": "LB597",
        "wikidata": "Q2252914",
        "wikipedia": "en:Skibo Castle",
        "@geometry": "center"
      },
      "geometry": {
        "type": "Point",
        "coordinates": [
          -4.1323337,
          57.8730257
        ]
      },
      "id": "way/843492744"
    },
    {
      "type": "Feature",
      "properties": {
        "@id": "way/851793596",
        "building": "yes",
        "historic": "castle",
        "name": "Ice House",
        "name:ga": "Teach an Oighir",
        "@geometry": "center"
      },
      "geometry": {
        "type": "Point",
        "coordinates": [
          -5.9614544,
          54.2611601
        ]
      },
      "id": "way/851793596"
    },
    {
      "type": "Feature",
      "properties": {
        "@id": "way/856929283",
        "man_made": "embankment",
        "ruins": "castle",
        "@geometry": "center"
      },
      "geometry": {
        "type": "Point",
        "coordinates": [
          -3.0810196,
          52.8749229
        ]
      },
      "id": "way/856929283"
    },
    {
      "type": "Feature",
      "properties": {
        "@id": "node/857720515",
        "abandoned": "yes",
        "castle": "Motte-and-Bailey",
        "historic": "ruins",
        "name": "Ewyas Harold Castle",
        "ruins": "castle",
        "wikidata": "Q5419097",
        "wikipedia": "en:Ewyas Harold Castle"
      },
      "geometry": {
        "type": "Point",
        "coordinates": [
          -2.8970375,
          51.9538843
        ]
      },
      "id": "node/857720515"
    },
    {
      "type": "Feature",
      "properties": {
        "@id": "way/860466059",
        "building": "yes",
        "castle_type": "manor",
        "historic": "castle",
        "name": "Stoneypath Tower",
        "wikidata": "Q7619444",
        "wikipedia": "en:Stoneypath Tower",
        "@geometry": "center"
      },
      "geometry": {
        "type": "Point",
        "coordinates": [
          -2.6486141,
          55.933465
        ]
      },
      "id": "way/860466059"
    },
    {
      "type": "Feature",
      "properties": {
        "@id": "way/865994160",
        "building": "yes",
        "castle_type": "stately",
        "historic": "castle",
        "name": "Ardross Castle",
        "source:geometry": "bing",
        "wikidata": "Q17569162",
        "@geometry": "center"
      },
      "geometry": {
        "type": "Point",
        "coordinates": [
          -4.3339302,
          57.7352305
        ]
      },
      "id": "way/865994160"
    },
    {
      "type": "Feature",
      "properties": {
        "@id": "way/871856803",
        "access": "yes",
        "building": "yes",
        "castle_type": "defensive",
        "fee": "no",
        "heritage": "2",
        "heritage:operator": "Cadw",
        "historic": "castle",
        "historic:civilization": "medieval",
        "name": "Y Castell Gwyn",
        "name:cy": "Y Castell Gwyn",
        "name:en": "White Castle",
        "wheelchair": "limited",
        "wikidata": "Q1985853",
        "@geometry": "center"
      },
      "geometry": {
        "type": "Point",
        "coordinates": [
          -2.9020484,
          51.8459398
        ]
      },
      "id": "way/871856803"
    },
    {
      "type": "Feature",
      "properties": {
        "@id": "way/871861588",
        "access": "yes",
        "building": "yes",
        "castle_type": "defensive",
        "heritage": "2",
        "heritage:operator": "Cadw",
        "historic": "castle",
        "name": "Castell y Grysmwnt",
        "name:cy": "Castell y Grysmwnt",
        "name:en": "Grosmont Castle",
        "wikidata": "Q3402778",
        "@geometry": "center"
      },
      "geometry": {
        "type": "Point",
        "coordinates": [
          -2.8660143,
          51.915437
        ]
      },
      "id": "way/871861588"
    },
    {
      "type": "Feature",
      "properties": {
        "@id": "way/871921861",
        "addr:postcode": "OX29 0RR",
        "alt_name": "Minster Lovell Hall",
        "building": "yes",
        "castle_type": "manor",
        "historic": "castle",
        "name": "Minster Lovell Hall and Dovecot",
        "operator": "English Heritage",
        "ruins": "yes",
        "website": "https://www.english-heritage.org.uk/visit/places/minster-lovell-hall-and-dovecote/",
        "wikidata": "Q12061850",
        "wikipedia": "en:Minster Lovell Hall",
        "@geometry": "center"
      },
      "geometry": {
        "type": "Point",
        "coordinates": [
          -1.5308315,
          51.7997281
        ]
      },
      "id": "way/871921861"
    },
    {
      "type": "Feature",
      "properties": {
        "@id": "way/872017678",
        "building": "yes",
        "castle_type": "defensive",
        "historic": "castle",
        "name": "Castell Coch",
        "opening_hours": "Mo-Su 09:30-17:00",
        "operator": "Cadw",
        "source": "OS_OpenData_StreetView;local_knowledge;Wikipedia (PD photo)",
        "tourism": "attraction",
        "website": "https://cadw.gov.wales/daysout/castell-coch/?lang=en",
        "wheelchair": "no",
        "wikidata": "Q2704850",
        "wikipedia": "en:Castell Coch",
        "@geometry": "center"
      },
      "geometry": {
        "type": "Point",
        "coordinates": [
          -3.2547687,
          51.5358642
        ]
      },
      "id": "way/872017678"
    },
    {
      "type": "Feature",
      "properties": {
        "@id": "way/873149390",
        "access": "private",
        "area": "yes",
        "building": "yes",
        "castle_type": "defensive",
        "description": "fourteenth-century ruins",
        "heritage": "2",
        "heritage:operator": "Historic England",
        "historic": "castle",
        "historic:civilization": "medieval",
        "listed_status": "Grade I",
        "name": "Brampton Bryan Castle",
        "wikidata": "Q4956215",
        "wikipedia": "en:Brampton Bryan Castle",
        "@geometry": "center"
      },
      "geometry": {
        "type": "Point",
        "coordinates": [
          -2.9258426,
          52.3476507
        ]
      },
      "id": "way/873149390"
    },
    {
      "type": "Feature",
      "properties": {
        "@id": "way/874126131",
        "access": "private",
        "alt_name": "Ecclesgreig House",
        "building": "castle",
        "historic": "castle",
        "name": "Ecclesgreig Castle",
        "@geometry": "center"
      },
      "geometry": {
        "type": "Point",
        "coordinates": [
          -2.430309,
          56.7834819
        ]
      },
      "id": "way/874126131"
    },
    {
      "type": "Feature",
      "properties": {
        "@id": "way/875910280",
        "access": "customers",
        "building": "yes",
        "building:levels": "4",
        "castle_type": "defensive",
        "historic": "castle",
        "historic:civilization": "medieval",
        "name": "Longthorpe Tower",
        "name:en": "Longthorpe Tower",
        "name:fr": "Tour de Longthorpe",
        "note": "opening only pre-booked tours 1st Sunday in Month Apr-Sep",
        "operator": "English Heritage",
        "tourism": "attraction",
        "website": "https://www.english-heritage.org.uk/visit/places/longthorpe-tower/",
        "wikidata": "Q3533390",
        "wikipedia": "en:Longthorpe Tower",
        "@geometry": "center"
      },
      "geometry": {
        "type": "Point",
        "coordinates": [
          -0.2868342,
          52.5708498
        ]
      },
      "id": "way/875910280"
    },
    {
      "type": "Feature",
      "properties": {
        "@id": "way/876241485",
        "addr:city": "Perth",
        "addr:postcode": "PH2 0GU",
        "addr:street": "Pitheavlis Castle Gardens",
        "building": "yes",
        "building:flats": "4",
        "building:use": "apartments",
        "historic": "castle",
        "name": "Pitheavlis Castle",
        "wikidata": "Q17570916",
        "@geometry": "center"
      },
      "geometry": {
        "type": "Point",
        "coordinates": [
          -3.4509261,
          56.3890147
        ]
      },
      "id": "way/876241485"
    },
    {
      "type": "Feature",
      "properties": {
        "@id": "way/881231274",
        "addr:postcode": "TD5 7PG",
        "castle_type": "defensive",
        "heritage:operator": "hs",
        "historic": "castle",
        "name": "Smailholm Tower",
        "name:es": "Torre de Smailholm",
        "name:fr": "Tour de Smailholm",
        "name:it": "Torre di Smailholm",
        "name:pt": "Torre de Smailholm",
        "operator": "Historic Scotland",
        "rating": "5/5",
        "ref:GB:hs": "SM13614",
        "ref:canmore": "57231",
        "tourism": "attraction",
        "website": "https://www.historicenvironment.scot/visit-a-place/places/smailholm-tower/",
        "wikidata": "Q2696684",
        "wikipedia": "en:Smailholm Tower",
        "@geometry": "center"
      },
      "geometry": {
        "type": "Point",
        "coordinates": [
          -2.5762643,
          55.6042648
        ]
      },
      "id": "way/881231274"
    },
    {
      "type": "Feature",
      "properties": {
        "@id": "way/884073970",
        "building": "yes",
        "castle_type": "defensive",
        "heritage:operator": "Historic Environment Scotland",
        "heritage:website": "https://portal.historicenvironment.scot/designation/SM2024",
        "historic": "castle",
        "name": "Sorbie Tower",
        "ref:GB:hs": "SM2024",
        "ref:canmore": "63139",
        "ruins": "yes",
        "wikidata": "Q7563327",
        "wikipedia": "en:Sorbie Tower",
        "@geometry": "center"
      },
      "geometry": {
        "type": "Point",
        "coordinates": [
          -4.4110061,
          54.794134
        ]
      },
      "id": "way/884073970"
    },
    {
      "type": "Feature",
      "properties": {
        "@id": "way/884317093",
        "building": "yes",
        "historic": "castle",
        "name": "Knockdolian Castle",
        "url": "https://canmore.org.uk/site/61994/knockdolian-castle",
        "@geometry": "center"
      },
      "geometry": {
        "type": "Point",
        "coordinates": [
          -4.9457047,
          55.1271167
        ]
      },
      "id": "way/884317093"
    },
    {
      "type": "Feature",
      "properties": {
        "@id": "way/884422874",
        "castle_type": "stately",
        "historic": "castle",
        "name": "Dalquharran Castle",
        "url": "https://canmore.org.uk/site/40880/dalquharran-castle",
        "wikidata": "Q17321090",
        "wikimedia_commons": "Category:Dalquharran_Castle",
        "wikipedia": "en:Dalquharran Castle",
        "@geometry": "center"
      },
      "geometry": {
        "type": "Point",
        "coordinates": [
          -4.7248468,
          55.2832391
        ]
      },
      "id": "way/884422874"
    },
    {
      "type": "Feature",
      "properties": {
        "@id": "way/884422882",
        "building": "ruins",
        "castle_type": "defensive",
        "historic": "castle",
        "name": "Old Dalquharran Castle",
        "wikidata": "Q17325524",
        "wikimedia_commons": "Category:Old_Dalquharran_Castle",
        "@geometry": "center"
      },
      "geometry": {
        "type": "Point",
        "coordinates": [
          -4.7214062,
          55.2807132
        ]
      },
      "id": "way/884422882"
    },
    {
      "type": "Feature",
      "properties": {
        "@id": "way/884687067",
        "building": "yes",
        "castle_type": "stately",
        "historic": "castle",
        "name": "Sorn Castle",
        "@geometry": "center"
      },
      "geometry": {
        "type": "Point",
        "coordinates": [
          -4.300952,
          55.5143156
        ]
      },
      "id": "way/884687067"
    },
    {
      "type": "Feature",
      "properties": {
        "@id": "way/886457626",
        "area": "yes",
        "heritage": "2",
        "heritage:operator": "cadw",
        "historic": "castle",
        "name": "Castell Dolbadarn",
        "name:cy": "Castell Dolbadarn",
        "name:en": "Dolbadarn Castle",
        "name:ru": "Замок Долбадарн",
        "ref:cadw": "CN066",
        "ruins": "yes",
        "wikidata": "Q2078555",
        "wikimedia_commons": "File:Castell Dolbadarn - geograph.org.uk - 254298.jpg",
        "wikipedia": "en:Dolbadarn Castle",
        "@geometry": "center"
      },
      "geometry": {
        "type": "Point",
        "coordinates": [
          -4.1144215,
          53.1166597
        ]
      },
      "id": "way/886457626"
    },
    {
      "type": "Feature",
      "properties": {
        "@id": "way/888257458",
        "building": "yes",
        "heritage:operator": "Historic Environment Scotland",
        "heritage:website": "https://portal.historicenvironment.scot/designation/LB19597",
        "historic": "castle",
        "listed_status": "Category A",
        "name": "Castle of Park",
        "ref:GB:hs": "LB19597",
        "wikidata": "Q17571723",
        "wikipedia": "en:Castle of Park (Aberdeenshire)",
        "@geometry": "center"
      },
      "geometry": {
        "type": "Point",
        "coordinates": [
          -2.6893798,
          57.602368
        ]
      },
      "id": "way/888257458"
    },
    {
      "type": "Feature",
      "properties": {
        "@id": "way/888475448",
        "castle_type": "castle",
        "historic": "castle",
        "name": "Hatton Castle",
        "@geometry": "center"
      },
      "geometry": {
        "type": "Point",
        "coordinates": [
          -2.4070185,
          57.5122906
        ]
      },
      "id": "way/888475448"
    },
    {
      "type": "Feature",
      "properties": {
        "@id": "way/889381178",
        "building": "yes",
        "historic": "castle",
        "name": "Cairnbulg Castle",
        "url": "https://canmore.org.uk/site/21142/cairnbulg-castle",
        "@geometry": "center"
      },
      "geometry": {
        "type": "Point",
        "coordinates": [
          -1.9735955,
          57.6656129
        ]
      },
      "id": "way/889381178"
    },
    {
      "type": "Feature",
      "properties": {
        "@id": "way/889923059",
        "access": "private",
        "building": "ruins",
        "building:levels": "2",
        "building:material": "stone",
        "castle_type": "defensive",
        "height": "8",
        "historic": "castle",
        "historic:civilization": "medieval",
        "name": "Merdon Castle",
        "operator": "Home Farm Estate",
        "owner": "Finian Rory O'Sullivan",
        "@geometry": "center"
      },
      "geometry": {
        "type": "Point",
        "coordinates": [
          -1.4012372,
          51.036642
        ]
      },
      "id": "way/889923059"
    },
    {
      "type": "Feature",
      "properties": {
        "@id": "way/890577629",
        "building": "yes",
        "castle_type": "fortress",
        "historic": "castle",
        "name": "Castle Hill",
        "@geometry": "center"
      },
      "geometry": {
        "type": "Point",
        "coordinates": [
          -4.3857802,
          55.6298652
        ]
      },
      "id": "way/890577629"
    },
    {
      "type": "Feature",
      "properties": {
        "@id": "way/892797544",
        "building": "yes",
        "heritage": "yes",
        "historic": "castle",
        "name": "Barscobe Castle",
        "wikidata": "Q4864982",
        "wikipedia": "en:Barscobe Castle",
        "@geometry": "center"
      },
      "geometry": {
        "type": "Point",
        "coordinates": [
          -4.1020854,
          55.1020001
        ]
      },
      "id": "way/892797544"
    },
    {
      "type": "Feature",
      "properties": {
        "@id": "way/895667920",
        "building": "yes",
        "castle_type": "defensive",
        "historic": "castle",
        "name": "Castle Howe",
        "wikidata": "Q56661920",
        "@geometry": "center"
      },
      "geometry": {
        "type": "Point",
        "coordinates": [
          -2.8453022,
          58.8874172
        ]
      },
      "id": "way/895667920"
    },
    {
      "type": "Feature",
      "properties": {
        "@id": "way/896780453",
        "access": "yes",
        "castle_type": "fortress",
        "historic": "castle",
        "name": "Castercliff",
        "note": "Castercliff is an Iron Age multivallate hillfort",
        "wikidata": "Q5049859",
        "wikipedia": "en:Castercliff",
        "@geometry": "center"
      },
      "geometry": {
        "type": "Point",
        "coordinates": [
          -2.1763373,
          53.8416826
        ]
      },
      "id": "way/896780453"
    },
    {
      "type": "Feature",
      "properties": {
        "@id": "way/900802699",
        "building": "yes",
        "castle_type": "manor",
        "historic": "castle",
        "name": "Cakemuir Castle",
        "@geometry": "center"
      },
      "geometry": {
        "type": "Point",
        "coordinates": [
          -2.9402238,
          55.8217175
        ]
      },
      "id": "way/900802699"
    },
    {
      "type": "Feature",
      "properties": {
        "@id": "way/904217034",
        "access": "customers",
        "castle_type": "defensive",
        "heritage": "2",
        "heritage:operator": "Cadw",
        "historic": "castle",
        "listed_status": "Grade I",
        "name": "Castell Talacharn",
        "name:cy": "Castell Talacharn",
        "name:en": "Laugharne Castle",
        "ruins": "yes",
        "start_date": "1116",
        "wikidata": "Q911714",
        "wikipedia": "en:Laugharne Castle",
        "@geometry": "center"
      },
      "geometry": {
        "type": "Point",
        "coordinates": [
          -4.4620897,
          51.7696886
        ]
      },
      "id": "way/904217034"
    },
    {
      "type": "Feature",
      "properties": {
        "@id": "way/905182065",
        "building": "ruins",
        "historic": "castle",
        "name": "Inverugie Castle",
        "ref:canmore": "21204",
        "wikidata": "Q6060581",
        "wikipedia": "en:Inverugie Castle",
        "@geometry": "center"
      },
      "geometry": {
        "type": "Point",
        "coordinates": [
          -1.830864,
          57.5247679
        ]
      },
      "id": "way/905182065"
    },
    {
      "type": "Feature",
      "properties": {
        "@id": "way/905745154",
        "building": "tower",
        "building:cladding": "stone",
        "height": "50 m",
        "historic": "castle",
        "name": "Haggerston Castle Tower",
        "roof:shape": "flat",
        "source": "survey",
        "wheelchair": "no",
        "@geometry": "center"
      },
      "geometry": {
        "type": "Point",
        "coordinates": [
          -1.9349483,
          55.6869562
        ]
      },
      "id": "way/905745154"
    },
    {
      "type": "Feature",
      "properties": {
        "@id": "way/907163715",
        "addr:city": "Kilmarnock",
        "addr:postcode": "KA2 9AA",
        "building": "yes",
        "historic": "castle",
        "name": "Caprington Castle",
        "ref:GB:uprn": "127000891",
        "wikidata": "Q15790956",
        "@geometry": "center"
      },
      "geometry": {
        "type": "Point",
        "coordinates": [
          -4.5285015,
          55.5937152
        ]
      },
      "id": "way/907163715"
    },
    {
      "type": "Feature",
      "properties": {
        "@id": "way/908826942",
        "addr:housenumber": "10",
        "addr:postcode": "TN15 0QX",
        "addr:street": "Old Soar Road",
        "castle_type": "manor",
        "email": "oldsoarmanor@NationalTrust.org.uk",
        "historic": "castle",
        "name": "Old Soar Manor",
        "opening_hours": "Sa-Th 09:00-18:00",
        "operator": "National Trust",
        "phone": "+44 1732810378",
        "start_date": "1290",
        "tourism": "attraction",
        "website": "https://www.nationaltrust.org.uk/old-soar-manor/",
        "wikidata": "Q7084990",
        "wikipedia": "en:Old Soar Manor",
        "@geometry": "center"
      },
      "geometry": {
        "type": "Point",
        "coordinates": [
          0.3199716,
          51.2630761
        ]
      },
      "id": "way/908826942"
    },
    {
      "type": "Feature",
      "properties": {
        "@id": "way/909436646",
        "building": "yes",
        "historic": "castle",
        "name": "Castle Huntly",
        "@geometry": "center"
      },
      "geometry": {
        "type": "Point",
        "coordinates": [
          -3.1338709,
          56.4488553
        ]
      },
      "id": "way/909436646"
    },
    {
      "type": "Feature",
      "properties": {
        "@id": "way/909952770",
        "building": "yes",
        "castle_type": "stately",
        "historic": "castle",
        "name": "Strathallan Castle",
        "@geometry": "center"
      },
      "geometry": {
        "type": "Point",
        "coordinates": [
          -3.74924,
          56.3193988
        ]
      },
      "id": "way/909952770"
    },
    {
      "type": "Feature",
      "properties": {
        "@id": "way/911155815",
        "addr:postcode": "TN8 5QY",
        "building": "house",
        "castle_type": "manor",
        "description": "Built on the site of the first castle.",
        "he:inscription_date": "1953-03-11",
        "heritage": "2",
        "heritage:operator": "he",
        "heritage:website": "https://historicengland.org.uk/listing/the-list/list-entry/1017522",
        "historic": "castle",
        "name": "Starborough Castle",
        "official_name": "Starborough Castle Walls and Garden House",
        "old_name": "Sterborough Castle",
        "ref:GB:uprn": "100061577271",
        "ref:he": "1017522",
        "source:addr:postcode": "ONSUD;OS Open UPRN",
        "wikidata": "Q7601480",
        "wikipedia": "en:Starborough Castle",
        "@geometry": "center"
      },
      "geometry": {
        "type": "Point",
        "coordinates": [
          0.0387539,
          51.1784334
        ]
      },
      "id": "way/911155815"
    },
    {
      "type": "Feature",
      "properties": {
        "@id": "node/911163184",
        "historic": "castle",
        "name": "Colzium Castle",
        "ruins": "yes",
        "source": "survey",
        "wheelchair": "yes"
      },
      "geometry": {
        "type": "Point",
        "coordinates": [
          -4.0389537,
          55.9849839
        ]
      },
      "id": "node/911163184"
    },
    {
      "type": "Feature",
      "properties": {
        "@id": "way/911639207",
        "access": "private",
        "building": "yes",
        "castle_type": "manor",
        "historic": "castle",
        "name": "Cessnock Castle",
        "@geometry": "center"
      },
      "geometry": {
        "type": "Point",
        "coordinates": [
          -4.3645869,
          55.5903701
        ]
      },
      "id": "way/911639207"
    },
    {
      "type": "Feature",
      "properties": {
        "@id": "way/912335382",
        "building": "yes",
        "castle_type": "tower",
        "historic": "castle",
        "name": "Newmilns Tower",
        "@geometry": "center"
      },
      "geometry": {
        "type": "Point",
        "coordinates": [
          -4.3248669,
          55.6077581
        ]
      },
      "id": "way/912335382"
    },
    {
      "type": "Feature",
      "properties": {
        "@id": "node/915266429",
        "historic": "castle",
        "name": "Winchester Castle",
        "name:ar": "قلعة وينشستر",
        "name:fi": "Winchesterin linna",
        "name:fr": "Château de Winchester",
        "name:ru": "Уинчестерский замок",
        "name:uk": "Вінчестерський замок",
        "name:ur": "ونچیسٹر کیسل",
        "tourism": "attraction",
        "wikidata": "Q1704670",
        "wikipedia": "en:Winchester Castle"
      },
      "geometry": {
        "type": "Point",
        "coordinates": [
          -1.319524,
          51.0630153
        ]
      },
      "id": "node/915266429"
    },
    {
      "type": "Feature",
      "properties": {
        "@id": "way/915735444",
        "heritage": "yes",
        "historic": "castle",
        "name": "Kerelaw Castle",
        "wikidata": "Q6393772",
        "wikipedia": "en:Kerelaw Castle",
        "@geometry": "center"
      },
      "geometry": {
        "type": "Point",
        "coordinates": [
          -4.7522735,
          55.6483415
        ]
      },
      "id": "way/915735444"
    },
    {
      "type": "Feature",
      "properties": {
        "@id": "way/921011121",
        "building": "castle",
        "castle_type": "manor",
        "historic": "castle",
        "name": "Glenbervie House",
        "wikidata": "Q17770895",
        "@geometry": "center"
      },
      "geometry": {
        "type": "Point",
        "coordinates": [
          -2.3830018,
          56.9140033
        ]
      },
      "id": "way/921011121"
    },
    {
      "type": "Feature",
      "properties": {
        "@id": "way/922719079",
        "building": "yes",
        "historic": "castle",
        "name": "Old Tulliallan Castle",
        "ruins": "yes",
        "wikidata": "Q7852170",
        "wikipedia": "en:Tulliallan",
        "@geometry": "center"
      },
      "geometry": {
        "type": "Point",
        "coordinates": [
          -3.72579,
          56.0797417
        ]
      },
      "id": "way/922719079"
    },
    {
      "type": "Feature",
      "properties": {
        "@id": "way/923661118",
        "contact:website": "https://www.wedderburn-castle.co.uk/",
        "historic": "castle",
        "landuse": "residential",
        "name": "Wedderburn Castle",
        "place": "hamlet",
        "@geometry": "center"
      },
      "geometry": {
        "type": "Point",
        "coordinates": [
          -2.3070379,
          55.7687101
        ]
      },
      "id": "way/923661118"
    },
    {
      "type": "Feature",
      "properties": {
        "@id": "way/925336239",
        "building": "yes",
        "historic": "castle",
        "ruins": "castle",
        "@geometry": "center"
      },
      "geometry": {
        "type": "Point",
        "coordinates": [
          -3.0043963,
          59.320611
        ]
      },
      "id": "way/925336239"
    },
    {
      "type": "Feature",
      "properties": {
        "@id": "way/925355934",
        "addr:city": "Orkney",
        "addr:postcode": "KW17 2DW",
        "building": "yes",
        "historic": "castle",
        "name": "Noltland Castle",
        "ref:GB:uprn": "134017153",
        "@geometry": "center"
      },
      "geometry": {
        "type": "Point",
        "coordinates": [
          -3.0044464,
          59.3207321
        ]
      },
      "id": "way/925355934"
    },
    {
      "type": "Feature",
      "properties": {
        "@id": "way/925945419",
        "building": "yes",
        "historic": "castle",
        "name": "Warblingon Castle",
        "wikidata": "Q7968843",
        "@geometry": "center"
      },
      "geometry": {
        "type": "Point",
        "coordinates": [
          -0.9659893,
          50.8449262
        ]
      },
      "id": "way/925945419"
    },
    {
      "type": "Feature",
      "properties": {
        "@id": "way/933248249",
        "building": "yes",
        "historic": "castle",
        "name": "Dunimarle Castle",
        "website": "https://www.dunimarlecastle.co.uk/",
        "@geometry": "center"
      },
      "geometry": {
        "type": "Point",
        "coordinates": [
          -3.6438997,
          56.0550131
        ]
      },
      "id": "way/933248249"
    },
    {
      "type": "Feature",
      "properties": {
        "@id": "way/940792908",
        "building": "yes",
        "historic": "castle",
        "name": "Kilbryde Castle",
        "@geometry": "center"
      },
      "geometry": {
        "type": "Point",
        "coordinates": [
          -4.0072041,
          56.2093082
        ]
      },
      "id": "way/940792908"
    },
    {
      "type": "Feature",
      "properties": {
        "@id": "way/942258132",
        "building": "yes",
        "castle_type": "stately",
        "historic": "castle",
        "listed_status": "Grade I",
        "name": "Halston Hall",
        "wikidata": "Q17529595",
        "wikipedia": "en:Halston Hall",
        "@geometry": "center"
      },
      "geometry": {
        "type": "Point",
        "coordinates": [
          -2.9831204,
          52.8782658
        ]
      },
      "id": "way/942258132"
    },
    {
      "type": "Feature",
      "properties": {
        "@id": "way/943545973",
        "historic": "ruins",
        "name": "Kaim of Mathers",
        "ruins": "castle",
        "@geometry": "center"
      },
      "geometry": {
        "type": "Point",
        "coordinates": [
          -2.3894746,
          56.7751018
        ]
      },
      "id": "way/943545973"
    },
    {
      "type": "Feature",
      "properties": {
        "@id": "way/945516426",
        "description": "Small but prominent motte. There isn't any surface evidence of the rest of the castle, but the church wall is believed to follow where the bailey once stood.",
        "historic": "ruins",
        "historic:civilization": "medieval",
        "name": "Little Ness Castle Mound",
        "ruins": "castle",
        "@geometry": "center"
      },
      "geometry": {
        "type": "Point",
        "coordinates": [
          -2.8791065,
          52.773009
        ]
      },
      "id": "way/945516426"
    },
    {
      "type": "Feature",
      "properties": {
        "@id": "way/951468111",
        "building": "yes",
        "description": "Substantial ruins of Vayne Castle",
        "historic": "castle",
        "historic:civilization": "medieval",
        "name": "Vayne Castle",
        "ruins": "castle",
        "@geometry": "center"
      },
      "geometry": {
        "type": "Point",
        "coordinates": [
          -2.829384,
          56.7282309
        ]
      },
      "id": "way/951468111"
    },
    {
      "type": "Feature",
      "properties": {
        "@id": "way/952606378",
        "building": "yes",
        "historic": "castle",
        "historic:civilization": "medieval",
        "name": "Portaferry Castle",
        "@geometry": "center"
      },
      "geometry": {
        "type": "Point",
        "coordinates": [
          -5.5489647,
          54.3813752
        ]
      },
      "id": "way/952606378"
    },
    {
      "type": "Feature",
      "properties": {
        "@id": "way/952808607",
        "building": "yes",
        "castle_type": "gate_house",
        "historic": "castle",
        "layer": "1",
        "name": "North Lodge",
        "@geometry": "center"
      },
      "geometry": {
        "type": "Point",
        "coordinates": [
          -2.3979427,
          57.4483184
        ]
      },
      "id": "way/952808607"
    },
    {
      "type": "Feature",
      "properties": {
        "@id": "way/957998447",
        "building": "yes",
        "historic": "castle",
        "name": "Beldorney Castle",
        "wikidata": "Q15978764",
        "wikipedia": "en:Beldorney Castle",
        "@geometry": "center"
      },
      "geometry": {
        "type": "Point",
        "coordinates": [
          -2.9631127,
          57.4195582
        ]
      },
      "id": "way/957998447"
    },
    {
      "type": "Feature",
      "properties": {
        "@id": "way/961993074",
        "access": "private",
        "addr:city": "Montrose",
        "addr:housename": "Hallgreen Castle",
        "addr:postcode": "DD10 0PE",
        "addr:suburb": "Inverbervie",
        "building": "castle",
        "castle_type": "defensive",
        "historic": "castle",
        "name": "Hallgreen Castle",
        "wikidata": "Q17775673",
        "@geometry": "center"
      },
      "geometry": {
        "type": "Point",
        "coordinates": [
          -2.277637,
          56.8401468
        ]
      },
      "id": "way/961993074"
    },
    {
      "type": "Feature",
      "properties": {
        "@id": "way/962642982",
        "historic": "ruins",
        "name": "Whistleberry Castle",
        "ruins": "castle",
        "@geometry": "center"
      },
      "geometry": {
        "type": "Point",
        "coordinates": [
          -2.2290601,
          56.8688775
        ]
      },
      "id": "way/962642982"
    },
    {
      "type": "Feature",
      "properties": {
        "@id": "way/962851298",
        "building": "yes",
        "castle_type": "palace",
        "historic": "castle",
        "name": "Millhills House",
        "@geometry": "center"
      },
      "geometry": {
        "type": "Point",
        "coordinates": [
          -3.7935985,
          56.3580962
        ]
      },
      "id": "way/962851298"
    },
    {
      "type": "Feature",
      "properties": {
        "@id": "way/963717862",
        "HE_ref": "1135729",
        "architect": "Anthony Salvin",
        "building": "yes",
        "building:architecture": "neo-gothic",
        "historic": "castle",
        "historic:period": "victorian",
        "listed_status": "Grade I",
        "name": "Peckforton Castle",
        "start_date": "1844",
        "website": "https://www.peckfortoncastle.co.uk/",
        "wikidata": "Q2160653",
        "wikipedia": "en:Peckforton Castle",
        "@geometry": "center"
      },
      "geometry": {
        "type": "Point",
        "coordinates": [
          -2.6988548,
          53.1176854
        ]
      },
      "id": "way/963717862"
    },
    {
      "type": "Feature",
      "properties": {
        "@id": "way/964092092",
        "alt_name": "Tower of Benholm",
        "historic": "castle",
        "name": "Benholm Castle",
        "wikidata": "Q17569492",
        "@geometry": "center"
      },
      "geometry": {
        "type": "Point",
        "coordinates": [
          -2.3225511,
          56.8249545
        ]
      },
      "id": "way/964092092"
    },
    {
      "type": "Feature",
      "properties": {
        "@id": "way/968219664",
        "access": "customers",
        "building": "yes",
        "castle_type": "stately",
        "historic": "castle",
        "name": "Watermouth Castle",
        "start_date": "1825",
        "wikidata": "Q7974374",
        "wikimedia_commons": "File:WatermouthCastleCornerView.jpg",
        "wikipedia": "en:Watermouth Castle",
        "@geometry": "center"
      },
      "geometry": {
        "type": "Point",
        "coordinates": [
          -4.0690666,
          51.2131878
        ]
      },
      "id": "way/968219664"
    },
    {
      "type": "Feature",
      "properties": {
        "@id": "way/968461035",
        "building": "yes",
        "castle_type": "defensive",
        "historic": "castle",
        "@geometry": "center"
      },
      "geometry": {
        "type": "Point",
        "coordinates": [
          -1.2257675,
          53.4843552
        ]
      },
      "id": "way/968461035"
    },
    {
      "type": "Feature",
      "properties": {
        "@id": "node/971061495",
        "historic": "ruins",
        "name": "Lagwyne Castle",
        "ruins": "castle"
      },
      "geometry": {
        "type": "Point",
        "coordinates": [
          -4.2679913,
          55.2180648
        ]
      },
      "id": "node/971061495"
    },
    {
      "type": "Feature",
      "properties": {
        "@id": "way/972622342",
        "building": "yes",
        "historic": "castle",
        "name": "Norman Keep",
        "@geometry": "center"
      },
      "geometry": {
        "type": "Point",
        "coordinates": [
          0.9591156,
          51.2429373
        ]
      },
      "id": "way/972622342"
    },
    {
      "type": "Feature",
      "properties": {
        "@id": "node/973860773",
        "access": "private",
        "castle_type": "fortress",
        "historic": "castle",
        "name": "Fort Redoubt",
        "wikidata": "Q5503121"
      },
      "geometry": {
        "type": "Point",
        "coordinates": [
          -1.5139515,
          50.6685169
        ]
      },
      "id": "node/973860773"
    },
    {
      "type": "Feature",
      "properties": {
        "@id": "way/975313282",
        "addr:city": "Trefriw",
        "addr:country": "GB",
        "addr:postcode": "LL26 0PN",
        "building": "house",
        "castle_type": "manor",
        "fhrs:authority": "Conwy",
        "fhrs:id": "958106",
        "fhrs:local_authority_id": "14965",
        "historic": "castle",
        "name": "Gwydir Castle",
        "name:cy": "Castell Gwydyr",
        "name:en": "Gwydir Castle",
        "wikidata": "Q3398574",
        "@geometry": "center"
      },
      "geometry": {
        "type": "Point",
        "coordinates": [
          -3.8011798,
          53.132847
        ]
      },
      "id": "way/975313282"
    },
    {
      "type": "Feature",
      "properties": {
        "@id": "way/976726422",
        "building": "yes",
        "historic": "castle",
        "name": "Alton Castle",
        "@geometry": "center"
      },
      "geometry": {
        "type": "Point",
        "coordinates": [
          -1.8926144,
          52.9795874
        ]
      },
      "id": "way/976726422"
    },
    {
      "type": "Feature",
      "properties": {
        "@id": "way/982285671",
        "access": "private",
        "area": "yes",
        "historic": "castle",
        "historic:civilization": "medieval",
        "name": "Bannachra Castle",
        "ruins": "yes",
        "wikidata": "Q17772644",
        "@geometry": "center"
      },
      "geometry": {
        "type": "Point",
        "coordinates": [
          -4.6607847,
          56.0228767
        ]
      },
      "id": "way/982285671"
    },
    {
      "type": "Feature",
      "properties": {
        "@id": "way/984894255",
        "building": "yes",
        "castle_type": "manor",
        "historic": "castle",
        "name": "Court House",
        "wikidata": "Q5178237",
        "@geometry": "center"
      },
      "geometry": {
        "type": "Point",
        "coordinates": [
          -3.2370285,
          51.1858281
        ]
      },
      "id": "way/984894255"
    },
    {
      "type": "Feature",
      "properties": {
        "@id": "way/989179403",
        "building": "yes",
        "historic": "castle",
        "listed_status": "Grade I",
        "name": "Amroth Castle",
        "wikidata": "Q17742226",
        "wikipedia": "en:Amroth Castle",
        "@geometry": "center"
      },
      "geometry": {
        "type": "Point",
        "coordinates": [
          -4.6519886,
          51.7339202
        ]
      },
      "id": "way/989179403"
    },
    {
      "type": "Feature",
      "properties": {
        "@id": "way/991702225",
        "access": "no",
        "area": "yes",
        "castle_type": "defensive",
        "historic": "castle",
        "name": "Appleby Castle",
        "name:fr": "Château d'Appleby",
        "name:it": "Castello di Appleby",
        "name:ru": "Замок Эпплби",
        "name:zh": "阿普比城堡",
        "note": "closed to public",
        "tourism": "attraction",
        "wikidata": "Q1639481",
        "wikipedia": "en:Appleby Castle",
        "@geometry": "center"
      },
      "geometry": {
        "type": "Point",
        "coordinates": [
          -2.487853,
          54.573578
        ]
      },
      "id": "way/991702225"
    },
    {
      "type": "Feature",
      "properties": {
        "@id": "way/993494497",
        "access": "private",
        "building": "yes",
        "castle_type": "castle",
        "historic": "castle",
        "historic:civilization": "norman",
        "name": "Penhow Castle",
        "name:cy": "Castell Pen-hŵ",
        "wikidata": "Q17741280",
        "@geometry": "center"
      },
      "geometry": {
        "type": "Point",
        "coordinates": [
          -2.833675,
          51.6136439
        ]
      },
      "id": "way/993494497"
    },
    {
      "type": "Feature",
      "properties": {
        "@id": "way/994977752",
        "addr:city": "Corbridge",
        "addr:country": "GB",
        "addr:postcode": "NE45 5PJ",
        "area": "yes",
        "castle_type": "defensive",
        "historic": "castle",
        "name": "Aydon Castle",
        "operator": "English Heritage",
        "tourism": "attraction",
        "website": "https://www.english-heritage.org.uk/visit/places/aydon-castle/",
        "wikidata": "Q1965841",
        "wikimedia_commons": "File:Aydon Castle - geograph.org.uk - 6585103.jpg",
        "wikipedia": "en:Aydon Castle",
        "@geometry": "center"
      },
      "geometry": {
        "type": "Point",
        "coordinates": [
          -1.9994002,
          54.9914115
        ]
      },
      "id": "way/994977752"
    },
    {
      "type": "Feature",
      "properties": {
        "@id": "way/1000733689",
        "building": "yes",
        "historic": "castle",
        "name": "Whithaugh Tower",
        "@geometry": "center"
      },
      "geometry": {
        "type": "Point",
        "coordinates": [
          -2.8044266,
          55.1838402
        ]
      },
      "id": "way/1000733689"
    },
    {
      "type": "Feature",
      "properties": {
        "@id": "way/1001808582",
        "building": "yes",
        "historic": "castle",
        "name": "Upton Castle",
        "wikidata": "Q21999745",
        "wikipedia": "en:Upton Castle",
        "@geometry": "center"
      },
      "geometry": {
        "type": "Point",
        "coordinates": [
          -4.8663588,
          51.7060043
        ]
      },
      "id": "way/1001808582"
    },
    {
      "type": "Feature",
      "properties": {
        "@id": "node/1003827442",
        "historic": "castle",
        "name": "Hepburn Castle"
      },
      "geometry": {
        "type": "Point",
        "coordinates": [
          -1.8894772,
          55.5178694
        ]
      },
      "id": "node/1003827442"
    },
    {
      "type": "Feature",
      "properties": {
        "@id": "way/1006531166",
        "castle_type": "defensive",
        "fee": "yes",
        "historic": "castle",
        "name": "Urquhart Castle",
        "name:ca": "Castell d'Urquhart",
        "name:da": "Urquhart Castle",
        "name:de": "Urquhart Castle",
        "name:es": "Castillo de Urquhart",
        "name:eu": "Urquhart gaztelua",
        "name:fi": "Urquhartin linna",
        "name:fr": "Château d'Urquhart",
        "name:ga": "Caisteal na Sróine",
        "name:gd": "Caisteal Urchadain",
        "name:gl": "Castelo de Urquhart",
        "name:hu": "Urquhart vára",
        "name:id": "Kastil Urquhart",
        "name:it": "Castello di Urquhart",
        "name:ja": "アーカート城",
        "name:nl": "Urquhart Castle",
        "name:pl": "Zamek Urquhart",
        "name:pt": "Castelo de Urquhart",
        "name:ru": "Аркарт",
        "name:sco": "Urquhart Castle",
        "name:sv": "Urquhart Castle",
        "name:uk": "Замок Аркарт",
        "name:zh": "阿克特城堡",
        "ruins": "yes",
        "wikidata": "Q913981",
        "wikipedia": "en:Urquhart Castle",
        "@geometry": "center"
      },
      "geometry": {
        "type": "Point",
        "coordinates": [
          -4.4420577,
          57.32413
        ]
      },
      "id": "way/1006531166"
    },
    {
      "type": "Feature",
      "properties": {
        "@id": "way/1008667096",
        "building": "yes",
        "historic": "castle",
        "name": "Almond Castle",
        "ref:GB:uprn": "136074763",
        "wikidata": "Q17816792",
        "wikipedia": "en:Almond Castle",
        "@geometry": "center"
      },
      "geometry": {
        "type": "Point",
        "coordinates": [
          -3.6735925,
          55.9771788
        ]
      },
      "id": "way/1008667096"
    },
    {
      "type": "Feature",
      "properties": {
        "@id": "way/1013564263",
        "building:levels": "3",
        "building:part": "tower_house",
        "castle_type": "tower_house",
        "historic": "castle",
        "roof:shape": "gabled",
        "@geometry": "center"
      },
      "geometry": {
        "type": "Point",
        "coordinates": [
          -2.8803143,
          57.3110669
        ]
      },
      "id": "way/1013564263"
    },
    {
      "type": "Feature",
      "properties": {
        "@id": "way/1019695124",
        "building": "yes",
        "historic": "castle",
        "name": "Barholm Castle",
        "@geometry": "center"
      },
      "geometry": {
        "type": "Point",
        "coordinates": [
          -4.3055207,
          54.8495222
        ]
      },
      "id": "way/1019695124"
    },
    {
      "type": "Feature",
      "properties": {
        "@id": "way/1019712450",
        "building": "yes",
        "historic": "castle",
        "listed_status": "Grade II*",
        "name": "Benton Castle",
        "@geometry": "center"
      },
      "geometry": {
        "type": "Point",
        "coordinates": [
          -4.8893882,
          51.7251308
        ]
      },
      "id": "way/1019712450"
    },
    {
      "type": "Feature",
      "properties": {
        "@id": "way/1020277888",
        "building": "yes",
        "historic": "castle",
        "historic:civilization": "celtic",
        "@geometry": "center"
      },
      "geometry": {
        "type": "Point",
        "coordinates": [
          -3.0433933,
          52.3431132
        ]
      },
      "id": "way/1020277888"
    },
    {
      "type": "Feature",
      "properties": {
        "@id": "way/1021740267",
        "building": "yes",
        "historic": "castle",
        "listed_status": "Category B",
        "name": "Blackcraig Castle",
        "@geometry": "center"
      },
      "geometry": {
        "type": "Point",
        "coordinates": [
          -3.4566901,
          56.6642916
        ]
      },
      "id": "way/1021740267"
    },
    {
      "type": "Feature",
      "properties": {
        "@id": "way/1022565144",
        "building": "yes",
        "historic": "castle",
        "name": "Fort Belvedere",
        "wikidata": "Q1438460",
        "wikipedia": "en:Fort Belvedere, Surrey",
        "@geometry": "center"
      },
      "geometry": {
        "type": "Point",
        "coordinates": [
          -0.612122,
          51.4044657
        ]
      },
      "id": "way/1022565144"
    },
    {
      "type": "Feature",
      "properties": {
        "@id": "way/1023925085",
        "building": "yes",
        "historic": "castle",
        "name": "Blervie Castle",
        "ruins": "yes",
        "wikipedia": "en:Blervie Castle",
        "@geometry": "center"
      },
      "geometry": {
        "type": "Point",
        "coordinates": [
          -3.5561915,
          57.5950994
        ]
      },
      "id": "way/1023925085"
    },
    {
      "type": "Feature",
      "properties": {
        "@id": "way/1023933308",
        "area": "yes",
        "comment": "Norman motte and bailey castle",
        "historic": "ruins",
        "loc_name": "Tump",
        "name": "Brinklow Castle",
        "ruins": "castle",
        "tourism": "viewpoint",
        "wikidata": "Q4968429",
        "wikipedia": "en:Brinklow Castle",
        "@geometry": "center"
      },
      "geometry": {
        "type": "Point",
        "coordinates": [
          -1.3563721,
          52.4125514
        ]
      },
      "id": "way/1023933308"
    },
    {
      "type": "Feature",
      "properties": {
        "@id": "way/1031856782",
        "historic": "ruins",
        "name": "Huntington Castle",
        "name:cy": "Castell Maen",
        "ruins": "castle",
        "@geometry": "center"
      },
      "geometry": {
        "type": "Point",
        "coordinates": [
          -3.0997493,
          52.1779153
        ]
      },
      "id": "way/1031856782"
    },
    {
      "type": "Feature",
      "properties": {
        "@id": "way/1032545403",
        "area": "yes",
        "heritage": "yes",
        "historic": "castle",
        "name": "Cadzow Castle (ruin)",
        "operator": "Historic Scotland",
        "ruins": "yes",
        "source": "survey",
        "wheelchair": "limited",
        "wikidata": "Q17850103",
        "wikipedia": "en:Cadzow Castle",
        "@geometry": "center"
      },
      "geometry": {
        "type": "Point",
        "coordinates": [
          -4.0183183,
          55.7605914
        ]
      },
      "id": "way/1032545403"
    },
    {
      "type": "Feature",
      "properties": {
        "@id": "way/1034948367",
        "access": "private",
        "addr:city": "Newport",
        "addr:housename": "The Mynde",
        "addr:postcode": "NP18 1AJ",
        "addr:street": "Castle Lane",
        "area": "yes",
        "building:levels": "2",
        "castle_type": "defensive",
        "description": "Six properties which previously served as a fortified estate, built by a local industrialist during the Chartist Risings to protect against his workers. Consists of a large expanse of elevated grass land and a 5-6m tall stone wall.",
        "historic": "castle",
        "historic:civilization": "modern",
        "name": "The Mynde",
        "wikidata": "Q65079839",
        "wikipedia": "en:The Mynde (Caerleon)",
        "@geometry": "center"
      },
      "geometry": {
        "type": "Point",
        "coordinates": [
          -2.9515295,
          51.6098039
        ]
      },
      "id": "way/1034948367"
    },
    {
      "type": "Feature",
      "properties": {
        "@id": "way/1036784509",
        "area": "yes",
        "historic": "castle",
        "name": "Caister Castle",
        "wikidata": "Q5017844",
        "@geometry": "center"
      },
      "geometry": {
        "type": "Point",
        "coordinates": [
          1.7015882,
          52.6504128
        ]
      },
      "id": "way/1036784509"
    },
    {
      "type": "Feature",
      "properties": {
        "@id": "way/1041694229",
        "building": "yes",
        "historic": "castle",
        "listed_status": "Category A",
        "name": "Castlecary Castle",
        "wikidata": "Q5050023",
        "wikipedia": "en:Castle Cary Castle",
        "@geometry": "center"
      },
      "geometry": {
        "type": "Point",
        "coordinates": [
          -3.9459273,
          55.9753556
        ]
      },
      "id": "way/1041694229"
    },
    {
      "type": "Feature",
      "properties": {
        "@id": "way/1041697655",
        "addr:postcode": "PA19 1AH",
        "alt_name": "Levan Castle",
        "building": "yes",
        "historic": "castle",
        "listed_status": "Category B",
        "name": "Castle Levan",
        "ref:GB:uprn": "119019112",
        "wikidata": "Q5050179",
        "wikipedia": "en:Castle Levan",
        "@geometry": "center"
      },
      "geometry": {
        "type": "Point",
        "coordinates": [
          -4.8587208,
          55.9471002
        ]
      },
      "id": "way/1041697655"
    },
    {
      "type": "Feature",
      "properties": {
        "@id": "way/1041726308",
        "castle_type": "defensive",
        "heritage": "2",
        "heritage:operator": "Historic England",
        "historic": "castle",
        "listed_status": "Grade I",
        "name": "Clifford Castle",
        "name:cy": "Castell Clifford",
        "ruins": "yes",
        "wikidata": "Q5132895",
        "wikipedia": "en:Clifford Castle",
        "@geometry": "center"
      },
      "geometry": {
        "type": "Point",
        "coordinates": [
          -3.1056909,
          52.1044328
        ]
      },
      "id": "way/1041726308"
    },
    {
      "type": "Feature",
      "properties": {
        "@id": "way/1041730893",
        "area": "yes",
        "historic": "castle",
        "name": "Codnor Castle",
        "ruins": "yes",
        "source": "Survey",
        "wikidata": "Q1988622",
        "wikipedia": "en:Codnor Castle",
        "@geometry": "center"
      },
      "geometry": {
        "type": "Point",
        "coordinates": [
          -1.3552879,
          53.0454774
        ]
      },
      "id": "way/1041730893"
    },
    {
      "type": "Feature",
      "properties": {
        "@id": "way/1044261098",
        "area": "yes",
        "historic": "ruins",
        "name": "Craigend Castle",
        "ruins": "castle",
        "wikidata": "Q5181662",
        "@geometry": "center"
      },
      "geometry": {
        "type": "Point",
        "coordinates": [
          -4.3334717,
          55.9701708
        ]
      },
      "id": "way/1044261098"
    },
    {
      "type": "Feature",
      "properties": {
        "@id": "way/1044261964",
        "area": "yes",
        "fee": "yes",
        "historic": "castle",
        "is_in": "South Lanarkshire Scotland",
        "name": "Craignethan Castle",
        "operator": "Historic Environment Scotland",
        "ruins": "yes",
        "source": "survey",
        "website": "https://www.historicenvironment.scot/visit-a-place/places/craignethan-castle/",
        "wikidata": "Q1092053",
        "wikipedia": "en:Craignethan Castle",
        "@geometry": "center"
      },
      "geometry": {
        "type": "Point",
        "coordinates": [
          -3.886241,
          55.6960965
        ]
      },
      "id": "way/1044261964"
    },
    {
      "type": "Feature",
      "properties": {
        "@id": "way/1050243834",
        "access": "permissive",
        "addr:city": "Haverfordwest",
        "castle_type": "fortress",
        "email": "enquiries.df@field-studies-council.org",
        "historic": "castle",
        "name": "Dale Fort",
        "website": "https://www.field-studies-council.org/locations/dalefort/",
        "wikidata": "Q29496579",
        "@geometry": "center"
      },
      "geometry": {
        "type": "Point",
        "coordinates": [
          -5.1511401,
          51.7027896
        ]
      },
      "id": "way/1050243834"
    },
    {
      "type": "Feature",
      "properties": {
        "@id": "way/1054348853",
        "building": "yes",
        "historic": "castle",
        "name": "Tiverton Castle",
        "wikidata": "Q7810399",
        "wikipedia": "en:Tiverton Castle",
        "@geometry": "center"
      },
      "geometry": {
        "type": "Point",
        "coordinates": [
          -3.4882017,
          50.9062632
        ]
      },
      "id": "way/1054348853"
    },
    {
      "type": "Feature",
      "properties": {
        "@id": "way/1056190090",
        "access": "yes",
        "area": "yes",
        "historic": "ruins",
        "name": "Dinas Emrys",
        "ruins": "castle",
        "source": "NPE",
        "wikidata": "Q354820",
        "wikipedia": "en:Dinas Emrys",
        "@geometry": "center"
      },
      "geometry": {
        "type": "Point",
        "coordinates": [
          -4.0791792,
          53.0223138
        ]
      },
      "id": "way/1056190090"
    },
    {
      "type": "Feature",
      "properties": {
        "@id": "way/1056191942",
        "area": "yes",
        "historic": "ruins",
        "name": "Dinas Powys Castle",
        "name:cy": "Castell Dinas Powys",
        "ruins": "castle",
        "@geometry": "center"
      },
      "geometry": {
        "type": "Point",
        "coordinates": [
          -3.2203152,
          51.4373751
        ]
      },
      "id": "way/1056191942"
    },
    {
      "type": "Feature",
      "properties": {
        "@id": "way/1058284795",
        "access": "unknown",
        "area": "yes",
        "historic": "ruins",
        "name": "Elmley Castle Hill Fort",
        "ruins": "castle",
        "@geometry": "center"
      },
      "geometry": {
        "type": "Point",
        "coordinates": [
          -2.0324681,
          52.060553
        ]
      },
      "id": "way/1058284795"
    },
    {
      "type": "Feature",
      "properties": {
        "@id": "way/1058301964",
        "area": "yes",
        "historic": "ruins",
        "name": "Eynsford Castle",
        "ruins": "castle",
        "website": "https://www.english-heritage.org.uk/visit/places/eynsford-castle",
        "wikidata": "Q1385848",
        "wikipedia": "en:Eynsford Castle",
        "@geometry": "center"
      },
      "geometry": {
        "type": "Point",
        "coordinates": [
          0.2134001,
          51.3705424
        ]
      },
      "id": "way/1058301964"
    },
    {
      "type": "Feature",
      "properties": {
        "@id": "way/1059641050",
        "historic": "castle",
        "name": "Farnham Castle",
        "@geometry": "center"
      },
      "geometry": {
        "type": "Point",
        "coordinates": [
          -0.8021353,
          51.2187895
        ]
      },
      "id": "way/1059641050"
    },
    {
      "type": "Feature",
      "properties": {
        "@id": "way/1059644040",
        "access": "private",
        "area": "yes",
        "historic": "castle",
        "name": "Flamborough Castle",
        "note": "approximate",
        "ruins": "yes",
        "source": "extrapolation",
        "wikidata": "Q26364996",
        "@geometry": "center"
      },
      "geometry": {
        "type": "Point",
        "coordinates": [
          -0.1262382,
          54.1142811
        ]
      },
      "id": "way/1059644040"
    },
    {
      "type": "Feature",
      "properties": {
        "@id": "way/1059645068",
        "alt_name_1": "Castle Of Fordyce",
        "alt_name_2": "Fordyce Tower",
        "building": "yes",
        "historic": "castle",
        "name": "Fordyce Castle",
        "wikidata": "Q16837347",
        "wikipedia": "en:Fordyce Castle",
        "@geometry": "center"
      },
      "geometry": {
        "type": "Point",
        "coordinates": [
          -2.746168,
          57.6618876
        ]
      },
      "id": "way/1059645068"
    },
    {
      "type": "Feature",
      "properties": {
        "@id": "way/1060557837",
        "HE_ref": "1374431",
        "addr:city": "Burton-on-Trent",
        "addr:postcode": "DE13 9JF",
        "addr:street": "Castle Street",
        "addr:village": "Tutbury",
        "castle_type": "fortress",
        "historic": "castle",
        "listed_status": "Grade I",
        "name": "Tutbury Castle",
        "ruins": "yes",
        "wikidata": "Q7856912",
        "@geometry": "center"
      },
      "geometry": {
        "type": "Point",
        "coordinates": [
          -1.6904736,
          52.8597897
        ]
      },
      "id": "way/1060557837"
    },
    {
      "type": "Feature",
      "properties": {
        "@id": "way/1062308530",
        "building": "yes",
        "historic": "castle",
        "name": "Gilnockie Tower",
        "wikidata": "Q2627274",
        "wikipedia": "en:Gilnockie Tower",
        "@geometry": "center"
      },
      "geometry": {
        "type": "Point",
        "coordinates": [
          -2.9696264,
          55.097797
        ]
      },
      "id": "way/1062308530"
    },
    {
      "type": "Feature",
      "properties": {
        "@id": "way/1062309782",
        "HE_ref": "1312114",
        "area": "yes",
        "historic": "castle",
        "name": "Gleaston Castle",
        "note": "See also for further info; https://www.recordingmorecambebay.org.uk/wp-content/uploads/2018/04/H2H_0197.pdf",
        "wikidata": "Q5567411",
        "wikipedia": "en:Gleaston Castle",
        "@geometry": "center"
      },
      "geometry": {
        "type": "Point",
        "coordinates": [
          -3.1316172,
          54.1335929
        ]
      },
      "id": "way/1062309782"
    },
    {
      "type": "Feature",
      "properties": {
        "@id": "way/1062386065",
        "addr:city": "Glasgow",
        "addr:postcode": "G41 4RB",
        "building": "yes",
        "historic": "castle",
        "name": "Haggs Castle",
        "ref:GB:uprn": "906700217631",
        "wikidata": "Q5638720",
        "wikipedia": "en:Haggs Castle",
        "@geometry": "center"
      },
      "geometry": {
        "type": "Point",
        "coordinates": [
          -4.2958931,
          55.8363883
        ]
      },
      "id": "way/1062386065"
    },
    {
      "type": "Feature",
      "properties": {
        "@id": "way/1062393734",
        "area": "yes",
        "castle_type": "defensive",
        "historic": "castle",
        "name": "Hemyock Castle",
        "wikidata": "Q15223566",
        "wikipedia": "en:Hemyock Castle",
        "@geometry": "center"
      },
      "geometry": {
        "type": "Point",
        "coordinates": [
          -3.2315136,
          50.9125751
        ]
      },
      "id": "way/1062393734"
    },
    {
      "type": "Feature",
      "properties": {
        "@id": "way/1063265659",
        "building": "yes",
        "castle_type": "fortress",
        "historic": "castle",
        "historic:civilization": "middle-ages",
        "historic:period": "viking",
        "man_made": "mound",
        "name": "Frostenden Mound",
        "note": "Mound, date uncertain, probably Norman, possibly Viking.\nPurpose uncertain, probably fort, unlikely to be ship burial.\nGenerally referred to as being in Frostenden, and associated with the sea port listed by Domesday as being there, in the boundaries of m",
        "ruins": "yes",
        "@geometry": "center"
      },
      "geometry": {
        "type": "Point",
        "coordinates": [
          1.6606116,
          52.364392
        ]
      },
      "id": "way/1063265659"
    },
    {
      "type": "Feature",
      "properties": {
        "@id": "way/1064532886",
        "area": "yes",
        "castle_type": "castle",
        "historic": "castle",
        "historic:civilization": "medieval",
        "name": "Holt Castle Ruins",
        "name:cy": "Adfeilion Castell Holt",
        "name:en": "Holt Castle Ruins",
        "wikidata": "Q5884534",
        "wikipedia": "en:Holt Castle",
        "@geometry": "center"
      },
      "geometry": {
        "type": "Point",
        "coordinates": [
          -2.8802115,
          53.0779099
        ]
      },
      "id": "way/1064532886"
    },
    {
      "type": "Feature",
      "properties": {
        "@id": "way/1064806689",
        "access": "permissive",
        "building": "yes",
        "castle_type": "fortress",
        "historic": "castle",
        "layer": "1",
        "name": "Kingencleugh Castle",
        "ruins": "yes",
        "wikidata": "Q6412718",
        "wikipedia": "en:Kingencleugh Castle",
        "@geometry": "center"
      },
      "geometry": {
        "type": "Point",
        "coordinates": [
          -4.3708088,
          55.5017768
        ]
      },
      "id": "way/1064806689"
    },
    {
      "type": "Feature",
      "properties": {
        "@id": "way/1064813071",
        "area": "yes",
        "historic": "castle",
        "name": "Knepp Castle",
        "ruins": "yes",
        "wikidata": "Q6421967",
        "@geometry": "center"
      },
      "geometry": {
        "type": "Point",
        "coordinates": [
          -0.344495,
          50.9756646
        ]
      },
      "id": "way/1064813071"
    },
    {
      "type": "Feature",
      "properties": {
        "@id": "way/1065559054",
        "historic": "castle",
        "name": "Leicester Castle",
        "@geometry": "center"
      },
      "geometry": {
        "type": "Point",
        "coordinates": [
          -1.1401682,
          52.632365
        ]
      },
      "id": "way/1065559054"
    },
    {
      "type": "Feature",
      "properties": {
        "@id": "way/1065559840",
        "building": "yes",
        "historic": "castle",
        "name": "Leslie Castle",
        "wikidata": "Q6530697",
        "wikipedia": "en:Leslie Castle",
        "@geometry": "center"
      },
      "geometry": {
        "type": "Point",
        "coordinates": [
          -2.6662348,
          57.3123519
        ]
      },
      "id": "way/1065559840"
    },
    {
      "type": "Feature",
      "properties": {
        "@id": "way/1065567209",
        "addr:street": "Castle Hill",
        "alt_name": "St Quentins Castle;Llanblethian Castle",
        "area": "yes",
        "castle_type": "defensive",
        "historic": "castle",
        "listed_status": "Grade II",
        "name": "St Quintin's Castle",
        "name:cy": "Castell Llanfleiddan",
        "ruins": "yes",
        "wikidata": "Q7595410",
        "wikipedia": "en:St Quintins Castle",
        "@geometry": "center"
      },
      "geometry": {
        "type": "Point",
        "coordinates": [
          -3.4565176,
          51.4574572
        ]
      },
      "id": "way/1065567209"
    },
    {
      "type": "Feature",
      "properties": {
        "@id": "way/1065568309",
        "access": "yes",
        "historic": "ruins",
        "historic:civilization": "middle-ages",
        "name": "Llanvair Discoed Castle",
        "ruins": "castle",
        "@geometry": "center"
      },
      "geometry": {
        "type": "Point",
        "coordinates": [
          -2.8023554,
          51.6277959
        ]
      },
      "id": "way/1065568309"
    },
    {
      "type": "Feature",
      "properties": {
        "@id": "way/1065570025",
        "alt_name_1": "Tregrug Castle",
        "area": "yes",
        "historic": "castle",
        "name": "Llangibby Castle",
        "wikidata": "Q13127487",
        "wikipedia": "en:Tregrug Castle",
        "@geometry": "center"
      },
      "geometry": {
        "type": "Point",
        "coordinates": [
          -2.9207646,
          51.6717891
        ]
      },
      "id": "way/1065570025"
    },
    {
      "type": "Feature",
      "properties": {
        "@id": "way/1065570816",
        "building": "yes",
        "historic": "castle",
        "name": "Lochhouse Tower",
        "wikidata": "Q7548754",
        "wikipedia": "en:Lochhouse Tower",
        "@geometry": "center"
      },
      "geometry": {
        "type": "Point",
        "coordinates": [
          -3.4485611,
          55.3157231
        ]
      },
      "id": "way/1065570816"
    },
    {
      "type": "Feature",
      "properties": {
        "@id": "way/1065572700",
        "building": "yes",
        "heritage:operator": "Historic Environment Scotland",
        "heritage:website": "https://portal.historicenvironment.scot/designation/LB13498",
        "historic": "castle",
        "listed_status": "Category A",
        "name": "Lochnaw Castle",
        "ref:GB:hs": "LB13498",
        "ref:canmore": "60402",
        "wikidata": "Q17571022",
        "wikipedia": "en:Lochnaw Castle",
        "@geometry": "center"
      },
      "geometry": {
        "type": "Point",
        "coordinates": [
          -5.1357106,
          54.9196343
        ]
      },
      "id": "way/1065572700"
    },
    {
      "type": "Feature",
      "properties": {
        "@id": "way/1067926801",
        "building": "yes",
        "castle_type": "fortress",
        "historic": "castle",
        "name": "Bovisand",
        "@geometry": "center"
      },
      "geometry": {
        "type": "Point",
        "coordinates": [
          -4.1259762,
          50.3370397
        ]
      },
      "id": "way/1067926801"
    },
    {
      "type": "Feature",
      "properties": {
        "@id": "way/1069928464",
        "historic": "castle",
        "name": "Castle Cluggy",
        "note": "please verify location and castle name",
        "ruins": "yes",
        "wikidata": "Q17847695",
        "wikipedia": "en:Castle Cluggy",
        "@geometry": "center"
      },
      "geometry": {
        "type": "Point",
        "coordinates": [
          -3.8808875,
          56.3886023
        ]
      },
      "id": "way/1069928464"
    },
    {
      "type": "Feature",
      "properties": {
        "@id": "way/1070051682",
        "building": "yes",
        "historic": "castle",
        "name": "Pinwherry Castle",
        "@geometry": "center"
      },
      "geometry": {
        "type": "Point",
        "coordinates": [
          -4.8292957,
          55.1423836
        ]
      },
      "id": "way/1070051682"
    },
    {
      "type": "Feature",
      "properties": {
        "@id": "way/1075528617",
        "building": "yes",
        "historic": "castle",
        "name": "Maybole Castle",
        "@geometry": "center"
      },
      "geometry": {
        "type": "Point",
        "coordinates": [
          -4.6810892,
          55.3547726
        ]
      },
      "id": "way/1075528617"
    },
    {
      "type": "Feature",
      "properties": {
        "@id": "way/1075537615",
        "building": "yes",
        "castle_type": "stately",
        "historic": "castle",
        "name": "Moynes Court",
        "wikidata": "Q15260127",
        "wikipedia": "en:Moynes Court",
        "@geometry": "center"
      },
      "geometry": {
        "type": "Point",
        "coordinates": [
          -2.6949493,
          51.6151778
        ]
      },
      "id": "way/1075537615"
    },
    {
      "type": "Feature",
      "properties": {
        "@id": "way/1075831975",
        "access": "permissive",
        "area": "yes",
        "historic": "castle",
        "historic:civilization": "medieval",
        "name": "Stowey Castle",
        "ruins": "yes",
        "wikidata": "Q7620710",
        "wikipedia": "en:Stowey Castle",
        "@geometry": "center"
      },
      "geometry": {
        "type": "Point",
        "coordinates": [
          -3.1636876,
          51.1495532
        ]
      },
      "id": "way/1075831975"
    },
    {
      "type": "Feature",
      "properties": {
        "@id": "way/1075838226",
        "bunker_type": "gun_emplacement",
        "castle_type": "fortress",
        "historic": "castle",
        "name": "New Tavern Fort",
        "wikidata": "Q7012049",
        "wikipedia": "en:New Tavern Fort",
        "@geometry": "center"
      },
      "geometry": {
        "type": "Point",
        "coordinates": [
          0.3770648,
          51.4432545
        ]
      },
      "id": "way/1075838226"
    },
    {
      "type": "Feature",
      "properties": {
        "@id": "way/1075844001",
        "building": "yes",
        "historic": "castle",
        "name": "Newport Castle",
        "wikidata": "Q15262178",
        "wikipedia": "en:Newport Castle, Pembrokeshire",
        "@geometry": "center"
      },
      "geometry": {
        "type": "Point",
        "coordinates": [
          -4.832512,
          52.0143365
        ]
      },
      "id": "way/1075844001"
    },
    {
      "type": "Feature",
      "properties": {
        "@id": "way/1076395293",
        "area": "yes",
        "heritage": "2",
        "heritage:operator": "Cadw",
        "historic": "castle",
        "name": "Castell Oxwich",
        "name:cy": "Castell Oxwich",
        "name:en": "Castell Oxwich",
        "wikidata": "Q3403319",
        "wikipedia": "en:Oxwich Castle",
        "@geometry": "center"
      },
      "geometry": {
        "type": "Point",
        "coordinates": [
          -4.1682949,
          51.5554799
        ]
      },
      "id": "way/1076395293"
    },
    {
      "type": "Feature",
      "properties": {
        "@id": "way/1077040086",
        "historic": "castle",
        "name": "Pencoed Castle",
        "wikidata": "Q15265864",
        "wikipedia": "en:Pencoed Castle",
        "@geometry": "center"
      },
      "geometry": {
        "type": "Point",
        "coordinates": [
          -2.8588062,
          51.6003678
        ]
      },
      "id": "way/1077040086"
    },
    {
      "type": "Feature",
      "properties": {
        "@id": "way/1077041463",
        "building": "yes",
        "historic": "castle",
        "name": "Penkill Castle",
        "wikidata": "Q7163069",
        "wikipedia": "en:Penkill Castle",
        "@geometry": "center"
      },
      "geometry": {
        "type": "Point",
        "coordinates": [
          -4.7836746,
          55.249205
        ]
      },
      "id": "way/1077041463"
    },
    {
      "type": "Feature",
      "properties": {
        "@id": "way/1078046019",
        "area": "yes",
        "historic": "castle",
        "name": "Reigate Castle",
        "toilets:wheelchair": "no",
        "wheelchair": "yes",
        "wheelchair:description": "Step-free access from north (London Road), and to upper level from Town Hall car park. Steps from south (High Street). Some paths in grounds steep or narrow.",
        "wikidata": "Q7310075",
        "wikipedia": "en:Reigate Castle",
        "@geometry": "center"
      },
      "geometry": {
        "type": "Point",
        "coordinates": [
          -0.2074698,
          51.2390144
        ]
      },
      "id": "way/1078046019"
    },
    {
      "type": "Feature",
      "properties": {
        "@id": "way/1078266007",
        "addr:postcode": "SA62 6AQ",
        "building": "yes",
        "fhrs:id": "857534",
        "historic": "castle",
        "name": "Roch Castle",
        "source:addr:postcode": "FHRS Open Data",
        "wikidata": "Q7353760",
        "@geometry": "center"
      },
      "geometry": {
        "type": "Point",
        "coordinates": [
          -5.0790208,
          51.8491713
        ]
      },
      "id": "way/1078266007"
    },
    {
      "type": "Feature",
      "properties": {
        "@id": "way/1078267110",
        "disused": "yes",
        "heritage:operator": "Historic Environment Scotland",
        "heritage:website": "https://portal.historicenvironment.scot/designation/SM12970",
        "historic": "castle",
        "name": "Rothesay Castle",
        "operator": "Historic Scotland",
        "ref:GB:hs": "SM12970",
        "wikidata": "Q866902",
        "wikipedia": "en:Rothesay Castle",
        "@geometry": "center"
      },
      "geometry": {
        "type": "Point",
        "coordinates": [
          -5.0551442,
          55.8364833
        ]
      },
      "id": "way/1078267110"
    },
    {
      "type": "Feature",
      "properties": {
        "@id": "way/1078276900",
        "alt_name": "Salcombe Castle",
        "area": "yes",
        "historic": "castle",
        "name": "Fort Charles",
        "note": "Confirmed to still exist: I sailed past this, in person, yesterday.",
        "ruins": "yes",
        "source:location": "npe",
        "source:name": "npe",
        "wikidata": "Q7403768",
        "wikipedia": "en:Salcombe Castle",
        "@geometry": "center"
      },
      "geometry": {
        "type": "Point",
        "coordinates": [
          -3.7767122,
          50.228897
        ]
      },
      "id": "way/1078276900"
    },
    {
      "type": "Feature",
      "properties": {
        "@id": "way/1078323338",
        "castle_type": "manor",
        "historic": "castle",
        "name": "Dalemain",
        "tourism": "attraction",
        "website": "https://www.dalemain.com/",
        "wikidata": "Q15978966",
        "wikipedia": "en:Dalemain",
        "@geometry": "center"
      },
      "geometry": {
        "type": "Point",
        "coordinates": [
          -2.8126512,
          54.6345529
        ]
      },
      "id": "way/1078323338"
    },
    {
      "type": "Feature",
      "properties": {
        "@id": "way/1080795983",
        "building": "yes",
        "castle_type": "defensive",
        "historic": "castle",
        "name": "Dartmouth Castle",
        "@geometry": "center"
      },
      "geometry": {
        "type": "Point",
        "coordinates": [
          -3.5659538,
          50.3422701
        ]
      },
      "id": "way/1080795983"
    },
    {
      "type": "Feature",
      "properties": {
        "@id": "way/1082792755",
        "building": "house",
        "castle_type": "manor",
        "historic": "castle",
        "name": "Compton Park House",
        "@geometry": "center"
      },
      "geometry": {
        "type": "Point",
        "coordinates": [
          -1.9594737,
          51.0704628
        ]
      },
      "id": "way/1082792755"
    },
    {
      "type": "Feature",
      "properties": {
        "@id": "way/1093259587",
        "area": "yes",
        "fee": "yes",
        "historic": "castle",
        "name": "Cardiff Castle",
        "name:br": "Kastell Kerdiz",
        "name:cy": "Castell Caerdydd",
        "opening_hours": "Mar-Oct Mo-Fr 10:00-18:00, Sa-Su 09:00-18:00; Nov-Feb Mo-Fr 10:00-17:00, Sa-Su 09:00-17:00",
        "opening_hours:url": "https://www.cardiffcastle.com/times-prices/",
        "tourism": "attraction",
        "wikidata": "Q1035742",
        "@geometry": "center"
      },
      "geometry": {
        "type": "Point",
        "coordinates": [
          -3.1811666,
          51.4823735
        ]
      },
      "id": "way/1093259587"
    },
    {
      "type": "Feature",
      "properties": {
        "@id": "way/1106251519",
        "building": "yes",
        "castle_type": "towerhouse",
        "designation": "Monument in State Care",
        "historic": "castle",
        "historic:civilization": "middle-ages",
        "name": "Strangford Castle",
        "ref:nismr": "DOW 032:001",
        "website": "https://www.communities-ni.gov.uk/heritage-sites/strangford-castle",
        "@geometry": "center"
      },
      "geometry": {
        "type": "Point",
        "coordinates": [
          -5.5561545,
          54.3720404
        ]
      },
      "id": "way/1106251519"
    },
    {
      "type": "Feature",
      "properties": {
        "@id": "way/1107545739",
        "alt_name": "Pipe Aston Tump",
        "historic": "ruins",
        "name": "Aston Tump",
        "note": "no evidence of stone ruins, just a clear mound",
        "ruins": "castle",
        "wikidata": "Q17640868",
        "@geometry": "center"
      },
      "geometry": {
        "type": "Point",
        "coordinates": [
          -2.791273,
          52.3425432
        ]
      },
      "id": "way/1107545739"
    },
    {
      "type": "Feature",
      "properties": {
        "@id": "way/1113371718",
        "access": "customers",
        "building": "yes",
        "castle_type": "manor",
        "historic": "castle",
        "historic:civilization": "medieval",
        "listed_status": "Grade I",
        "name": "The Gatehouse",
        "@geometry": "center"
      },
      "geometry": {
        "type": "Point",
        "coordinates": [
          -3.5121724,
          50.8509205
        ]
      },
      "id": "way/1113371718"
    },
    {
      "type": "Feature",
      "properties": {
        "@id": "way/1115705017",
        "access": "yes",
        "addr:city": "Brigg",
        "addr:postcode": "DN20 0RA",
        "building": "yes",
        "castle_type": "stately",
        "historic": "castle",
        "name": "Elsham Hall",
        "ref:GB:uprn": "200000895336",
        "@geometry": "center"
      },
      "geometry": {
        "type": "Point",
        "coordinates": [
          -0.443592,
          53.5945828
        ]
      },
      "id": "way/1115705017"
    },
    {
      "type": "Feature",
      "properties": {
        "@id": "way/1117227021",
        "castle_type": "manor",
        "historic": "castle",
        "name": "Dunsland House",
        "ruins": "yes",
        "@geometry": "center"
      },
      "geometry": {
        "type": "Point",
        "coordinates": [
          -4.2600304,
          50.8238563
        ]
      },
      "id": "way/1117227021"
    },
    {
      "type": "Feature",
      "properties": {
        "@id": "way/1126085443",
        "castle_type": "defensive",
        "historic": "castle",
        "historic:civilization": "medieval",
        "name": "Boghall Castle",
        "ruins": "yes",
        "wikidata": "Q17845338",
        "wikipedia": "en:Boghall Castle",
        "@geometry": "center"
      },
      "geometry": {
        "type": "Point",
        "coordinates": [
          -3.5250135,
          55.6169937
        ]
      },
      "id": "way/1126085443"
    },
    {
      "type": "Feature",
      "properties": {
        "@id": "way/1130936455",
        "access": "permissive",
        "building": "castle",
        "castle_type": "castle",
        "historic": "castle",
        "name": "Llantrisant Castle",
        "wikidata": "Q21037221",
        "wikipedia": "en:Llantrisant Castle",
        "@geometry": "center"
      },
      "geometry": {
        "type": "Point",
        "coordinates": [
          -3.3747689,
          51.5416379
        ]
      },
      "id": "way/1130936455"
    },
    {
      "type": "Feature",
      "properties": {
        "@id": "way/1147957077",
        "building": "yes",
        "historic": "castle",
        "name": "Crumbles Castle",
        "playground": "climbingframe",
        "@geometry": "center"
      },
      "geometry": {
        "type": "Point",
        "coordinates": [
          -0.1203039,
          51.5393184
        ]
      },
      "id": "way/1147957077"
    },
    {
      "type": "Feature",
      "properties": {
        "@id": "way/1157923873",
        "building": "yes",
        "historic": "castle",
        "name": "Ruins of Auchinleck Castle",
        "@geometry": "center"
      },
      "geometry": {
        "type": "Point",
        "coordinates": [
          -4.3760156,
          55.4797256
        ]
      },
      "id": "way/1157923873"
    },
    {
      "type": "Feature",
      "properties": {
        "@id": "way/1163964686",
        "building": "yes",
        "historic": "castle",
        "name": "Quintin Castle",
        "@geometry": "center"
      },
      "geometry": {
        "type": "Point",
        "coordinates": [
          -5.4894188,
          54.3771416
        ]
      },
      "id": "way/1163964686"
    },
    {
      "type": "Feature",
      "properties": {
        "@id": "way/1165642647",
        "barrier": "wall",
        "historic": "castle",
        "name": "Innerpeffray Castle",
        "@geometry": "center"
      },
      "geometry": {
        "type": "Point",
        "coordinates": [
          -3.7732829,
          56.3404249
        ]
      },
      "id": "way/1165642647"
    },
    {
      "type": "Feature",
      "properties": {
        "@id": "way/1165642648",
        "barrier": "wall",
        "historic": "castle",
        "name": "Innerpeffray Castle",
        "@geometry": "center"
      },
      "geometry": {
        "type": "Point",
        "coordinates": [
          -3.7732326,
          56.340441
        ]
      },
      "id": "way/1165642648"
    },
    {
      "type": "Feature",
      "properties": {
        "@id": "way/1172191314",
        "building": "yes",
        "castle_type": "stately",
        "historic": "castle",
        "name": "Sockburn Hall",
        "wikidata": "Q7552991",
        "wikipedia": "en:Sockburn Hall",
        "@geometry": "center"
      },
      "geometry": {
        "type": "Point",
        "coordinates": [
          -1.4621432,
          54.4589355
        ]
      },
      "id": "way/1172191314"
    },
    {
      "type": "Feature",
      "properties": {
        "@id": "way/1175634353",
        "addr:city": "Newport",
        "addr:postcode": "NP10 8GG",
        "building": "ruins",
        "historic": "ruins",
        "name:cy": "Castell Rhiw’r-perrai",
        "name:en": "Ruperra Castle",
        "ruins": "castle",
        "wikidata": "Q2970467",
        "wikipedia": "en:Ruperra Castle",
        "@geometry": "center"
      },
      "geometry": {
        "type": "Point",
        "coordinates": [
          -3.1271549,
          51.5702875
        ]
      },
      "id": "way/1175634353"
    },
    {
      "type": "Feature",
      "properties": {
        "@id": "way/1175929460",
        "building": "yes",
        "historic": "castle",
        "name": "Tower House",
        "@geometry": "center"
      },
      "geometry": {
        "type": "Point",
        "coordinates": [
          -5.0884598,
          51.6850558
        ]
      },
      "id": "way/1175929460"
    },
    {
      "type": "Feature",
      "properties": {
        "@id": "way/1176889494",
        "access": "private",
        "building": "manor",
        "castle_type": "manor",
        "historic": "castle",
        "name": "Carrowdore Castle",
        "@geometry": "center"
      },
      "geometry": {
        "type": "Point",
        "coordinates": [
          -5.5432923,
          54.5807629
        ]
      },
      "id": "way/1176889494"
    },
    {
      "type": "Feature",
      "properties": {
        "@id": "way/1193634319",
        "alt_name": "Castle of Inverallochy",
        "building": "castle",
        "heritage:operator": "Historic Environment Scotland",
        "heritage:website": "https://portal.historicenvironment.scot/designation/SM97",
        "historic": "castle",
        "name": "Inverallochy Castle",
        "ref:GB:hs": "SM97",
        "ref:canmore": "21143",
        "ruins": "yes",
        "start_date": "1504",
        "wikidata": "Q6059992",
        "wikipedia": "en:Inverallochy Castle",
        "@geometry": "center"
      },
      "geometry": {
        "type": "Point",
        "coordinates": [
          -1.9330855,
          57.6564021
        ]
      },
      "id": "way/1193634319"
    },
    {
      "type": "Feature",
      "properties": {
        "@id": "way/1197488230",
        "historic": "ruins",
        "historic:civilization": "medieval",
        "name": "Corsewall Castle",
        "ruins": "castle",
        "source": "https://www.corsewallcastlefarmlodges.co.uk/history/",
        "start_date": "15C",
        "@geometry": "center"
      },
      "geometry": {
        "type": "Point",
        "coordinates": [
          -5.1418476,
          54.996977
        ]
      },
      "id": "way/1197488230"
    },
    {
      "type": "Feature",
      "properties": {
        "@id": "way/1217392263",
        "building": "ruins",
        "name": "Corsehill Castle",
        "ruins": "castle",
        "ruins:building": "yes",
        "wikidata": "Q17793426",
        "wikipedia": "en:Barony_and_Castle_of_Corsehill",
        "@geometry": "center"
      },
      "geometry": {
        "type": "Point",
        "coordinates": [
          -4.5192816,
          55.6867675
        ]
      },
      "id": "way/1217392263"
    },
    {
      "type": "Feature",
      "properties": {
        "@id": "way/1217990144",
        "access": "yes",
        "building": "house",
        "castle_type": "towerhouse",
        "designation": "Monument in State Care",
        "historic": "castle",
        "historic:civilization": "middle-ages",
        "name": "Kilclief Castle",
        "ref:nismr": "DOW 039:002",
        "start_date": "1441",
        "website": "https://www.communities-ni.gov.uk/heritage-sites/kilclief-castle",
        "wikidata": "Q3312062",
        "wikipedia": "en:Kilclief Castle",
        "@geometry": "center"
      },
      "geometry": {
        "type": "Point",
        "coordinates": [
          -5.5451796,
          54.3355042
        ]
      },
      "id": "way/1217990144"
    },
    {
      "type": "Feature",
      "properties": {
        "@id": "way/1218994668",
        "alt_name": "Palace of Boyne",
        "building": "ruins",
        "historic": "castle",
        "name": "Boyne Castle",
        "ref:GB:hs": "SM354",
        "ref:canmore": "18436",
        "wikidata": "Q17775907",
        "wikipedia": "en:Boyne Castle",
        "@geometry": "center"
      },
      "geometry": {
        "type": "Point",
        "coordinates": [
          -2.653064,
          57.6791046
        ]
      },
      "id": "way/1218994668"
    },
    {
      "type": "Feature",
      "properties": {
        "@id": "way/1220370955",
        "heritage": "2",
        "heritage:operator": "Historic Environment Scotland",
        "historic": "ruins",
        "name": "Inchgalbraith Castle",
        "ref:GB:hs": "LB43970",
        "ruins": "castle",
        "@geometry": "center"
      },
      "geometry": {
        "type": "Point",
        "coordinates": [
          -4.6220247,
          56.0778038
        ]
      },
      "id": "way/1220370955"
    },
    {
      "type": "Feature",
      "properties": {
        "@id": "way/1220558943",
        "alt_name": "Ruardyn Castle",
        "area": "yes",
        "historic": "ruins",
        "name": "Ruardean Castle",
        "ref:GB:nhle": "1002098",
        "ruins": "castle",
        "wikidata": "Q7375730",
        "wikipedia": "en:Ruardyn Castle",
        "@geometry": "center"
      },
      "geometry": {
        "type": "Point",
        "coordinates": [
          -2.5533572,
          51.8577224
        ]
      },
      "id": "way/1220558943"
    },
    {
      "type": "Feature",
      "properties": {
        "@id": "way/1221451048",
        "castle_type": "fortress",
        "historic": "castle",
        "listed_status": "Grade II",
        "name": "Redoubt Fortress",
        "ref:GB:nhle": "1043662",
        "wikidata": "Q3422926",
        "wikipedia": "en:Eastbourne Redoubt",
        "@geometry": "center"
      },
      "geometry": {
        "type": "Point",
        "coordinates": [
          0.3004842,
          50.7740029
        ]
      },
      "id": "way/1221451048"
    },
    {
      "type": "Feature",
      "properties": {
        "@id": "way/1222825089",
        "alt_name": "Conzie Castle",
        "building": "ruins",
        "historic": "castle",
        "name": "Bognie Castle",
        "ref:canmore": "17801",
        "wikidata": "Q4937671",
        "wikipedia": "en:Bognie Castle",
        "@geometry": "center"
      },
      "geometry": {
        "type": "Point",
        "coordinates": [
          -2.6773045,
          57.493421
        ]
      },
      "id": "way/1222825089"
    },
    {
      "type": "Feature",
      "properties": {
        "@id": "way/1224555934",
        "building": "yes",
        "historic": "castle",
        "name": "Corse Castle",
        "@geometry": "center"
      },
      "geometry": {
        "type": "Point",
        "coordinates": [
          -2.7477152,
          57.1551835
        ]
      },
      "id": "way/1224555934"
    },
    {
      "type": "Feature",
      "properties": {
        "@id": "way/1227214900",
        "HE_ref": "1067550",
        "building": "yes",
        "castle_type": "stately",
        "historic": "castle",
        "listed_status": "Grade II*",
        "name": "Hamsterley Hall",
        "wikidata": "Q5646430",
        "wikipedia": "en:Hamsterley Hall",
        "@geometry": "center"
      },
      "geometry": {
        "type": "Point",
        "coordinates": [
          -1.7792176,
          54.8952329
        ]
      },
      "id": "way/1227214900"
    },
    {
      "type": "Feature",
      "properties": {
        "@id": "way/1228725831",
        "building": "yes",
        "historic": "castle",
        "@geometry": "center"
      },
      "geometry": {
        "type": "Point",
        "coordinates": [
          -6.9211561,
          54.9247749
        ]
      },
      "id": "way/1228725831"
    },
    {
      "type": "Feature",
      "properties": {
        "@id": "way/1231920543",
        "building": "yes",
        "castle_type": "manor",
        "historic": "castle",
        "name": "Frendraught Castle",
        "wikidata": "Q17570822",
        "wikimedia_commons": "Category:Frendraught House",
        "wikipedia": "en:Frendraught Castle",
        "@geometry": "center"
      },
      "geometry": {
        "type": "Point",
        "coordinates": [
          -2.6338345,
          57.4656683
        ]
      },
      "id": "way/1231920543"
    },
    {
      "type": "Feature",
      "properties": {
        "@id": "way/1236562791",
        "building": "ruins",
        "historic": "castle",
        "name": "Castle of Balquhain",
        "wikidata": "Q805507",
        "@geometry": "center"
      },
      "geometry": {
        "type": "Point",
        "coordinates": [
          -2.4470504,
          57.3021737
        ]
      },
      "id": "way/1236562791"
    },
    {
      "type": "Feature",
      "properties": {
        "@id": "way/1236633024",
        "alt_name": "Torries Castle",
        "building": "yes",
        "historic": "castle",
        "name": "Harthill Castle",
        "ref:canmore": "18105",
        "wikidata": "Q17571145",
        "wikipedia": "en:Harthill Castle",
        "@geometry": "center"
      },
      "geometry": {
        "type": "Point",
        "coordinates": [
          -2.522024,
          57.3160906
        ]
      },
      "id": "way/1236633024"
    },
    {
      "type": "Feature",
      "properties": {
        "@id": "way/1243730502",
        "building": "yes",
        "heritage:operator": "Historic Environment Scotland",
        "heritage:website": "https://portal.historicenvironment.scot/designation/LB2830",
        "historic": "castle",
        "listed_status": "Category A",
        "name": "Pitcaple Castle",
        "ref:GB:hs": "LB2830",
        "wikidata": "Q17571136",
        "@geometry": "center"
      },
      "geometry": {
        "type": "Point",
        "coordinates": [
          -2.4546254,
          57.3243718
        ]
      },
      "id": "way/1243730502"
    },
    {
      "type": "Feature",
      "properties": {
        "@id": "way/1243851099",
        "building": "yes",
        "historic": "castle",
        "name": "Ardmaddy Castle",
        "wikidata": "Q17779482",
        "wikimedia_commons": "Category:Ardmaddy Castle",
        "@geometry": "center"
      },
      "geometry": {
        "type": "Point",
        "coordinates": [
          -5.5791011,
          56.2885582
        ]
      },
      "id": "way/1243851099"
    },
    {
      "type": "Feature",
      "properties": {
        "@id": "node/1259907402",
        "castle_type": "manor",
        "historic": "castle",
        "listed_status": "Grade II",
        "name": "Mettingham Castle",
        "ref:GB:nhle": "1006055",
        "wikidata": "Q6825492",
        "wikipedia": "en:Mettingham Castle"
      },
      "geometry": {
        "type": "Point",
        "coordinates": [
          1.4710954,
          52.4457007
        ]
      },
      "id": "node/1259907402"
    },
    {
      "type": "Feature",
      "properties": {
        "@id": "way/1278599366",
        "access": "yes",
        "historic": "ruins",
        "historic:civilization": "celtic",
        "landuse": "meadow",
        "name": "Castell Degannwy",
        "ruins": "castle",
        "wikidata": "Q2969121",
        "wikipedia": "en:Deganwy Castle",
        "@geometry": "center"
      },
      "geometry": {
        "type": "Point",
        "coordinates": [
          -3.8264125,
          53.2972708
        ]
      },
      "id": "way/1278599366"
    },
    {
      "type": "Feature",
      "properties": {
        "@id": "way/1279790369",
        "building": "yes",
        "castle_type": "stately",
        "historic": "castle",
        "name": "Cayton Park House",
        "@geometry": "center"
      },
      "geometry": {
        "type": "Point",
        "coordinates": [
          -0.8390885,
          51.5184472
        ]
      },
      "id": "way/1279790369"
    },
    {
      "type": "Feature",
      "properties": {
        "@id": "way/1298556017",
        "historic": "ruins",
        "name": "Ascog Keep",
        "ruins": "castle",
        "@geometry": "center"
      },
      "geometry": {
        "type": "Point",
        "coordinates": [
          -5.2844931,
          55.8840567
        ]
      },
      "id": "way/1298556017"
    },
    {
      "type": "Feature",
      "properties": {
        "@id": "way/1301391398",
        "access": "private",
        "historic": "castle",
        "historic:civilization": "ancient_roman",
        "name": "Castell Grogwynion",
        "@geometry": "center"
      },
      "geometry": {
        "type": "Point",
        "coordinates": [
          -3.8784082,
          52.3356187
        ]
      },
      "id": "way/1301391398"
    },
    {
      "type": "Feature",
      "properties": {
        "@id": "way/1301703283",
        "access": "private",
        "building": "yes",
        "castle_type": "defensive",
        "description": "The keep (motte), may have had a 3-storey tower on the summit. Built 1066-1215; diameter summit: 9 metres, diameter base: 24 metres; c.f. https://www.gatehouse-gazetteer.info/Welshsites/64.html",
        "historic": "castle",
        "historic:civilization": "medieval",
        "name": "Llanthomas Castle Mound",
        "source": "OS OpenData StreetView",
        "@geometry": "center"
      },
      "geometry": {
        "type": "Point",
        "coordinates": [
          -3.154744,
          52.0559989
        ]
      },
      "id": "way/1301703283"
    },
    {
      "type": "Feature",
      "properties": {
        "@id": "way/1301930088",
        "building": "yes",
        "castle_type": "fortress",
        "historic": "castle",
        "@geometry": "center"
      },
      "geometry": {
        "type": "Point",
        "coordinates": [
          -4.3773882,
          54.8899018
        ]
      },
      "id": "way/1301930088"
    },
    {
      "type": "Feature",
      "properties": {
        "@id": "way/1302476248",
        "building": "yes",
        "historic": "castle",
        "name": "The Spur, Dover Castle",
        "@geometry": "center"
      },
      "geometry": {
        "type": "Point",
        "coordinates": [
          1.3199238,
          51.1310891
        ]
      },
      "id": "way/1302476248"
    },
    {
      "type": "Feature",
      "properties": {
        "@id": "way/1304431648",
        "area": "yes",
        "historic": "ruins",
        "historic:civilization": "medieval",
        "name": "Bilston Castle Mound",
        "natural": "heath",
        "ruins": "castle",
        "source": "aerial imagery;LiDAR;https://en.everybodywiki.com/Bilston_Castle",
        "tourism": "viewpoint",
        "@geometry": "center"
      },
      "geometry": {
        "type": "Point",
        "coordinates": [
          -2.0754039,
          52.5777659
        ]
      },
      "id": "way/1304431648"
    },
    {
      "type": "Feature",
      "properties": {
        "@id": "way/1304777319",
        "heritage": "2",
        "historic": "castle",
        "name": "Sir John De Graham's Castle",
        "ruins": "yes",
        "wikidata": "Q1455194",
        "wikipedia": "en:Dundaff Castle, Stirling",
        "@geometry": "center"
      },
      "geometry": {
        "type": "Point",
        "coordinates": [
          -4.1185802,
          56.0472936
        ]
      },
      "id": "way/1304777319"
    },
    {
      "type": "Feature",
      "properties": {
        "@id": "way/1307325623",
        "building": "yes",
        "historic": "castle",
        "name": "Llanover House",
        "@geometry": "center"
      },
      "geometry": {
        "type": "Point",
        "coordinates": [
          -2.9903649,
          51.7694517
        ]
      },
      "id": "way/1307325623"
    },
    {
      "type": "Feature",
      "properties": {
        "@id": "way/1308852094",
        "historic": "castle",
        "ruins": "yes",
        "@geometry": "center"
      },
      "geometry": {
        "type": "Point",
        "coordinates": [
          -3.9037628,
          52.2904294
        ]
      },
      "id": "way/1308852094"
    },
    {
      "type": "Feature",
      "properties": {
        "@id": "way/1314258316",
        "building": "ruins",
        "historic": "castle",
        "source": "OS 1st edition map;Bing",
        "@geometry": "center"
      },
      "geometry": {
        "type": "Point",
        "coordinates": [
          -6.1270195,
          54.2834747
        ]
      },
      "id": "way/1314258316"
    },
    {
      "type": "Feature",
      "properties": {
        "@id": "way/1314440380",
        "building": "castle",
        "building:condition": "mainly_ruinous",
        "building:material": "stone",
        "defensive": "keep",
        "historic": "castle",
        "man_made": "tower",
        "ref:GB:uprn": "10033410953",
        "ruins": "yes",
        "tower:construction": "stone",
        "tower:type": "defensive",
        "wikidata": "Q113646324",
        "@geometry": "center"
      },
      "geometry": {
        "type": "Point",
        "coordinates": [
          0.3345934,
          50.8192023
        ]
      },
      "id": "way/1314440380"
    },
    {
      "type": "Feature",
      "properties": {
        "@id": "way/1317298162",
        "access": "yes",
        "area": "yes",
        "castle_type": "castle",
        "historic": "castle",
        "historic:civilization": "early_medieval",
        "name": "Newport Castle (site)",
        "@geometry": "center"
      },
      "geometry": {
        "type": "Point",
        "coordinates": [
          -4.8310547,
          52.0200627
        ]
      },
      "id": "way/1317298162"
    },
    {
      "type": "Feature",
      "properties": {
        "@id": "way/1318482699",
        "area": "yes",
        "historic": "ruins",
        "historic:civilization": "medieval",
        "name": "Ystrad Cyngen",
        "name:cy": "Ystrad Cyngen",
        "ruins": "castle",
        "@geometry": "center"
      },
      "geometry": {
        "type": "Point",
        "coordinates": [
          -4.4951614,
          51.8109693
        ]
      },
      "id": "way/1318482699"
    },
    {
      "type": "Feature",
      "properties": {
        "@id": "way/1318847187",
        "building": "yes",
        "historic": "castle",
        "name": "Earlstoun Castle",
        "@geometry": "center"
      },
      "geometry": {
        "type": "Point",
        "coordinates": [
          -4.1774684,
          55.1311348
        ]
      },
      "id": "way/1318847187"
    },
    {
      "type": "Feature",
      "properties": {
        "@id": "way/1319921308",
        "access": "private",
        "addr:city": "Folkestone",
        "addr:postcode": "CT20 3AG",
        "addr:street": "Castle Road",
        "building": "yes",
        "castle_type": "defensive",
        "historic": "castle",
        "historic:civilization": "tudor",
        "name": "Sandgate Castle 1539",
        "ref:GB:uprn": "50101628",
        "residential": "single_family",
        "@geometry": "center"
      },
      "geometry": {
        "type": "Point",
        "coordinates": [
          1.1488284,
          51.0734391
        ]
      },
      "id": "way/1319921308"
    },
    {
      "type": "Feature",
      "properties": {
        "@id": "way/1331599465",
        "HE_ref": "1012822",
        "area": "yes",
        "historic": "ruins",
        "name": "Castle Hill",
        "ruins": "castle",
        "wikidata": "Q17678492",
        "@geometry": "center"
      },
      "geometry": {
        "type": "Point",
        "coordinates": [
          -2.5373458,
          54.1959332
        ]
      },
      "id": "way/1331599465"
    },
    {
      "type": "Feature",
      "properties": {
        "@id": "way/1335044706",
        "access": "private",
        "area": "yes",
        "historic": "ruins",
        "ruins": "castle",
        "@geometry": "center"
      },
      "geometry": {
        "type": "Point",
        "coordinates": [
          -4.5256503,
          53.3846364
        ]
      },
      "id": "way/1335044706"
    },
    {
      "type": "Feature",
      "properties": {
        "@id": "way/1335044707",
        "access": "private",
        "area": "yes",
        "historic": "ruins",
        "ruins": "castle",
        "@geometry": "center"
      },
      "geometry": {
        "type": "Point",
        "coordinates": [
          -4.5254027,
          53.3846707
        ]
      },
      "id": "way/1335044707"
    },
    {
      "type": "Feature",
      "properties": {
        "@id": "node/1335935750",
        "historic": "castle",
        "name": "Tomen Castell",
        "source": "Bing",
        "source:name": "OS 1:25k",
        "wikidata": "Q13131953",
        "wikipedia": "en:Dolwyddelan Castle"
      },
      "geometry": {
        "type": "Point",
        "coordinates": [
          -3.9038863,
          53.0514993
        ]
      },
      "id": "node/1335935750"
    },
    {
      "type": "Feature",
      "properties": {
        "@id": "way/1335987075",
        "area": "yes",
        "historic": "ruins",
        "name": "Castell Caradog",
        "name:cy": "Castell Caradog",
        "ruins": "castle",
        "@geometry": "center"
      },
      "geometry": {
        "type": "Point",
        "coordinates": [
          -3.8575074,
          52.2553607
        ]
      },
      "id": "way/1335987075"
    },
    {
      "type": "Feature",
      "properties": {
        "@id": "way/1342391657",
        "area": "yes",
        "historic": "ruins",
        "historic:civilization": "medieval",
        "listed_status": "Grade II",
        "name": "Alberbury Castle",
        "ruins": "castle",
        "@geometry": "center"
      },
      "geometry": {
        "type": "Point",
        "coordinates": [
          -2.9517349,
          52.7235726
        ]
      },
      "id": "way/1342391657"
    },
    {
      "type": "Feature",
      "properties": {
        "@id": "way/1343988952",
        "building": "yes",
        "castle_type": "fortress",
        "historic": "castle",
        "name": "The Old Watchtower",
        "@geometry": "center"
      },
      "geometry": {
        "type": "Point",
        "coordinates": [
          -4.3327543,
          53.4149815
        ]
      },
      "id": "way/1343988952"
    },
    {
      "type": "Feature",
      "properties": {
        "@id": "way/1346485339",
        "area": "yes",
        "historic": "ruins",
        "historic:civilization": "medieval",
        "name": "St Briavels Castle",
        "ruins": "castle",
        "website": "https://www.english-heritage.org.uk/visit/places/st-briavels-castle",
        "@geometry": "center"
      },
      "geometry": {
        "type": "Point",
        "coordinates": [
          -2.6406517,
          51.7380037
        ]
      },
      "id": "way/1346485339"
    },
    {
      "type": "Feature",
      "properties": {
        "@id": "way/1346506674",
        "addr:city": "Ayr",
        "addr:postcode": "KA7 4LH",
        "building": "yes",
        "historic": "castle",
        "listed_status": "Category B",
        "name": "Dunduff Castle",
        "ref:GB:hs": "LB14296",
        "ref:GB:uprn": "141001453",
        "ref:canmore": "40935",
        "wikidata": "Q11054645",
        "wikipedia": "en:Dunduff Castle",
        "@geometry": "center"
      },
      "geometry": {
        "type": "Point",
        "coordinates": [
          -4.7311656,
          55.4107188
        ]
      },
      "id": "way/1346506674"
    },
    {
      "type": "Feature",
      "properties": {
        "@id": "way/1352210976",
        "addr:postcode": "KA6 5JY",
        "building": "yes",
        "castle_type": "stately",
        "historic": "castle",
        "listed_status": "Category B",
        "name": "Sundrum Castle",
        "ref:GB:uprn": "141046185;141047647;141047646;141074028",
        "wikidata": "Q9704653",
        "wikipedia": "en:Sundrum Castle",
        "@geometry": "center"
      },
      "geometry": {
        "type": "Point",
        "coordinates": [
          -4.5149834,
          55.4593007
        ]
      },
      "id": "way/1352210976"
    },
    {
      "type": "Feature",
      "properties": {
        "@id": "way/1352942415",
        "access": "private",
        "building": "yes",
        "building:levels": "3",
        "castle_type": "stately",
        "historic": "castle",
        "name": "Plas Llanfaelog",
        "@geometry": "center"
      },
      "geometry": {
        "type": "Point",
        "coordinates": [
          -4.50206,
          53.2353471
        ]
      },
      "id": "way/1352942415"
    },
    {
      "type": "Feature",
      "properties": {
        "@id": "way/1354027835",
        "area": "yes",
        "historic": "ruins",
        "listed_status": "Category B",
        "name": "Terringzean Castle",
        "ruins": "castle",
        "wikidata": "Q7703723",
        "wikipedia": "en:Terringzean Castle, East Ayrshire",
        "@geometry": "center"
      },
      "geometry": {
        "type": "Point",
        "coordinates": [
          -4.2855669,
          55.4568852
        ]
      },
      "id": "way/1354027835"
    },
    {
      "type": "Feature",
      "properties": {
        "@id": "way/1354028857",
        "area": "yes",
        "historic": "ruins",
        "historic:civilization": "medieval",
        "name": "Thomaston Castle",
        "ruins": "castle",
        "wikidata": "Q2455795",
        "wikipedia": "en:Thomaston Castle",
        "@geometry": "center"
      },
      "geometry": {
        "type": "Point",
        "coordinates": [
          -4.7773107,
          55.3482808
        ]
      },
      "id": "way/1354028857"
    },
    {
      "type": "Feature",
      "properties": {
        "@id": "way/1354029842",
        "HE_ref": "1013451",
        "area": "yes",
        "historic": "ruins",
        "historic:civilization": "medieval",
        "listed_status": "Scheduled Monument",
        "name": "Peel Hill Motte and Bailey Castle",
        "ruins": "castle",
        "wikidata": "Q17676289",
        "@geometry": "center"
      },
      "geometry": {
        "type": "Point",
        "coordinates": [
          -0.9592905,
          53.6121657
        ]
      },
      "id": "way/1354029842"
    },
    {
      "type": "Feature",
      "properties": {
        "@id": "way/1359540449",
        "building": "castle",
        "castle_type": "fortress",
        "historic": "castle",
        "ruins": "yes",
        "@geometry": "center"
      },
      "geometry": {
        "type": "Point",
        "coordinates": [
          -2.4194097,
          52.5321825
        ]
      },
      "id": "way/1359540449"
    },
    {
      "type": "Feature",
      "properties": {
        "@id": "way/1361433626",
        "area": "yes",
        "historic": "castle",
        "name": "Cromwell's Castle",
        "website": "https://www.english-heritage.org.uk/visit/places/cromwells-castle",
        "wikidata": "Q5187650",
        "wikipedia": "en:Cromwell's Castle",
        "@geometry": "center"
      },
      "geometry": {
        "type": "Point",
        "coordinates": [
          -6.3495962,
          49.9622073
        ]
      },
      "id": "way/1361433626"
    },
    {
      "type": "Feature",
      "properties": {
        "@id": "way/1361437235",
        "access": "yes",
        "area": "yes",
        "castle_type": "defensive",
        "historic": "castle",
        "listed_status": "Grade I",
        "name": "Tretower Castle",
        "ref:cadw": "20662",
        "wikidata": "Q7838881",
        "wikipedia": "en:Tretower Castle",
        "@geometry": "center"
      },
      "geometry": {
        "type": "Point",
        "coordinates": [
          -3.1858392,
          51.8839964
        ]
      },
      "id": "way/1361437235"
    },
    {
      "type": "Feature",
      "properties": {
        "@id": "way/1361944587",
        "castle_type": "defensive",
        "historic": "castle",
        "name": "Marshwood Castle",
        "ruins": "yes",
        "wikidata": "Q17553985",
        "wikipedia": "en:Marshwood Castle",
        "@geometry": "center"
      },
      "geometry": {
        "type": "Point",
        "coordinates": [
          -2.8458222,
          50.775741
        ]
      },
      "id": "way/1361944587"
    },
    {
      "type": "Feature",
      "properties": {
        "@id": "way/1363091929",
        "area": "yes",
        "historic": "ruins",
        "name": "Glottenham Castle",
        "ruins": "castle",
        "wikidata": "Q17678141",
        "wikipedia": "en:Glottenham Castle",
        "@geometry": "center"
      },
      "geometry": {
        "type": "Point",
        "coordinates": [
          0.4576184,
          50.9725516
        ]
      },
      "id": "way/1363091929"
    },
    {
      "type": "Feature",
      "properties": {
        "@id": "way/1363617921",
        "building": "yes",
        "castle_type": "play_area",
        "historic": "castle",
        "name": "Court Farm Castle",
        "@geometry": "center"
      },
      "geometry": {
        "type": "Point",
        "coordinates": [
          -2.8810111,
          51.3390979
        ]
      },
      "id": "way/1363617921"
    },
    {
      "type": "Feature",
      "properties": {
        "@id": "way/1365338524",
        "access": "private",
        "castle_type": "defensive",
        "description": "Site of former castle",
        "he_ref": "1039062",
        "historic": "castle",
        "historic:civilization": "medieval",
        "listed_status": "Grade II*",
        "name": "Eccleshall Castle",
        "@geometry": "center"
      },
      "geometry": {
        "type": "Point",
        "coordinates": [
          -2.2566099,
          52.863393
        ]
      },
      "id": "way/1365338524"
    },
    {
      "type": "Feature",
      "properties": {
        "@id": "way/1374197594",
        "HE_ref": "1006324",
        "castle_type": "defensive",
        "historic": "castle",
        "historic:civilization": "medieval",
        "listed_status": "Scheduled Monument",
        "name": "Wallingford Castle",
        "ruins": "yes",
        "wikidata": "Q1632423",
        "wikipedia": "en:Wallingford Castle",
        "@geometry": "center"
      },
      "geometry": {
        "type": "Point",
        "coordinates": [
          -1.1216285,
          51.603117
        ]
      },
      "id": "way/1374197594"
    },
    {
      "type": "Feature",
      "properties": {
        "@id": "way/1374212646",
        "HE_ref": "1366883",
        "building": "yes",
        "castle_type": "towerhouse",
        "historic": "castle",
        "listed_status": "Grade I",
        "name": "Wattlesborough Castle",
        "wikidata": "Q7974997",
        "wikipedia": "en:Wattlesborough Castle",
        "@geometry": "center"
      },
      "geometry": {
        "type": "Point",
        "coordinates": [
          -2.9559187,
          52.7073984
        ]
      },
      "id": "way/1374212646"
    },
    {
      "type": "Feature",
      "properties": {
        "@id": "way/1374220777",
        "HE_ref": "1032894",
        "area": "yes",
        "historic": "castle",
        "listed_status": "Grade I",
        "name": "Wingfield Castle",
        "wikidata": "Q8025197",
        "@geometry": "center"
      },
      "geometry": {
        "type": "Point",
        "coordinates": [
          1.261311,
          52.3481975
        ]
      },
      "id": "way/1374220777"
    },
    {
      "type": "Feature",
      "properties": {
        "@id": "way/1374229214",
        "HE_ref": "1005210",
        "area": "yes",
        "historic": "castle",
        "listed_status": "Scheduled Monument",
        "name": "Wressle castle",
        "source": "Unknown;View from across river;Bing",
        "wikidata": "Q8037764",
        "@geometry": "center"
      },
      "geometry": {
        "type": "Point",
        "coordinates": [
          -0.9289545,
          53.775751
        ]
      },
      "id": "way/1374229214"
    },
    {
      "type": "Feature",
      "properties": {
        "@id": "way/1379383799",
        "HE_ref": "1019450",
        "historic": "castle",
        "listed_status": "Scheduled Monument",
        "name": "Whittington Castle",
        "website": "https://whittingtoncastle.co.uk/",
        "wikidata": "Q7996904",
        "wikipedia": "en:Whittington Castle",
        "@geometry": "center"
      },
      "geometry": {
        "type": "Point",
        "coordinates": [
          -3.0036826,
          52.8734066
        ]
      },
      "id": "way/1379383799"
    },
    {
      "type": "Feature",
      "properties": {
        "@id": "way/1384255408",
        "castle_type": "castrum",
        "historic": "castle",
        "note": "temporary Roman camp",
        "@geometry": "center"
      },
      "geometry": {
        "type": "Point",
        "coordinates": [
          -3.4824076,
          50.6475138
        ]
      },
      "id": "way/1384255408"
    },
    {
      "type": "Feature",
      "properties": {
        "@id": "way/1384255409",
        "area": "yes",
        "castle_type": "castrum",
        "historic": "castle",
        "@geometry": "center"
      },
      "geometry": {
        "type": "Point",
        "coordinates": [
          -3.4852597,
          50.6492178
        ]
      },
      "id": "way/1384255409"
    },
    {
      "type": "Feature",
      "properties": {
        "@id": "way/1386638759",
        "building": "yes",
        "material": "stone",
        "ruins": "castle",
        "@geometry": "center"
      },
      "geometry": {
        "type": "Point",
        "coordinates": [
          -1.4905734,
          53.6587818
        ]
      },
      "id": "way/1386638759"
    },
    {
      "type": "Feature",
      "properties": {
        "@id": "way/1386638763",
        "barrier": "wall",
        "building": "yes",
        "layer": "-1",
        "material": "stone",
        "ruins": "castle",
        "wall": "castle_wall",
        "@geometry": "center"
      },
      "geometry": {
        "type": "Point",
        "coordinates": [
          -1.4908719,
          53.6589928
        ]
      },
      "id": "way/1386638763"
    },
    {
      "type": "Feature",
      "properties": {
        "@id": "way/1386638766",
        "building": "yes",
        "material": "stone",
        "ruins": "castle",
        "@geometry": "center"
      },
      "geometry": {
        "type": "Point",
        "coordinates": [
          -1.490396,
          53.6591514
        ]
      },
      "id": "way/1386638766"
    },
    {
      "type": "Feature",
      "properties": {
        "@id": "way/1386638768",
        "barrier": "wall",
        "ruins": "castle",
        "wall": "stone",
        "@geometry": "center"
      },
      "geometry": {
        "type": "Point",
        "coordinates": [
          -1.4902163,
          53.6588053
        ]
      },
      "id": "way/1386638768"
    },
    {
      "type": "Feature",
      "properties": {
        "@id": "way/1386638769",
        "barrier": "wall",
        "ruins": "castle",
        "wall": "stone",
        "@geometry": "center"
      },
      "geometry": {
        "type": "Point",
        "coordinates": [
          -1.4902708,
          53.6588461
        ]
      },
      "id": "way/1386638769"
    },
    {
      "type": "Feature",
      "properties": {
        "@id": "way/1386638771",
        "building": "yes",
        "material": "stone",
        "ruins": "castle",
        "@geometry": "center"
      },
      "geometry": {
        "type": "Point",
        "coordinates": [
          -1.4904898,
          53.6584221
        ]
      },
      "id": "way/1386638771"
    },
    {
      "type": "Feature",
      "properties": {
        "@id": "way/1386638772",
        "building": "yes",
        "material": "stone",
        "ruins": "castle",
        "@geometry": "center"
      },
      "geometry": {
        "type": "Point",
        "coordinates": [
          -1.4909234,
          53.6584542
        ]
      },
      "id": "way/1386638772"
    },
    {
      "type": "Feature",
      "properties": {
        "@id": "way/1388943362",
        "access": "yes",
        "building": "yes",
        "historic": "castle",
        "historic:civilization": "Norman",
        "name": "Castle Keep",
        "ref:GB:uprn": "68163519",
        "@geometry": "center"
      },
      "geometry": {
        "type": "Point",
        "coordinates": [
          -0.2069864,
          51.2385989
        ]
      },
      "id": "way/1388943362"
    },
    {
      "type": "Feature",
      "properties": {
        "@id": "way/1408866732",
        "building": "yes",
        "historic": "castle",
        "name": "Fingask Castle",
        "website": "https://www.fingaskcastle.co.uk/",
        "wikidata": "Q5450189",
        "wikipedia": "en:Fingask Castle",
        "@geometry": "center"
      },
      "geometry": {
        "type": "Point",
        "coordinates": [
          -3.253653,
          56.4330695
        ]
      },
      "id": "way/1408866732"
    },
    {
      "type": "Feature",
      "properties": {
        "@id": "way/1418030462",
        "access": "customers",
        "castle_type": "defensive",
        "historic": "castle",
        "historic:civilization": "norman",
        "name": "Oystermouth Castle",
        "name:cy": "Castell Ystumllwynarth",
        "opening_hours": "Sa-Su 11:00-17:00; Apr 1-Sep 30 Mo-Su 11:00-17:00",
        "start_date": "C12",
        "tourism": "attraction",
        "website": "https://www.swansea.gov.uk/oystermouthcastle",
        "wikidata": "Q7116379",
        "wikipedia": "en:Oystermouth Castle",
        "@geometry": "center"
      },
      "geometry": {
        "type": "Point",
        "coordinates": [
          -4.0027744,
          51.5770186
        ]
      },
      "id": "way/1418030462"
    },
    {
      "type": "Feature",
      "properties": {
        "@id": "way/1421775864",
        "access": "private",
        "building": "yes",
        "castle_type": "defensive",
        "historic": "castle",
        "historic:civilization": "medieval",
        "name": "Trematon Castle",
        "name:kw": "Kastel Tremen",
        "owner": "Duchy of Cornwall",
        "ruined": "yes",
        "start_date": "1066",
        "@geometry": "center"
      },
      "geometry": {
        "type": "Point",
        "coordinates": [
          -4.2377472,
          50.4004281
        ]
      },
      "id": "way/1421775864"
    },
    {
      "type": "Feature",
      "properties": {
        "@id": "way/1422827565",
        "historic": "castle",
        "name": "Castell Cwm Aran",
        "@geometry": "center"
      },
      "geometry": {
        "type": "Point",
        "coordinates": [
          -3.2443786,
          52.3243331
        ]
      },
      "id": "way/1422827565"
    },
    {
      "type": "Feature",
      "properties": {
        "@id": "way/1422861576",
        "historic": "castle",
        "name": "Castell Rhonyn",
        "@geometry": "center"
      },
      "geometry": {
        "type": "Point",
        "coordinates": [
          -4.5098255,
          53.387925
        ]
      },
      "id": "way/1422861576"
    },
    {
      "type": "Feature",
      "properties": {
        "@id": "way/1422905578",
        "building": "ruins",
        "castle_type": "towerhouse",
        "historic": "castle",
        "@geometry": "center"
      },
      "geometry": {
        "type": "Point",
        "coordinates": [
          -5.7792347,
          54.3466933
        ]
      },
      "id": "way/1422905578"
    },
    {
      "type": "Feature",
      "properties": {
        "@id": "way/1428335269",
        "building": "yes",
        "historic": "castle",
        "name": "Fairburn Tower",
        "operator": "Landmark Trust",
        "website": "https://www.landmarktrust.org.uk/properties/fairburn-tower/",
        "wikidata": "Q17569798",
        "wikipedia": "en:Fairburn Tower",
        "@geometry": "center"
      },
      "geometry": {
        "type": "Point",
        "coordinates": [
          -4.5582181,
          57.535313
        ]
      },
      "id": "way/1428335269"
    },
    {
      "type": "Feature",
      "properties": {
        "@id": "node/1432972086",
        "historic": "ruins",
        "historic:civilization": "medieval",
        "name": "Dùn Ara",
        "ruins": "castle"
      },
      "geometry": {
        "type": "Point",
        "coordinates": [
          -6.1978513,
          56.6403433
        ]
      },
      "id": "node/1432972086"
    },
    {
      "type": "Feature",
      "properties": {
        "@id": "way/1442553870",
        "historic": "ruins",
        "name": "Galdenoch Castle",
        "ruins": "castle",
        "@geometry": "center"
      },
      "geometry": {
        "type": "Point",
        "coordinates": [
          -5.1638099,
          54.9226131
        ]
      },
      "id": "way/1442553870"
    },
    {
      "type": "Feature",
      "properties": {
        "@id": "way/1446905821",
        "addr:city": "Whithorn",
        "building": "yes",
        "historic": "castle",
        "name": "Ravenstone Castle",
        "ruins": "yes",
        "wikidata": "Q17570954",
        "@geometry": "center"
      },
      "geometry": {
        "type": "Point",
        "coordinates": [
          -4.4744208,
          54.7672626
        ]
      },
      "id": "way/1446905821"
    },
    {
      "type": "Feature",
      "properties": {
        "@id": "way/1454760399",
        "access": "private",
        "building": "ruins",
        "historic": "castle",
        "name": "Dromore Castle",
        "@geometry": "center"
      },
      "geometry": {
        "type": "Point",
        "coordinates": [
          -6.1509722,
          54.4135257
        ]
      },
      "id": "way/1454760399"
    },
    {
      "type": "Feature",
      "properties": {
        "@id": "way/1467603335",
        "area": "yes",
        "historic": "ruins",
        "name": "Rhayader Castle",
        "natural": "grass",
        "ruins": "castle",
        "@geometry": "center"
      },
      "geometry": {
        "type": "Point",
        "coordinates": [
          -3.5145582,
          52.300573
        ]
      },
      "id": "way/1467603335"
    },
    {
      "type": "Feature",
      "properties": {
        "@id": "way/1467981450",
        "addr:city": "Upperlands",
        "addr:housenumber": "8",
        "addr:postcode": "BT46 5SA",
        "addr:street": "Gorteade Road",
        "building": "house",
        "castle_type": "stately",
        "historic": "castle",
        "name": "Ardara Country House",
        "tourism": "hotel",
        "website": "https://ardtara.com/",
        "@geometry": "center"
      },
      "geometry": {
        "type": "Point",
        "coordinates": [
          -6.6377543,
          54.8833177
        ]
      },
      "id": "way/1467981450"
    },
    {
      "type": "Feature",
      "properties": {
        "@id": "way/1472116915",
        "building": "ruins",
        "historic": "castle",
        "name": "Castle Screen",
        "source": "OS 2nd edition map; Bing",
        "@geometry": "center"
      },
      "geometry": {
        "type": "Point",
        "coordinates": [
          -5.749686,
          54.287805
        ]
      },
      "id": "way/1472116915"
    },
    {
      "type": "Feature",
      "properties": {
        "@id": "way/1472794265",
        "building": "ruins",
        "historic": "castle",
        "name": "Castle Bright",
        "@geometry": "center"
      },
      "geometry": {
        "type": "Point",
        "coordinates": [
          -5.6880107,
          54.2707133
        ]
      },
      "id": "way/1472794265"
    },
    {
      "type": "Feature",
      "properties": {
        "@id": "way/1480418088",
        "building": "ruins",
        "historic": "castle",
        "@geometry": "center"
      },
      "geometry": {
        "type": "Point",
        "coordinates": [
          -5.6904504,
          54.5779041
        ]
      },
      "id": "way/1480418088"
    },
    {
      "type": "Feature",
      "properties": {
        "@id": "way/1491326354",
        "building": "yes",
        "historic": "castle",
        "listed_status": "Category B",
        "name": "Carleton Castle",
        "ref:GB:hs": "LB1058",
        "ref:canmore": "61968",
        "wikidata": "Q17840313",
        "wikipedia": "en:Carleton Castle",
        "@geometry": "center"
      },
      "geometry": {
        "type": "Point",
        "coordinates": [
          -4.9324229,
          55.1647221
        ]
      },
      "id": "way/1491326354"
    },
    {
      "type": "Feature",
      "properties": {
        "@id": "way/1503579297",
        "fee": "no",
        "historic": "castle",
        "name": "Saltcoat Castle (remains);Saltcoats Castle (Remains)",
        "ref:canmore": "55082",
        "ruins": "yes",
        "source": "NPE",
        "wikidata": "Q7406057",
        "wikipedia": "en:Saltcoats Castle",
        "@geometry": "center"
      },
      "geometry": {
        "type": "Point",
        "coordinates": [
          -2.8272107,
          56.0270481
        ]
      },
      "id": "way/1503579297"
    },
    {
      "type": "Feature",
      "properties": {
        "@id": "node/1575976314",
        "historic": "castle",
        "name": "Lisanoure Castle"
      },
      "geometry": {
        "type": "Point",
        "coordinates": [
          -6.3334887,
          55.0554391
        ]
      },
      "id": "node/1575976314"
    },
    {
      "type": "Feature",
      "properties": {
        "@id": "node/1589646466",
        "historic": "castle",
        "name": "Clavering Castle",
        "wikidata": "Q5129609"
      },
      "geometry": {
        "type": "Point",
        "coordinates": [
          0.1390935,
          51.966296
        ]
      },
      "id": "node/1589646466"
    },
    {
      "type": "Feature",
      "properties": {
        "@id": "node/1590916431",
        "access": "yes",
        "castle_type": "fortress",
        "historic": "castle",
        "name": "Bridgnorth Castle",
        "ruins": "yes",
        "wheelchair": "yes",
        "wikipedia": "en:Bridgnorth Castle"
      },
      "geometry": {
        "type": "Point",
        "coordinates": [
          -2.4193675,
          52.5321965
        ]
      },
      "id": "node/1590916431"
    },
    {
      "type": "Feature",
      "properties": {
        "@id": "node/1591054161",
        "historic": "castle",
        "listed_status": "Grade I",
        "name": "Ayton Castle",
        "ruins": "yes",
        "wikidata": "Q17526107",
        "wikipedia": "en:Ayton Castle, North Yorkshire"
      },
      "geometry": {
        "type": "Point",
        "coordinates": [
          -0.4856262,
          54.2520141
        ]
      },
      "id": "node/1591054161"
    },
    {
      "type": "Feature",
      "properties": {
        "@id": "node/1611820302",
        "access": "yes",
        "castle_type": "hillfort",
        "historic": "castle",
        "name": "Castle Canyke",
        "source": "NPE",
        "website": "https://historicengland.org.uk/listing/the-list/list-entry/1006660"
      },
      "geometry": {
        "type": "Point",
        "coordinates": [
          -4.6982362,
          50.461033
        ]
      },
      "id": "node/1611820302"
    },
    {
      "type": "Feature",
      "properties": {
        "@id": "node/1617511225",
        "historic": "castle",
        "name": "Cawood Castle",
        "source": "Bing;local_knowledge",
        "wikidata": "Q5055225",
        "wikipedia": "en:Cawood Castle"
      },
      "geometry": {
        "type": "Point",
        "coordinates": [
          -1.129215,
          53.8322828
        ]
      },
      "id": "node/1617511225"
    },
    {
      "type": "Feature",
      "properties": {
        "@id": "node/1746029686",
        "castle": "ruins",
        "castle_type": "defensive",
        "historic": "castle",
        "name": "Ardrossan Castle",
        "ruins": "yes",
        "wikidata": "Q4788264",
        "wikimedia_commons": "Category:Ardrossan Castle",
        "wikipedia": "en:Ardrossan Castle"
      },
      "geometry": {
        "type": "Point",
        "coordinates": [
          -4.8100968,
          55.6418813
        ]
      },
      "id": "node/1746029686"
    },
    {
      "type": "Feature",
      "properties": {
        "@id": "node/1782021232",
        "historic": "castle",
        "wheelchair": "no"
      },
      "geometry": {
        "type": "Point",
        "coordinates": [
          -3.5010383,
          54.7122242
        ]
      },
      "id": "node/1782021232"
    },
    {
      "type": "Feature",
      "properties": {
        "@id": "node/1790569772",
        "castle_type": "defensive;motte_and_bailey",
        "historic": "castle",
        "name": "Middleton Stoney Castle",
        "ruins": "yes",
        "source": "wikipedia",
        "source:geometry": "Bing",
        "wikidata": "Q17676906"
      },
      "geometry": {
        "type": "Point",
        "coordinates": [
          -1.228625,
          51.905621
        ]
      },
      "id": "node/1790569772"
    },
    {
      "type": "Feature",
      "properties": {
        "@id": "node/1801565082",
        "alt_name": "Cowdray House;Midhurst Castle",
        "castle_type": "manor",
        "historic": "castle",
        "historic:civilization": "medieval",
        "name": "Cowdray Castle",
        "ruins": "yes",
        "website": "https://www.cowdray.co.uk/historic-cowdray/",
        "wikidata": "Q5179634"
      },
      "geometry": {
        "type": "Point",
        "coordinates": [
          -0.7317005,
          50.9876143
        ]
      },
      "id": "node/1801565082"
    },
    {
      "type": "Feature",
      "properties": {
        "@id": "node/1813812073",
        "historic": "castle",
        "name": "Morris Castle",
        "name:cy": "Castle Graig",
        "wikidata": "Q15256328"
      },
      "geometry": {
        "type": "Point",
        "coordinates": [
          -3.9389102,
          51.6503817
        ]
      },
      "id": "node/1813812073"
    },
    {
      "type": "Feature",
      "properties": {
        "@id": "node/1838716980",
        "historic": "castle",
        "name": "Tayto Castle"
      },
      "geometry": {
        "type": "Point",
        "coordinates": [
          -6.4165589,
          54.3542648
        ]
      },
      "id": "node/1838716980"
    },
    {
      "type": "Feature",
      "properties": {
        "@id": "node/2018088531",
        "historic": "castle"
      },
      "geometry": {
        "type": "Point",
        "coordinates": [
          -1.5617121,
          52.4177574
        ]
      },
      "id": "node/2018088531"
    },
    {
      "type": "Feature",
      "properties": {
        "@id": "node/2059685972",
        "access": "private",
        "historic": "castle",
        "name": "Burton Castle (site of)",
        "wikidata": "Q5000941",
        "wikipedia": "en:Burton in Lonsdale Castle"
      },
      "geometry": {
        "type": "Point",
        "coordinates": [
          -2.5373279,
          54.1439
        ]
      },
      "id": "node/2059685972"
    },
    {
      "type": "Feature",
      "properties": {
        "@id": "node/2166050077",
        "castle_type": "defensive",
        "historic": "castle",
        "name": "Evelick Castle",
        "ref": "7300",
        "source": "RCAHMS/Historic Scotland"
      },
      "geometry": {
        "type": "Point",
        "coordinates": [
          -3.2917612,
          56.4190671
        ]
      },
      "id": "node/2166050077"
    },
    {
      "type": "Feature",
      "properties": {
        "@id": "node/2166050864",
        "historic": "castle",
        "name": "Balthayock Castle"
      },
      "geometry": {
        "type": "Point",
        "coordinates": [
          -3.3393256,
          56.3915307
        ]
      },
      "id": "node/2166050864"
    },
    {
      "type": "Feature",
      "properties": {
        "@id": "node/2260681274",
        "access": "yes",
        "historic": "castle",
        "historic:civilization": "medieval",
        "name": "Bury Mount",
        "viewpoint": "yes",
        "wikidata": "Q5001114",
        "wikipedia": "en:Bury Mount"
      },
      "geometry": {
        "type": "Point",
        "coordinates": [
          -0.9882733,
          52.1332941
        ]
      },
      "id": "node/2260681274"
    },
    {
      "type": "Feature",
      "properties": {
        "@id": "node/2300819991",
        "castle_type": "stately",
        "historic": "castle",
        "name": "Hadlow Castle",
        "source": "OS 1:25k",
        "wikidata": "Q5638005",
        "wikipedia": "en:Hadlow Castle"
      },
      "geometry": {
        "type": "Point",
        "coordinates": [
          0.3389993,
          51.222646
        ]
      },
      "id": "node/2300819991"
    },
    {
      "type": "Feature",
      "properties": {
        "@id": "node/2308843362",
        "historic": "castle",
        "name": "Woodhouses Hill Fort",
        "ruins": "yes",
        "wikidata": "Q8032761",
        "wikipedia": "en:Woodhouse hill fort"
      },
      "geometry": {
        "type": "Point",
        "coordinates": [
          -2.7356072,
          53.2765045
        ]
      },
      "id": "node/2308843362"
    },
    {
      "type": "Feature",
      "properties": {
        "@id": "node/2330199557",
        "historic": "castle",
        "name": "Colcombe Castle",
        "wikidata": "Q5142148",
        "wikipedia": "en:Colcombe Castle"
      },
      "geometry": {
        "type": "Point",
        "coordinates": [
          -3.064762,
          50.7466701
        ]
      },
      "id": "node/2330199557"
    },
    {
      "type": "Feature",
      "properties": {
        "@id": "node/2389298189",
        "historic": "castle",
        "name": "Yester Castle",
        "wikidata": "Q8052936",
        "wikipedia": "en:Yester Castle"
      },
      "geometry": {
        "type": "Point",
        "coordinates": [
          -2.7109544,
          55.8913972
        ]
      },
      "id": "node/2389298189"
    },
    {
      "type": "Feature",
      "properties": {
        "@id": "node/2389972291",
        "historic": "ruins",
        "name": "Ellon Castle",
        "ruins": "castle"
      },
      "geometry": {
        "type": "Point",
        "coordinates": [
          -2.067952,
          57.3669669
        ]
      },
      "id": "node/2389972291"
    },
    {
      "type": "Feature",
      "properties": {
        "@id": "node/2407398100",
        "castle_type": "defensive",
        "historic": "castle",
        "name": "Moccas Castle",
        "url": "http://htt.herefordshire.gov.uk/1210.aspx"
      },
      "geometry": {
        "type": "Point",
        "coordinates": [
          -2.951264,
          52.0766906
        ]
      },
      "id": "node/2407398100"
    },
    {
      "type": "Feature",
      "properties": {
        "@id": "node/2414285756",
        "historic": "castle",
        "name": "Mere Castle",
        "ruins": "yes"
      },
      "geometry": {
        "type": "Point",
        "coordinates": [
          -2.2728503,
          51.0919468
        ]
      },
      "id": "node/2414285756"
    },
    {
      "type": "Feature",
      "properties": {
        "@id": "node/2500753360",
        "historic": "castle",
        "name": "Ardley Castle",
        "wikidata": "Q4788169"
      },
      "geometry": {
        "type": "Point",
        "coordinates": [
          -1.2171864,
          51.9420131
        ]
      },
      "id": "node/2500753360"
    },
    {
      "type": "Feature",
      "properties": {
        "@id": "node/2534526754",
        "access": "private",
        "email": "rjluckman@btconnect.com",
        "historic": "castle",
        "name": "Kilchrist Castle",
        "phone": "+44 121 444 1200",
        "website": "https://www.kilchrist-castle.co.uk/index.html",
        "wikidata": "Q15238443",
        "wikimedia_commons": "File:Kilchrist Castle - geograph.org.uk - 1343265.jpg",
        "wikipedia": "en:Kilchrist Castle"
      },
      "geometry": {
        "type": "Point",
        "coordinates": [
          -5.6468501,
          55.4009904
        ]
      },
      "id": "node/2534526754"
    },
    {
      "type": "Feature",
      "properties": {
        "@id": "node/2586138774",
        "historic": "castle",
        "name": "Press Castle",
        "place": "isolated_dwelling",
        "wikidata": "Q17847719"
      },
      "geometry": {
        "type": "Point",
        "coordinates": [
          -2.2080895,
          55.881453
        ]
      },
      "id": "node/2586138774"
    },
    {
      "type": "Feature",
      "properties": {
        "@id": "node/2627367475",
        "access": "yes",
        "building": "yes",
        "castle_type": "fortress",
        "historic": "castle",
        "historic:civilization": "medieval",
        "name": "The Gunholes",
        "ruins": "military"
      },
      "geometry": {
        "type": "Point",
        "coordinates": [
          -2.5177365,
          56.0056551
        ]
      },
      "id": "node/2627367475"
    },
    {
      "type": "Feature",
      "properties": {
        "@id": "node/2627367476",
        "access": "yes",
        "building": "yes",
        "castle_type": "fortress",
        "historic": "castle",
        "historic:civilization": "medieval",
        "name": "The Magazine",
        "ruins": "military"
      },
      "geometry": {
        "type": "Point",
        "coordinates": [
          -2.5182038,
          56.0054779
        ]
      },
      "id": "node/2627367476"
    },
    {
      "type": "Feature",
      "properties": {
        "@id": "node/2660055850",
        "historic": "castle",
        "name": "Toot Hill",
        "ruins": "yes",
        "source": "Bing",
        "start_date": "C11..C12"
      },
      "geometry": {
        "type": "Point",
        "coordinates": [
          0.1293058,
          53.3073215
        ]
      },
      "id": "node/2660055850"
    },
    {
      "type": "Feature",
      "properties": {
        "@id": "node/2660060608",
        "historic": "castle",
        "name": "Castle Hill",
        "ruins": "yes",
        "source": "Bing"
      },
      "geometry": {
        "type": "Point",
        "coordinates": [
          0.1425861,
          53.3167011
        ]
      },
      "id": "node/2660060608"
    },
    {
      "type": "Feature",
      "properties": {
        "@id": "node/2660062139",
        "historic": "castle",
        "name": "Castle Hill",
        "ruins": "yes",
        "source": "Bing",
        "start_date": "~C12",
        "wikidata": "Q5042969"
      },
      "geometry": {
        "type": "Point",
        "coordinates": [
          0.0932013,
          53.330851
        ]
      },
      "id": "node/2660062139"
    },
    {
      "type": "Feature",
      "properties": {
        "@id": "node/2698247884",
        "historic": "ruins",
        "name": "Dyserth Castle",
        "name:cy": "Castell Dyserth",
        "ruins": "castle",
        "wikidata": "Q18019468"
      },
      "geometry": {
        "type": "Point",
        "coordinates": [
          -3.4127058,
          53.3078995
        ]
      },
      "id": "node/2698247884"
    },
    {
      "type": "Feature",
      "properties": {
        "@id": "node/2700686051",
        "castle_type": "defensive",
        "historic": "castle",
        "name": "Somerton Castle",
        "place": "locality",
        "source": "Bing",
        "wikidata": "Q7559944",
        "wikipedia": "en:Somerton Castle"
      },
      "geometry": {
        "type": "Point",
        "coordinates": [
          -0.5758912,
          53.1176517
        ]
      },
      "id": "node/2700686051"
    },
    {
      "type": "Feature",
      "properties": {
        "@id": "node/2832648791",
        "castle_type": "defensive",
        "historic": "castle",
        "historic:civilization": "medieval",
        "name": "Brynffanigl Castle"
      },
      "geometry": {
        "type": "Point",
        "coordinates": [
          -3.6201219,
          53.2558868
        ]
      },
      "id": "node/2832648791"
    },
    {
      "type": "Feature",
      "properties": {
        "@id": "node/2880575412",
        "historic": "ruins",
        "ruins": "castle"
      },
      "geometry": {
        "type": "Point",
        "coordinates": [
          -3.3353348,
          53.305398
        ]
      },
      "id": "node/2880575412"
    },
    {
      "type": "Feature",
      "properties": {
        "@id": "node/2913456928",
        "historic": "castle",
        "name": "Meppershall Castel",
        "note": "Built by William de Meppershall"
      },
      "geometry": {
        "type": "Point",
        "coordinates": [
          -0.3509201,
          52.0095781
        ]
      },
      "id": "node/2913456928"
    },
    {
      "type": "Feature",
      "properties": {
        "@id": "node/2948714558",
        "historic": "castle",
        "name": "Ormond Castle",
        "ruins": "castle",
        "source": "bing",
        "wikidata": "Q7103439"
      },
      "geometry": {
        "type": "Point",
        "coordinates": [
          -4.179961,
          57.5536114
        ]
      },
      "id": "node/2948714558"
    },
    {
      "type": "Feature",
      "properties": {
        "@id": "node/2956452704",
        "historic": "castle",
        "name": "Eglinton Castle",
        "ref:canmore": "42076",
        "ruins": "yes"
      },
      "geometry": {
        "type": "Point",
        "coordinates": [
          -4.6663583,
          55.6444371
        ]
      },
      "id": "node/2956452704"
    },
    {
      "type": "Feature",
      "properties": {
        "@id": "node/2980863588",
        "alt_name": "Wells Slade",
        "historic": "castle",
        "name": "Wybert's Castle",
        "ruins": "yes",
        "source": "Bing"
      },
      "geometry": {
        "type": "Point",
        "coordinates": [
          -0.0136285,
          52.949947
        ]
      },
      "id": "node/2980863588"
    },
    {
      "type": "Feature",
      "properties": {
        "@id": "node/2980863589",
        "castle_type": "defensive",
        "historic": "castle",
        "name": "Manwar Ings",
        "source": "Bing"
      },
      "geometry": {
        "type": "Point",
        "coordinates": [
          -0.150839,
          52.9517468
        ]
      },
      "id": "node/2980863589"
    },
    {
      "type": "Feature",
      "properties": {
        "@id": "node/3018750252",
        "alt_name": "Little Cumbrae Castle",
        "castle_type": "defensive",
        "historic": "castle",
        "name": "Wee Cumbrae Castle",
        "name:de": "Little Cumbrae Castle",
        "name:nn": "Little Cumbrae Castle",
        "name:pt": "Castelo de Little Cumbrae",
        "tourism": "attraction",
        "wikidata": "Q9288134",
        "wikipedia": "en:Little Cumbrae Castle"
      },
      "geometry": {
        "type": "Point",
        "coordinates": [
          -4.9428827,
          55.7201543
        ]
      },
      "id": "node/3018750252"
    },
    {
      "type": "Feature",
      "properties": {
        "@id": "node/3054665940",
        "castle": "ruins",
        "fixme": "name",
        "historic": "castle",
        "wikidata": "Q17825314"
      },
      "geometry": {
        "type": "Point",
        "coordinates": [
          -4.8381179,
          55.7111094
        ]
      },
      "id": "node/3054665940"
    },
    {
      "type": "Feature",
      "properties": {
        "@id": "node/3072163615",
        "historic": "castle",
        "name": "Galgorm Castle"
      },
      "geometry": {
        "type": "Point",
        "coordinates": [
          -6.3169281,
          54.8572389
        ]
      },
      "id": "node/3072163615"
    },
    {
      "type": "Feature",
      "properties": {
        "@id": "node/3250938225",
        "castle_type": "defensive",
        "description": "Medieval Motte and Baily Castle. Appears not to have its own name.",
        "historic": "castle"
      },
      "geometry": {
        "type": "Point",
        "coordinates": [
          -0.623917,
          53.0075191
        ]
      },
      "id": "node/3250938225"
    },
    {
      "type": "Feature",
      "properties": {
        "@id": "node/3251049083",
        "historic": "castle",
        "name": "Bampton Castle",
        "wikidata": "Q4853530",
        "wikipedia": "en:Bampton Castle, Devon"
      },
      "geometry": {
        "type": "Point",
        "coordinates": [
          -3.4854344,
          50.9927505
        ]
      },
      "id": "node/3251049083"
    },
    {
      "type": "Feature",
      "properties": {
        "@id": "node/3254167064",
        "historic": "castle",
        "name": "Welbourn Castle"
      },
      "geometry": {
        "type": "Point",
        "coordinates": [
          -0.5562544,
          53.0775765
        ]
      },
      "id": "node/3254167064"
    },
    {
      "type": "Feature",
      "properties": {
        "@id": "node/3268971664",
        "historic": "castle",
        "name": "Daw's Castle",
        "operator": "English Heritage",
        "ruins": "yes",
        "wikidata": "Q5242247"
      },
      "geometry": {
        "type": "Point",
        "coordinates": [
          -3.3419347,
          51.1813543
        ]
      },
      "id": "node/3268971664"
    },
    {
      "type": "Feature",
      "properties": {
        "@id": "node/3310137040",
        "historic": "castle",
        "name": "Gwyrch Castle Northern Towers"
      },
      "geometry": {
        "type": "Point",
        "coordinates": [
          -3.6271073,
          53.2882313
        ]
      },
      "id": "node/3310137040"
    },
    {
      "type": "Feature",
      "properties": {
        "@id": "node/3334151452",
        "castle_type": "defensive",
        "historic": "castle",
        "historic:civilization": "medieval",
        "name": "Tomen Y Bala",
        "wikidata": "Q13131952"
      },
      "geometry": {
        "type": "Point",
        "coordinates": [
          -3.595414,
          52.9115586
        ]
      },
      "id": "node/3334151452"
    },
    {
      "type": "Feature",
      "properties": {
        "@id": "node/3336154342",
        "historic": "castle",
        "name": "Castell Carreg-y-saeth"
      },
      "geometry": {
        "type": "Point",
        "coordinates": [
          -4.020483,
          52.8519172
        ]
      },
      "id": "node/3336154342"
    },
    {
      "type": "Feature",
      "properties": {
        "@id": "node/3403701146",
        "castle_type": "castrum",
        "historic": "castle",
        "note": "The Roman fortress of Banovallum/Horncastle",
        "ruins": "yes"
      },
      "geometry": {
        "type": "Point",
        "coordinates": [
          -0.1168122,
          53.2084446
        ]
      },
      "id": "node/3403701146"
    },
    {
      "type": "Feature",
      "properties": {
        "@id": "node/3413586579",
        "historic": "castle",
        "name": "Lethendry Castle",
        "wikidata": "Q56661934"
      },
      "geometry": {
        "type": "Point",
        "coordinates": [
          -3.5227341,
          57.3279706
        ]
      },
      "id": "node/3413586579"
    },
    {
      "type": "Feature",
      "properties": {
        "@id": "node/3540456632",
        "castle_type": "stately",
        "historic": "castle",
        "name": "Methven Castle",
        "name:eu": "Methveneko gaztelua",
        "name:pt": "Castelo de Methven",
        "tourism": "guest_house",
        "website": "http://www.methvencastle.com/",
        "wikidata": "Q1964681",
        "wikipedia": "en:Methven Castle"
      },
      "geometry": {
        "type": "Point",
        "coordinates": [
          -3.5549253,
          56.4168208
        ]
      },
      "id": "node/3540456632"
    },
    {
      "type": "Feature",
      "properties": {
        "@id": "node/3600500799",
        "historic": "ruins",
        "name": "Streathlam Castle",
        "ruins": "castle"
      },
      "geometry": {
        "type": "Point",
        "coordinates": [
          -1.8748583,
          54.5737895
        ]
      },
      "id": "node/3600500799"
    },
    {
      "type": "Feature",
      "properties": {
        "@id": "node/3602816427",
        "historic": "ruins",
        "name": "Castle",
        "ruins": "castle"
      },
      "geometry": {
        "type": "Point",
        "coordinates": [
          -7.4352949,
          54.7007539
        ]
      },
      "id": "node/3602816427"
    },
    {
      "type": "Feature",
      "properties": {
        "@id": "node/3656155820",
        "alt_name": "Inch Talla Castle",
        "heritage": "yes",
        "historic": "castle",
        "name": "Talla Castle (ruins)",
        "ruins": "castle",
        "source": "http://canmore.org.uk/site/24064/lake-of-menteith-inch-talla-talla-castle",
        "wikidata": "Q56661748",
        "wikipedia": "en:Talla Castle"
      },
      "geometry": {
        "type": "Point",
        "coordinates": [
          -4.3015847,
          56.1745797
        ]
      },
      "id": "node/3656155820"
    },
    {
      "type": "Feature",
      "properties": {
        "@id": "node/3658406468",
        "archaeological_site": "fortification",
        "fortification_type": "bastle",
        "historic": "archaeological_site",
        "name": "Rusky Castle",
        "ref:canmore": "24408",
        "ruins": "castle",
        "wikidata": "Q28407893",
        "wikipedia": "en:Rusky Castle"
      },
      "geometry": {
        "type": "Point",
        "coordinates": [
          -4.2347184,
          56.2029148
        ]
      },
      "id": "node/3658406468"
    },
    {
      "type": "Feature",
      "properties": {
        "@id": "node/3673674104",
        "historic": "ruins",
        "name": "Ardross Castle",
        "ruins": "castle",
        "wikidata": "Q18205162",
        "wikipedia": "en:Ardross Castle, Fife"
      },
      "geometry": {
        "type": "Point",
        "coordinates": [
          -2.7936242,
          56.196312
        ]
      },
      "id": "node/3673674104"
    },
    {
      "type": "Feature",
      "properties": {
        "@id": "node/3900024117",
        "castle_type": "manor",
        "historic": "castle",
        "name": "Roos Hall"
      },
      "geometry": {
        "type": "Point",
        "coordinates": [
          0.0469466,
          52.9736801
        ]
      },
      "id": "node/3900024117"
    },
    {
      "type": "Feature",
      "properties": {
        "@id": "node/3900024118",
        "castle_type": "manor",
        "historic": "castle",
        "name": "Wrangle Hall"
      },
      "geometry": {
        "type": "Point",
        "coordinates": [
          0.1341517,
          53.0323077
        ]
      },
      "id": "node/3900024118"
    },
    {
      "type": "Feature",
      "properties": {
        "@id": "node/3911612450",
        "access": "yes",
        "castle_type": "site",
        "description": "Bourne Castle was a Norman motte and double bailey castle. It was destroyed after being used by Oliver Cromwell's troops in 1645, and a farmhouse was built on its site",
        "historic": "castle",
        "historic:civilization": "medieval",
        "name": "Bourne Castle",
        "razed:historic": "castle",
        "source": "Wikipedia;local knowledge",
        "wikidata": "Q15203997",
        "wikipedia": "en:Bourne Castle"
      },
      "geometry": {
        "type": "Point",
        "coordinates": [
          -0.3790984,
          52.7667831
        ]
      },
      "id": "node/3911612450"
    },
    {
      "type": "Feature",
      "properties": {
        "@id": "node/3986928273",
        "historic": "castle",
        "name": "The Castles"
      },
      "geometry": {
        "type": "Point",
        "coordinates": [
          -0.3880598,
          53.6882465
        ]
      },
      "id": "node/3986928273"
    },
    {
      "type": "Feature",
      "properties": {
        "@id": "node/3997487197",
        "historic": "castle",
        "name": "Sturminster Castle",
        "wikidata": "Q17540254"
      },
      "geometry": {
        "type": "Point",
        "coordinates": [
          -2.3077525,
          50.920529
        ]
      },
      "id": "node/3997487197"
    },
    {
      "type": "Feature",
      "properties": {
        "@id": "node/4131445073",
        "historic": "castle",
        "name": "Braikie Castle",
        "ruins": "yes",
        "wikidata": "Q17576127",
        "wikimedia_commons": "Category:Braikie Castle",
        "wikipedia": "en:Braikie Castle"
      },
      "geometry": {
        "type": "Point",
        "coordinates": [
          -2.6075358,
          56.6483423
        ]
      },
      "id": "node/4131445073"
    },
    {
      "type": "Feature",
      "properties": {
        "@id": "node/4178146017",
        "historic": "castle",
        "name": "Whytbank Tower",
        "wikidata": "Q123578725"
      },
      "geometry": {
        "type": "Point",
        "coordinates": [
          -2.8879099,
          55.6293055
        ]
      },
      "id": "node/4178146017"
    },
    {
      "type": "Feature",
      "properties": {
        "@id": "node/4228843289",
        "historic": "castle",
        "name": "Gresham Castle",
        "ruins": "yes",
        "wikidata": "Q5607570",
        "wikipedia": "en:Gresham Castle"
      },
      "geometry": {
        "type": "Point",
        "coordinates": [
          1.2197358,
          52.8964598
        ]
      },
      "id": "node/4228843289"
    },
    {
      "type": "Feature",
      "properties": {
        "@id": "node/4269353393",
        "historic": "castle",
        "name": "Stockland Little Castle",
        "wikidata": "Q17663168"
      },
      "geometry": {
        "type": "Point",
        "coordinates": [
          -3.0947591,
          50.8268975
        ]
      },
      "id": "node/4269353393"
    },
    {
      "type": "Feature",
      "properties": {
        "@id": "node/4269366557",
        "historic": "castle",
        "name": "Stockland Great Castle",
        "wikidata": "Q17663160"
      },
      "geometry": {
        "type": "Point",
        "coordinates": [
          -3.0999481,
          50.8177039
        ]
      },
      "id": "node/4269366557"
    },
    {
      "type": "Feature",
      "properties": {
        "@id": "node/4365446594",
        "historic": "castle",
        "name": "Vernons Folly"
      },
      "geometry": {
        "type": "Point",
        "coordinates": [
          -1.7600669,
          52.8919577
        ]
      },
      "id": "node/4365446594"
    },
    {
      "type": "Feature",
      "properties": {
        "@id": "node/4443301500",
        "historic": "castle",
        "name": "Castle Neroche"
      },
      "geometry": {
        "type": "Point",
        "coordinates": [
          -3.0382593,
          50.9371962
        ]
      },
      "id": "node/4443301500"
    },
    {
      "type": "Feature",
      "properties": {
        "@id": "node/4581802433",
        "historic": "castle",
        "name": "Portora Castle",
        "wikidata": "Q7232211"
      },
      "geometry": {
        "type": "Point",
        "coordinates": [
          -7.6591085,
          54.3560136
        ]
      },
      "id": "node/4581802433"
    },
    {
      "type": "Feature",
      "properties": {
        "@id": "node/4685126690",
        "historic": "castle",
        "name": "Hensol Castle",
        "name:en": "Hensol Castle",
        "wikidata": "Q14218099"
      },
      "geometry": {
        "type": "Point",
        "coordinates": [
          -3.3736089,
          51.5016407
        ]
      },
      "id": "node/4685126690"
    },
    {
      "type": "Feature",
      "properties": {
        "@id": "node/4716412307",
        "castle_type": "stately",
        "historic": "castle",
        "name": "Rothwell Castle Ruins"
      },
      "geometry": {
        "type": "Point",
        "coordinates": [
          -1.4820499,
          53.7500158
        ]
      },
      "id": "node/4716412307"
    },
    {
      "type": "Feature",
      "properties": {
        "@id": "node/4872637392",
        "castle_type": "defensive",
        "description": "ruins",
        "heritage": "yes",
        "historic": "castle",
        "historic:civilization": "middle-ages",
        "name": "Cathcart Castle",
        "wikidata": "Q5052169",
        "wikipedia": "en:Cathcart Castle"
      },
      "geometry": {
        "type": "Point",
        "coordinates": [
          -4.2559066,
          55.8127768
        ]
      },
      "id": "node/4872637392"
    },
    {
      "type": "Feature",
      "properties": {
        "@id": "node/4880312783",
        "historic": "ruins",
        "name": "Cousland Castle",
        "ruins": "castle"
      },
      "geometry": {
        "type": "Point",
        "coordinates": [
          -2.9977057,
          55.9042396
        ]
      },
      "id": "node/4880312783"
    },
    {
      "type": "Feature",
      "properties": {
        "@id": "node/4898241931",
        "access": "private",
        "designation": "Monument in State Care",
        "historic": "ruins",
        "historic:civilization": "middle-ages",
        "name": "Ringhaddy Castle",
        "ref:nismr": "DOW 024:012",
        "ruins": "castle",
        "website": "https://www.communities-ni.gov.uk/heritage-sites/ringhaddy-castle"
      },
      "geometry": {
        "type": "Point",
        "coordinates": [
          -5.6287182,
          54.4549749
        ]
      },
      "id": "node/4898241931"
    },
    {
      "type": "Feature",
      "properties": {
        "@id": "node/4907272430",
        "historic": "castle",
        "name": "Newberry Castle"
      },
      "geometry": {
        "type": "Point",
        "coordinates": [
          -4.0455533,
          51.2049585
        ]
      },
      "id": "node/4907272430"
    },
    {
      "type": "Feature",
      "properties": {
        "@id": "node/4908114673",
        "castle_type": "defensive",
        "historic": "castle",
        "historic:civilization": "medieval",
        "name": "Ystrad Peithyll",
        "website": "http://www.coflein.gov.uk/en/site/303590/details/castell-ystrad-peithyllstradpeithyllrhosgoch-motte",
        "wikidata": "Q8059805",
        "wikipedia": "en:Ystrad Peithyll"
      },
      "geometry": {
        "type": "Point",
        "coordinates": [
          -3.981931,
          52.4232372
        ]
      },
      "id": "node/4908114673"
    },
    {
      "type": "Feature",
      "properties": {
        "@id": "node/5006856735",
        "historic": "castle",
        "name": "Mereworth Castle",
        "wikidata": "Q956090",
        "wikipedia": "en:Mereworth Castle"
      },
      "geometry": {
        "type": "Point",
        "coordinates": [
          0.390256,
          51.2538107
        ]
      },
      "id": "node/5006856735"
    },
    {
      "type": "Feature",
      "properties": {
        "@id": "node/5172625185",
        "historic": "castle",
        "name": "Castle Motte"
      },
      "geometry": {
        "type": "Point",
        "coordinates": [
          -1.8975227,
          54.2574545
        ]
      },
      "id": "node/5172625185"
    },
    {
      "type": "Feature",
      "properties": {
        "@id": "node/5271810964",
        "castle_type": "motte",
        "historic": "castle",
        "historic:civilization": "medieval",
        "name": "Knockin Castle",
        "note": "All that remains of Knockin Castle today is a large tree-covered mound of earth.",
        "ruins": "yes",
        "wikidata": "Q6422872",
        "wikipedia": "en:Knockin Castle"
      },
      "geometry": {
        "type": "Point",
        "coordinates": [
          -2.9881067,
          52.794531
        ]
      },
      "id": "node/5271810964"
    },
    {
      "type": "Feature",
      "properties": {
        "@id": "node/5284089664",
        "historic": "castle",
        "name": "Bewley Castle",
        "ruins": "yes"
      },
      "geometry": {
        "type": "Point",
        "coordinates": [
          -2.5463132,
          54.5844356
        ]
      },
      "id": "node/5284089664"
    },
    {
      "type": "Feature",
      "properties": {
        "@id": "node/5589837421",
        "castle_type": "palace",
        "historic": "castle",
        "name": "Weston Hall"
      },
      "geometry": {
        "type": "Point",
        "coordinates": [
          -2.2878819,
          52.693037
        ]
      },
      "id": "node/5589837421"
    },
    {
      "type": "Feature",
      "properties": {
        "@id": "node/5590671686",
        "historic": "castle",
        "name": "Upton Castle Gardens",
        "website": "https://www.uptoncastle.com"
      },
      "geometry": {
        "type": "Point",
        "coordinates": [
          -4.8663453,
          51.7060352
        ]
      },
      "id": "node/5590671686"
    },
    {
      "type": "Feature",
      "properties": {
        "@id": "node/5658982302",
        "castle_type": "motte",
        "historic": "castle"
      },
      "geometry": {
        "type": "Point",
        "coordinates": [
          -2.511941,
          51.0875728
        ]
      },
      "id": "node/5658982302"
    },
    {
      "type": "Feature",
      "properties": {
        "@id": "node/5664659300",
        "historic": "castle",
        "name": "Red Castle"
      },
      "geometry": {
        "type": "Point",
        "coordinates": [
          -2.6383488,
          52.8610151
        ]
      },
      "id": "node/5664659300"
    },
    {
      "type": "Feature",
      "properties": {
        "@id": "node/5675889897",
        "historic": "castle",
        "name": "Hembury Castle",
        "wheelchair": "no",
        "wikidata": "Q17647594"
      },
      "geometry": {
        "type": "Point",
        "coordinates": [
          -3.7983933,
          50.5017644
        ]
      },
      "id": "node/5675889897"
    },
    {
      "type": "Feature",
      "properties": {
        "@id": "node/5694315663",
        "historic": "castle",
        "name": "Caer Williamsburg"
      },
      "geometry": {
        "type": "Point",
        "coordinates": [
          -4.2998451,
          53.0707927
        ]
      },
      "id": "node/5694315663"
    },
    {
      "type": "Feature",
      "properties": {
        "@id": "node/5737058293",
        "historic": "castle"
      },
      "geometry": {
        "type": "Point",
        "coordinates": [
          -3.1475153,
          52.0849229
        ]
      },
      "id": "node/5737058293"
    },
    {
      "type": "Feature",
      "properties": {
        "@id": "node/5754866643",
        "historic": "castle",
        "name": "Motte Castle Mound"
      },
      "geometry": {
        "type": "Point",
        "coordinates": [
          -2.6002321,
          52.918872
        ]
      },
      "id": "node/5754866643"
    },
    {
      "type": "Feature",
      "properties": {
        "@id": "node/5778984933",
        "castle_type": "defensive",
        "historic": "castle",
        "historic:civilization": "medieval",
        "name": "Hen Blas",
        "name:cy": "Hen Blas",
        "wikidata": "Q24660243"
      },
      "geometry": {
        "type": "Point",
        "coordinates": [
          -3.1682118,
          53.2523409
        ]
      },
      "id": "node/5778984933"
    },
    {
      "type": "Feature",
      "properties": {
        "@id": "node/5810470595",
        "castle_type": "motte",
        "historic": "castle",
        "historic:civilization": "medieval",
        "name": "Prestatyn Castle",
        "wikidata": "Q7241757"
      },
      "geometry": {
        "type": "Point",
        "coordinates": [
          -3.3946171,
          53.338575
        ]
      },
      "id": "node/5810470595"
    },
    {
      "type": "Feature",
      "properties": {
        "@id": "node/5834902485",
        "addr:postcode": "FK15 9LG",
        "historic": "castle",
        "name": "Orchil Castle"
      },
      "geometry": {
        "type": "Point",
        "coordinates": [
          -3.8299241,
          56.2853518
        ]
      },
      "id": "node/5834902485"
    },
    {
      "type": "Feature",
      "properties": {
        "@id": "node/5879159698",
        "historic": "castle",
        "name": "Turret"
      },
      "geometry": {
        "type": "Point",
        "coordinates": [
          -1.2758985,
          54.4502177
        ]
      },
      "id": "node/5879159698"
    },
    {
      "type": "Feature",
      "properties": {
        "@id": "node/5988396902",
        "access": "private",
        "historic": "castle",
        "name": "Upsall Castle",
        "start_date": "2026-01-20",
        "wikidata": "Q7899241",
        "wikipedia": "en:Upsall Castle"
      },
      "geometry": {
        "type": "Point",
        "coordinates": [
          -1.3048189,
          54.2766577
        ]
      },
      "id": "node/5988396902"
    },
    {
      "type": "Feature",
      "properties": {
        "@id": "node/5989551779",
        "historic": "castle",
        "name": "Kirby Knowle Castle",
        "wikidata": "Q24661267"
      },
      "geometry": {
        "type": "Point",
        "coordinates": [
          -1.2964321,
          54.2808299
        ]
      },
      "id": "node/5989551779"
    },
    {
      "type": "Feature",
      "properties": {
        "@id": "node/6015384566",
        "heritage": "yes",
        "historic": "castle",
        "name": "Asloun Castle",
        "ruins": "yes",
        "wikidata": "Q17985630",
        "wikipedia": "en:Asloun Castle"
      },
      "geometry": {
        "type": "Point",
        "coordinates": [
          -2.7587807,
          57.2225607
        ]
      },
      "id": "node/6015384566"
    },
    {
      "type": "Feature",
      "properties": {
        "@id": "node/6015869672",
        "heritage": "yes",
        "historic": "castle",
        "name": "Parbroath Castle",
        "wikidata": "Q15265402",
        "wikipedia": "en:Parbroath Castle"
      },
      "geometry": {
        "type": "Point",
        "coordinates": [
          -3.0992094,
          56.3460163
        ]
      },
      "id": "node/6015869672"
    },
    {
      "type": "Feature",
      "properties": {
        "@id": "node/6016039624",
        "heritage": "yes",
        "historic": "castle",
        "name": "Oldwoodhouselee Castle",
        "ruins": "yes",
        "wikidata": "Q42887816",
        "wikipedia": "en:Oldwoodhouselee Castle"
      },
      "geometry": {
        "type": "Point",
        "coordinates": [
          -3.1875962,
          55.8415998
        ]
      },
      "id": "node/6016039624"
    },
    {
      "type": "Feature",
      "properties": {
        "@id": "node/6018397808",
        "heritage": "yes",
        "historic": "castle",
        "name": "Naughton Castle",
        "ref:canmore": "31773",
        "ruins": "yes",
        "wikidata": "Q17793091"
      },
      "geometry": {
        "type": "Point",
        "coordinates": [
          -3.0169648,
          56.4104767
        ]
      },
      "id": "node/6018397808"
    },
    {
      "type": "Feature",
      "properties": {
        "@id": "node/6019718621",
        "heritage": "yes",
        "historic": "castle",
        "name": "Coroghon Castle",
        "wikidata": "Q56661701"
      },
      "geometry": {
        "type": "Point",
        "coordinates": [
          -6.4886378,
          57.0603142
        ]
      },
      "id": "node/6019718621"
    },
    {
      "type": "Feature",
      "properties": {
        "@id": "node/6023609829",
        "castle_type": "manor",
        "historic": "castle",
        "historic:civilization": "medieval",
        "name": "Boverton Castle",
        "wikidata": "Q39011896"
      },
      "geometry": {
        "type": "Point",
        "coordinates": [
          -3.4641514,
          51.4049564
        ]
      },
      "id": "node/6023609829"
    },
    {
      "type": "Feature",
      "properties": {
        "@id": "node/6050674824",
        "historic": "castle",
        "listed_status": "Grade I",
        "name": "Whorlton Castle",
        "ruins": "yes",
        "wikidata": "Q7997651",
        "wikipedia": "en:Whorlton Castle"
      },
      "geometry": {
        "type": "Point",
        "coordinates": [
          -1.2600054,
          54.4154181
        ]
      },
      "id": "node/6050674824"
    },
    {
      "type": "Feature",
      "properties": {
        "@id": "node/6213894322",
        "historic": "castle",
        "historic:civilization": "medieval",
        "name": "Castell Meredydd",
        "ruins": "yes",
        "wikidata": "Q13126908"
      },
      "geometry": {
        "type": "Point",
        "coordinates": [
          -3.1191957,
          51.5919415
        ]
      },
      "id": "node/6213894322"
    },
    {
      "type": "Feature",
      "properties": {
        "@id": "node/6221551985",
        "historic": "castle",
        "name": "Westenhanger"
      },
      "geometry": {
        "type": "Point",
        "coordinates": [
          1.0343663,
          51.0943671
        ]
      },
      "id": "node/6221551985"
    },
    {
      "type": "Feature",
      "properties": {
        "@id": "node/6341641376",
        "historic": "castle",
        "name": "Coity Castle"
      },
      "geometry": {
        "type": "Point",
        "coordinates": [
          -3.553238,
          51.5220207
        ]
      },
      "id": "node/6341641376"
    },
    {
      "type": "Feature",
      "properties": {
        "@id": "node/6388760985",
        "addr:postcode": "G63 9AJ",
        "historic": "castle",
        "name": "Duntreath Castle",
        "wikidata": "Q17847259"
      },
      "geometry": {
        "type": "Point",
        "coordinates": [
          -4.3487675,
          56.0003369
        ]
      },
      "id": "node/6388760985"
    },
    {
      "type": "Feature",
      "properties": {
        "@id": "node/6463798292",
        "access": "permissive",
        "heritage": "2",
        "heritage:operator": "Historic England",
        "historic": "ruins",
        "historic:civilization": "medieval",
        "inscription": "Norman Castle built between 1067 and 1071, one of the earliest masonry Castles in Britain. Unique 13 sided Keep on top of the Motte and one of the few Castles with two Keeps there being a second \"North Keep\" tower in the main Bailey that was independently",
        "listed_status": "Grade II*",
        "name": "Snodhill Castle",
        "ruins": "castle"
      },
      "geometry": {
        "type": "Point",
        "coordinates": [
          -2.9894613,
          52.0575994
        ]
      },
      "id": "node/6463798292"
    },
    {
      "type": "Feature",
      "properties": {
        "@id": "node/7003358334",
        "description": "Site of castle (no visible remains)",
        "historic": "castle",
        "historic:civilization": "medieval",
        "name": "The Mount",
        "source": "OS_OpenData_StreetView"
      },
      "geometry": {
        "type": "Point",
        "coordinates": [
          -2.5788332,
          53.3923394
        ]
      },
      "id": "node/7003358334"
    },
    {
      "type": "Feature",
      "properties": {
        "@id": "node/7115097851",
        "historic": "castle",
        "name": "Polnoon Castle",
        "ruins": "yes",
        "wikidata": "Q3794162",
        "wikimedia_commons": "Category:Polnoon Castle",
        "wikipedia": "en:Polnoon Castle"
      },
      "geometry": {
        "type": "Point",
        "coordinates": [
          -4.2548753,
          55.7345922
        ]
      },
      "id": "node/7115097851"
    },
    {
      "type": "Feature",
      "properties": {
        "@id": "node/7236258825",
        "historic": "castle",
        "name": "Orchardhill Tower"
      },
      "geometry": {
        "type": "Point",
        "coordinates": [
          -4.2936331,
          55.8003828
        ]
      },
      "id": "node/7236258825"
    },
    {
      "type": "Feature",
      "properties": {
        "@id": "node/7297913710",
        "historic": "castle",
        "name": "Carra Castle",
        "wikidata": "Q2737994",
        "wikipedia": "en:Carra Castle, Antrim"
      },
      "geometry": {
        "type": "Point",
        "coordinates": [
          -6.0414697,
          55.1326222
        ]
      },
      "id": "node/7297913710"
    },
    {
      "type": "Feature",
      "properties": {
        "@id": "node/7297913861",
        "castle_type": "archaeological_site",
        "historic": "castle",
        "name": "Dunaneeny Castle",
        "wikidata": "Q2781833",
        "wikipedia": "en:Dunaneeny Castle"
      },
      "geometry": {
        "type": "Point",
        "coordinates": [
          -6.2506659,
          55.2116906
        ]
      },
      "id": "node/7297913861"
    },
    {
      "type": "Feature",
      "properties": {
        "@id": "node/7447351085",
        "historic": "castle",
        "name": "Castle Duke (historic hill fort)",
        "wikidata": "Q5050065",
        "wikipedia": "en:Castle Dyke"
      },
      "geometry": {
        "type": "Point",
        "coordinates": [
          -3.5249307,
          50.5828163
        ]
      },
      "id": "node/7447351085"
    },
    {
      "type": "Feature",
      "properties": {
        "@id": "node/7539636291",
        "castle_type": "defensive",
        "historic": "castle",
        "historic:civilization": "medieval",
        "name": "Site of Hamilton of Torrance Castle"
      },
      "geometry": {
        "type": "Point",
        "coordinates": [
          -4.1460464,
          55.7525689
        ]
      },
      "id": "node/7539636291"
    },
    {
      "type": "Feature",
      "properties": {
        "@id": "node/7580935170",
        "historic": "castle",
        "name": "Powrie Castle",
        "ruins": "yes",
        "start_date": "~C16",
        "wikidata": "Q7236933"
      },
      "geometry": {
        "type": "Point",
        "coordinates": [
          -2.9416671,
          56.4998109
        ]
      },
      "id": "node/7580935170"
    },
    {
      "type": "Feature",
      "properties": {
        "@id": "node/7757206556",
        "access": "yes",
        "castle_type": "tower",
        "historic": "ruins",
        "name": "Cruggleton Castle (ruined)",
        "ruins": "castle"
      },
      "geometry": {
        "type": "Point",
        "coordinates": [
          -4.3569958,
          54.7574224
        ]
      },
      "id": "node/7757206556"
    },
    {
      "type": "Feature",
      "properties": {
        "@id": "node/7920870362",
        "historic": "castle",
        "name": "Rhayader Castle",
        "wikidata": "Q13126920",
        "wikipedia": "en:Rhayader Castle"
      },
      "geometry": {
        "type": "Point",
        "coordinates": [
          -3.5145431,
          52.3008061
        ]
      },
      "id": "node/7920870362"
    },
    {
      "type": "Feature",
      "properties": {
        "@id": "node/8248636859",
        "historic": "castle",
        "name": "Cumstoun Castle",
        "url": "https://canmore.org.uk/site/64129/cumstoun-castle",
        "wikidata": "Q56661808"
      },
      "geometry": {
        "type": "Point",
        "coordinates": [
          -4.0543964,
          54.8566497
        ]
      },
      "id": "node/8248636859"
    },
    {
      "type": "Feature",
      "properties": {
        "@id": "node/8259484820",
        "access": "yes",
        "historic": "ruins",
        "historic:civilization": "medieval",
        "name": "Ravensneuk Castle",
        "ref:canmore": "51650",
        "ruins": "castle"
      },
      "geometry": {
        "type": "Point",
        "coordinates": [
          -3.2418345,
          55.8181184
        ]
      },
      "id": "node/8259484820"
    },
    {
      "type": "Feature",
      "properties": {
        "@id": "node/8373489152",
        "castle_type": "motte",
        "historic": "castle",
        "historic:civilization": "medieval",
        "name": "Tomen-y-Faerdre"
      },
      "geometry": {
        "type": "Point",
        "coordinates": [
          -3.2063241,
          53.0964803
        ]
      },
      "id": "node/8373489152"
    },
    {
      "type": "Feature",
      "properties": {
        "@id": "node/8440416156",
        "access": "private",
        "historic": "ruins",
        "historic:civilization": "medieval",
        "inscription": "semi-fortified manor house built by the d'Auberville family in 1120 during the reign of Henry I",
        "name": "Old Walmer Court",
        "ruins": "castle"
      },
      "geometry": {
        "type": "Point",
        "coordinates": [
          1.3871572,
          51.2035076
        ]
      },
      "id": "node/8440416156"
    },
    {
      "type": "Feature",
      "properties": {
        "@id": "node/8567815204",
        "historic": "ruins",
        "name": "Glengarnock Castle",
        "ruins": "castle"
      },
      "geometry": {
        "type": "Point",
        "coordinates": [
          -4.6959602,
          55.7799428
        ]
      },
      "id": "node/8567815204"
    },
    {
      "type": "Feature",
      "properties": {
        "@id": "node/8638667329",
        "access": "private",
        "castle_type": "defensive",
        "historic": "castle",
        "historic:civilization": "medieval",
        "name": "East Castle",
        "wikidata": "Q17643156"
      },
      "geometry": {
        "type": "Point",
        "coordinates": [
          -1.958292,
          51.1244075
        ]
      },
      "id": "node/8638667329"
    },
    {
      "type": "Feature",
      "properties": {
        "@id": "node/8731349551",
        "access": "no",
        "historic": "ruins",
        "name": "Bury Castle (Remnants)",
        "ruins": "castle"
      },
      "geometry": {
        "type": "Point",
        "coordinates": [
          -2.2986922,
          53.593873
        ]
      },
      "id": "node/8731349551"
    },
    {
      "type": "Feature",
      "properties": {
        "@id": "node/8783394388",
        "historic": "castle",
        "historic:civilization": "medieval",
        "name": "Driffield Castle",
        "wikidata": "Q5307412",
        "wikipedia": "en:Driffield Castle"
      },
      "geometry": {
        "type": "Point",
        "coordinates": [
          -0.4396535,
          54.0104112
        ]
      },
      "id": "node/8783394388"
    },
    {
      "type": "Feature",
      "properties": {
        "@id": "node/8818124003",
        "historic": "ruins",
        "historic:civilization": "medieval",
        "name": "Dungannon Castle",
        "ruins": "castle",
        "wikidata": "Q20712993",
        "wikipedia": "en:Dungannon Castle"
      },
      "geometry": {
        "type": "Point",
        "coordinates": [
          -6.7675506,
          54.5057334
        ]
      },
      "id": "node/8818124003"
    },
    {
      "type": "Feature",
      "properties": {
        "@id": "node/8824494322",
        "heritage": "yes",
        "heritage:operator": "Historic Environment Scotland",
        "heritage:website": "https://portal.historicenvironment.scot/designation/SM4037",
        "historic": "castle",
        "name": "Eilean Tighe Bhain Castle",
        "ref:GB:hs": "SM4037",
        "ref:canmore": "23471",
        "ruins": "yes",
        "wikidata": "Q56665769"
      },
      "geometry": {
        "type": "Point",
        "coordinates": [
          -5.1705372,
          56.3761377
        ]
      },
      "id": "node/8824494322"
    },
    {
      "type": "Feature",
      "properties": {
        "@id": "node/8828305600",
        "historic": "ruins",
        "name": "Castle Qua (side of)",
        "ruins": "castle"
      },
      "geometry": {
        "type": "Point",
        "coordinates": [
          -3.7927598,
          55.6848473
        ]
      },
      "id": "node/8828305600"
    },
    {
      "type": "Feature",
      "properties": {
        "@id": "node/8935673861",
        "access": "yes",
        "castle_type": "defensive",
        "description": "Cliff castles are coastal promontories adapted as enclosures and fortified on the landward side by the construction of one or more ramparts accompanied by ditches. On the seaward side the precipitous cliffs of the promontory provided a natural defence, on",
        "historic": "castle",
        "historic:civilization": "iron-age",
        "name": "Crane Castle",
        "website": "https://historicengland.org.uk/listing/the-list/list-entry/1004390"
      },
      "geometry": {
        "type": "Point",
        "coordinates": [
          -5.3189313,
          50.2485639
        ]
      },
      "id": "node/8935673861"
    },
    {
      "type": "Feature",
      "properties": {
        "@id": "node/9032027877",
        "access": "yes",
        "historic": "ruins",
        "historic:civilization": "medieval",
        "name": "Shrawardine Castle",
        "ruins": "castle"
      },
      "geometry": {
        "type": "Point",
        "coordinates": [
          -2.8891719,
          52.7327017
        ]
      },
      "id": "node/9032027877"
    },
    {
      "type": "Feature",
      "properties": {
        "@id": "node/9276369335",
        "historic": "castle"
      },
      "geometry": {
        "type": "Point",
        "coordinates": [
          -0.6445495,
          51.6139523
        ]
      },
      "id": "node/9276369335"
    },
    {
      "type": "Feature",
      "properties": {
        "@id": "node/9276369336",
        "historic": "castle"
      },
      "geometry": {
        "type": "Point",
        "coordinates": [
          -0.6453089,
          51.61378
        ]
      },
      "id": "node/9276369336"
    },
    {
      "type": "Feature",
      "properties": {
        "@id": "node/9276369337",
        "historic": "castle"
      },
      "geometry": {
        "type": "Point",
        "coordinates": [
          -0.6452238,
          51.6140171
        ]
      },
      "id": "node/9276369337"
    },
    {
      "type": "Feature",
      "properties": {
        "@id": "node/9392170496",
        "historic": "castle",
        "name": "Innerwick Castle",
        "wikidata": "Q6035740",
        "wikimedia_commons": "Category:Innerwick Castle",
        "wikipedia": "en:Innerwick Castle"
      },
      "geometry": {
        "type": "Point",
        "coordinates": [
          -2.425614,
          55.9555303
        ]
      },
      "id": "node/9392170496"
    },
    {
      "type": "Feature",
      "properties": {
        "@id": "node/9556571760",
        "access": "private",
        "castle_type": "defensive",
        "historic": "castle",
        "historic:civilization": "medieval",
        "name": "Sedgwick Castle"
      },
      "geometry": {
        "type": "Point",
        "coordinates": [
          -0.3184567,
          51.03003
        ]
      },
      "id": "node/9556571760"
    },
    {
      "type": "Feature",
      "properties": {
        "@id": "node/9655413889",
        "historic": "ruins",
        "listed_status": "Grade II",
        "name": "Remains of Plymouth Castle",
        "ruins": "castle",
        "wikidata": "Q17647415"
      },
      "geometry": {
        "type": "Point",
        "coordinates": [
          -4.1344796,
          50.3659263
        ]
      },
      "id": "node/9655413889"
    },
    {
      "type": "Feature",
      "properties": {
        "@id": "node/9704973031",
        "HE_ref": "1012419",
        "access": "no",
        "castle_type": "motte_and_bailey",
        "historic": "castle",
        "listed_status": "scheduled monument",
        "note": "Dodleston Castle",
        "wikidata": "Q17673868"
      },
      "geometry": {
        "type": "Point",
        "coordinates": [
          -2.9560706,
          53.141117
        ]
      },
      "id": "node/9704973031"
    },
    {
      "type": "Feature",
      "properties": {
        "@id": "node/9769878856",
        "access": "yes",
        "castle_type": "motte",
        "historic": "castle",
        "name": "Nevern Castle",
        "name:cy": "Castell Nanhyfer",
        "wikidata": "Q31108153"
      },
      "geometry": {
        "type": "Point",
        "coordinates": [
          -4.7974503,
          52.0266261
        ]
      },
      "id": "node/9769878856"
    },
    {
      "type": "Feature",
      "properties": {
        "@id": "node/9868144549",
        "historic": "castle",
        "name": "Needles Old Battery",
        "operator": "National Trust",
        "tourism": "attraction"
      },
      "geometry": {
        "type": "Point",
        "coordinates": [
          -1.5830076,
          50.6628694
        ]
      },
      "id": "node/9868144549"
    },
    {
      "type": "Feature",
      "properties": {
        "@id": "node/10614819644",
        "access": "yes",
        "castle_type": "castle",
        "historic": "ruins",
        "historic:civilization": "medieval",
        "name": "Sycharth Castle",
        "ruins": "castle"
      },
      "geometry": {
        "type": "Point",
        "coordinates": [
          -3.1809174,
          52.8245508
        ]
      },
      "id": "node/10614819644"
    },
    {
      "type": "Feature",
      "properties": {
        "@id": "node/10669315510",
        "historic": "ruins",
        "ruins": "castle"
      },
      "geometry": {
        "type": "Point",
        "coordinates": [
          -3.1271001,
          52.6050105
        ]
      },
      "id": "node/10669315510"
    },
    {
      "type": "Feature",
      "properties": {
        "@id": "node/10984436670",
        "access": "private",
        "addr:city": "Abergavenny",
        "addr:suburb": "Llanfair Kilgeddin",
        "alt_name": "Llanfair Kilgeddin Castle",
        "castle_type": "motte",
        "historic": "castle",
        "name": "St Mary Yard Mound",
        "wikidata": "Q24659463"
      },
      "geometry": {
        "type": "Point",
        "coordinates": [
          -2.9433952,
          51.757324
        ]
      },
      "id": "node/10984436670"
    },
    {
      "type": "Feature",
      "properties": {
        "@id": "node/11005980168",
        "historic": "castle",
        "name": "Simonburn Castle (Remains)"
      },
      "geometry": {
        "type": "Point",
        "coordinates": [
          -2.216234,
          55.057919
        ]
      },
      "id": "node/11005980168"
    },
    {
      "type": "Feature",
      "properties": {
        "@id": "node/11333035980",
        "historic": "ruins",
        "historic:civilization": "medieval",
        "name": "Llanquian Castle",
        "ruins": "castle",
        "website": "https://coflein.gov.uk/en/site/300449"
      },
      "geometry": {
        "type": "Point",
        "coordinates": [
          -3.4131108,
          51.460506
        ]
      },
      "id": "node/11333035980"
    },
    {
      "type": "Feature",
      "properties": {
        "@id": "node/11341580101",
        "alt_name": "Erddig Castle",
        "alt_name:cy": "Castell Erddig",
        "alt_name:en": "Erddig Castle",
        "castle_type": "castle",
        "historic": "ruins",
        "name": "Erddig Motte",
        "name:cy": "Mwnt Erddig",
        "name:en": "Erddig Motte",
        "ruins": "castle"
      },
      "geometry": {
        "type": "Point",
        "coordinates": [
          -3.0046689,
          53.0305522
        ]
      },
      "id": "node/11341580101"
    },
    {
      "type": "Feature",
      "properties": {
        "@id": "node/11582662404",
        "historic": "ruins",
        "name": "Dallas Castle",
        "ruins": "castle"
      },
      "geometry": {
        "type": "Point",
        "coordinates": [
          -3.4634829,
          57.5586562
        ]
      },
      "id": "node/11582662404"
    },
    {
      "type": "Feature",
      "properties": {
        "@id": "node/11724796201",
        "historic": "ruins",
        "inscription": "Motte castle immediately west of St John the Baptist's Church",
        "name": "South Moreton Castle",
        "ruins": "castle",
        "wikidata": "Q7567985",
        "wikipedia": "en:South Moreton Castle"
      },
      "geometry": {
        "type": "Point",
        "coordinates": [
          -1.1968807,
          51.5882918
        ]
      },
      "id": "node/11724796201"
    },
    {
      "type": "Feature",
      "properties": {
        "@id": "node/11922992290",
        "historic": "castle",
        "name": "Baconsthorpe Castle"
      },
      "geometry": {
        "type": "Point",
        "coordinates": [
          1.1521577,
          52.8991321
        ]
      },
      "id": "node/11922992290"
    },
    {
      "type": "Feature",
      "properties": {
        "@id": "node/11962814221",
        "castle_type": "defensive",
        "historic": "castle",
        "name": "Pembroke Castle"
      },
      "geometry": {
        "type": "Point",
        "coordinates": [
          -4.9199046,
          51.6765173
        ]
      },
      "id": "node/11962814221"
    },
    {
      "type": "Feature",
      "properties": {
        "@id": "node/11964217023",
        "castle_type": "fortress",
        "historic": "castle",
        "name": "Defensible Barracks"
      },
      "geometry": {
        "type": "Point",
        "coordinates": [
          -4.9518762,
          51.6893685
        ]
      },
      "id": "node/11964217023"
    },
    {
      "type": "Feature",
      "properties": {
        "@id": "node/11981068503",
        "historic": "ruins",
        "historic:civilization": "medieval",
        "name": "Talbois Castle",
        "note": "barely any trace left, also known as stamford castle\nhttps://heritage-explorer.lincolnshire.gov.uk/Monument/MLI22358",
        "ruins": "castle"
      },
      "geometry": {
        "type": "Point",
        "coordinates": [
          -0.1500836,
          52.7904956
        ]
      },
      "id": "node/11981068503"
    },
    {
      "type": "Feature",
      "properties": {
        "@id": "node/12009199669",
        "historic": "castle"
      },
      "geometry": {
        "type": "Point",
        "coordinates": [
          -4.3273487,
          56.0583132
        ]
      },
      "id": "node/12009199669"
    },
    {
      "type": "Feature",
      "properties": {
        "@id": "node/12025605669",
        "historic": "castle"
      },
      "geometry": {
        "type": "Point",
        "coordinates": [
          -2.3563067,
          57.1631543
        ]
      },
      "id": "node/12025605669"
    },
    {
      "type": "Feature",
      "properties": {
        "@id": "node/12025605769",
        "historic": "castle"
      },
      "geometry": {
        "type": "Point",
        "coordinates": [
          -2.3564655,
          57.1627986
        ]
      },
      "id": "node/12025605769"
    },
    {
      "type": "Feature",
      "properties": {
        "@id": "node/12042148769",
        "historic": "castle"
      },
      "geometry": {
        "type": "Point",
        "coordinates": [
          -2.5047538,
          57.1982961
        ]
      },
      "id": "node/12042148769"
    },
    {
      "type": "Feature",
      "properties": {
        "@id": "node/12099150662",
        "castle_type": "defensive",
        "historic": "castle"
      },
      "geometry": {
        "type": "Point",
        "coordinates": [
          -2.8580617,
          51.8143912
        ]
      },
      "id": "node/12099150662"
    },
    {
      "type": "Feature",
      "properties": {
        "@id": "node/12380847100",
        "historic": "castle",
        "listed_status": "Scheduled Monument",
        "name": "Knockamillie Castle",
        "ref:GB:hs": "SM4617",
        "ref:canmore": "40749",
        "ruins": "yes",
        "wikidata": "Q56661919"
      },
      "geometry": {
        "type": "Point",
        "coordinates": [
          -4.9567518,
          55.8966147
        ]
      },
      "id": "node/12380847100"
    },
    {
      "type": "Feature",
      "properties": {
        "@id": "node/12643647958",
        "access": "private",
        "castle_type": "manor",
        "historic": "castle",
        "historic:civilization": "medieval",
        "name": "Eccleshall Castle",
        "wikidata": "Q5332222",
        "wikipedia": "en:Eccleshall Castle"
      },
      "geometry": {
        "type": "Point",
        "coordinates": [
          -2.2569759,
          52.8633323
        ]
      },
      "id": "node/12643647958"
    },
    {
      "type": "Feature",
      "properties": {
        "@id": "node/12693573109",
        "historic": "ruins",
        "historic:civilization": "medieval",
        "name": "Kinclaven Castle",
        "ruins": "castle",
        "website": "https://canmore.org.uk/site/28498"
      },
      "geometry": {
        "type": "Point",
        "coordinates": [
          -3.3701994,
          56.5240552
        ]
      },
      "id": "node/12693573109"
    },
    {
      "type": "Feature",
      "properties": {
        "@id": "node/12768338993",
        "castle_type": "castle",
        "historic": "castle",
        "name": "Neath Castle",
        "name:cy": "Castell Nedd",
        "wikidata": "Q6984490"
      },
      "geometry": {
        "type": "Point",
        "coordinates": [
          -3.8035194,
          51.6651122
        ]
      },
      "id": "node/12768338993"
    },
    {
      "type": "Feature",
      "properties": {
        "@id": "node/12919147007",
        "historic": "castle",
        "name": "Craigownie Castle"
      },
      "geometry": {
        "type": "Point",
        "coordinates": [
          -4.8514449,
          55.9912287
        ]
      },
      "id": "node/12919147007"
    },
    {
      "type": "Feature",
      "properties": {
        "@id": "node/13022434101",
        "castle_type": "defensive",
        "historic": "castle",
        "historic:civilization": "medieval",
        "name": "Llowes Castle Tump",
        "website": "https://www.gatehouse-gazetteer.info/Welshsites/887.html",
        "wikidata": "Q24659809"
      },
      "geometry": {
        "type": "Point",
        "coordinates": [
          -3.1814438,
          52.058754
        ]
      },
      "id": "node/13022434101"
    },
    {
      "type": "Feature",
      "properties": {
        "@id": "node/13022459644",
        "access": "private",
        "alt_name": "Llanigon castle",
        "castle_type": "defensive",
        "historic": "castle",
        "historic:civilization": "medieval",
        "name": "Llanthomas Castle Mound",
        "website": "https://www.gatehouse-gazetteer.info/Welshsites/64.html",
        "wikidata": "Q20594302",
        "wikipedia": "en:Llanthomas Castle Mound"
      },
      "geometry": {
        "type": "Point",
        "coordinates": [
          -3.1547191,
          52.0560116
        ]
      },
      "id": "node/13022459644"
    },
    {
      "type": "Feature",
      "properties": {
        "@id": "node/13050594666",
        "historic": "castle",
        "name": "Sandringham Estate Visitors' entrance",
        "website": "https://sandringhamestate.co.uk"
      },
      "geometry": {
        "type": "Point",
        "coordinates": [
          0.5085554,
          52.8295126
        ]
      },
      "id": "node/13050594666"
    },
    {
      "type": "Feature",
      "properties": {
        "@id": "node/13075750607",
        "historic": "castle"
      },
      "geometry": {
        "type": "Point",
        "coordinates": [
          -3.9201343,
          52.4193169
        ]
      },
      "id": "node/13075750607"
    },
    {
      "type": "Feature",
      "properties": {
        "@id": "node/13075884064",
        "historic": "castle",
        "name": "Penycastell"
      },
      "geometry": {
        "type": "Point",
        "coordinates": [
          -3.9612767,
          52.2893611
        ]
      },
      "id": "node/13075884064"
    },
    {
      "type": "Feature",
      "properties": {
        "@id": "node/13075890396",
        "historic": "castle",
        "name": "Castell-y-garn"
      },
      "geometry": {
        "type": "Point",
        "coordinates": [
          -3.4412929,
          52.3518106
        ]
      },
      "id": "node/13075890396"
    },
    {
      "type": "Feature",
      "properties": {
        "@id": "node/13142826157",
        "access": "unknown",
        "historic": "ruins",
        "historic:civilization": "medieval",
        "name": "Stapleford Castle",
        "ruins": "castle"
      },
      "geometry": {
        "type": "Point",
        "coordinates": [
          -1.9034759,
          51.1398015
        ]
      },
      "id": "node/13142826157"
    },
    {
      "type": "Feature",
      "properties": {
        "@id": "node/13268625621",
        "historic": "ruins",
        "name": "Castell Cadwgan",
        "name:cy": "Castell Cadwgan",
        "ruins": "castle",
        "ruins:historic": "castle"
      },
      "geometry": {
        "type": "Point",
        "coordinates": [
          -4.2534337,
          52.2474014
        ]
      },
      "id": "node/13268625621"
    },
    {
      "type": "Feature",
      "properties": {
        "@id": "node/13277546752",
        "access": "yes",
        "demolished:building": "yes",
        "historic": "castle",
        "name": "Glen Parva Moat"
      },
      "geometry": {
        "type": "Point",
        "coordinates": [
          -1.1518341,
          52.5776208
        ]
      },
      "id": "node/13277546752"
    },
    {
      "type": "Feature",
      "properties": {
        "@id": "node/13436038697",
        "castle_type": "tower_house",
        "historic": "castle",
        "name": "Hawkshaw Castle",
        "ref:canmore": "48524"
      },
      "geometry": {
        "type": "Point",
        "coordinates": [
          -3.4563359,
          55.4683154
        ]
      },
      "id": "node/13436038697"
    },
    {
      "type": "Feature",
      "properties": {
        "@id": "node/13619126758",
        "historic": "ruins",
        "name": "Coull Castle Ruins",
        "ruins": "castle"
      },
      "geometry": {
        "type": "Point",
        "coordinates": [
          -2.806257,
          57.108672
        ]
      },
      "id": "node/13619126758"
    },
    {
      "type": "Feature",
      "properties": {
        "@id": "node/13641152825",
        "castle_type": "fortification",
        "historic": "castle",
        "name": "Castle of Burwick - promontory fort (ruins)"
      },
      "geometry": {
        "type": "Point",
        "coordinates": [
          -2.9777055,
          58.7421969
        ]
      },
      "id": "node/13641152825"
    }
  ]
}